2026/05/27 15:00:36.678596 /Users/noelorin/GOSpeak/packages/server/internal/handler/signal_handler.go:144: [Webhook] received event: participant_joined
2026/05/27 23:03:34.916406 /Users/noelorin/GOSpeak/packages/server/internal/handler/signal_handler.go:144: [Webhook] received event: participant_joined
2026/05/27 23:03:34.918411 /Users/noelorin/GOSpeak/packages/server/internal/handler/signal_handler.go:144: [Webhook] received event: track_published
2026/05/27 23:03:34.919063 /Users/noelorin/GOSpeak/packages/server/internal/handler/signal_handler.go:144: [Webhook] received event: 
2026/05/27 23:07:04.898014 /Users/noelorin/GOSpeak/packages/server/internal/handler/signal_handler.go:144: [Webhook] received event: participant_joined
2026/05/27 23:07:04.899965 /Users/noelorin/GOSpeak/packages/server/internal/handler/signal_handler.go:144: [Webhook] received event: track_published
2026/05/27 23:07:04.901367 /Users/noelorin/GOSpeak/packages/server/internal/handler/signal_handler.go:144: [Webhook] received event: 
2026/05/27 23:44:34.968605 /Users/noelorin/go/pkg/mod/github.com/googollee/go-socket.io@v1.7.0/engineio/server.go:160: init new session: write: timeout
2026/05/27 23:53:56.610537 /Users/noelorin/GOSpeak/packages/server/internal/handler/signal_handler.go:144: [Webhook] received event: participant_joined
2026/05/27 23:53:56.612680 /Users/noelorin/GOSpeak/packages/server/internal/handler/signal_handler.go:144: [Webhook] received event: track_published
2026/05/27 23:53:56.613407 /Users/noelorin/GOSpeak/packages/server/internal/handler/signal_handler.go:144: [Webhook] received event: 
2026/05/28 00:10:00.652622 /Users/noelorin/GOSpeak/packages/server/internal/signal/hub.go:65: [Signal] client connected: 1
2026/05/28 00:10:00.655461 /Users/noelorin/GOSpeak/packages/server/internal/signal/hub.go:65: [Signal] client connected: 1
2026/05/28 00:10:00.656716 /Users/noelorin/GOSpeak/packages/server/internal/signal/hub.go:85: [Signal] client disconnected: 1, reason: client namespace disconnect
2026/05/28 00:10:01.253326 /Users/noelorin/GOSpeak/packages/server/internal/signal/hub.go:65: [Signal] client connected: 2
2026/05/28 00:10:01.254629 /Users/noelorin/GOSpeak/packages/server/internal/signal/hub.go:65: [Signal] client connected: 2
2026/05/28 00:10:01.255285 /Users/noelorin/GOSpeak/packages/server/internal/signal/hub.go:85: [Signal] client disconnected: 2, reason: client namespace disconnect
2026/05/28 00:10:02.249348 /Users/noelorin/GOSpeak/packages/server/internal/signal/hub.go:65: [Signal] client connected: 3
2026/05/28 00:10:02.252399 /Users/noelorin/GOSpeak/packages/server/internal/signal/hub.go:65: [Signal] client connected: 3
2026/05/28 00:10:02.253018 /Users/noelorin/GOSpeak/packages/server/internal/signal/hub.go:85: [Signal] client disconnected: 3, reason: client namespace disconnect
2026/05/28 00:10:03.546720 /Users/noelorin/GOSpeak/packages/server/internal/signal/hub.go:65: [Signal] client connected: 4
2026/05/28 00:10:03.547905 /Users/noelorin/GOSpeak/packages/server/internal/signal/hub.go:65: [Signal] client connected: 4
2026/05/28 00:10:03.549383 /Users/noelorin/GOSpeak/packages/server/internal/signal/hub.go:85: [Signal] client disconnected: 4, reason: client namespace disconnect
2026/05/28 00:10:04.504857 /Users/noelorin/GOSpeak/packages/server/internal/signal/hub.go:65: [Signal] client connected: 5
2026/05/28 00:10:04.506396 /Users/noelorin/GOSpeak/packages/server/internal/signal/hub.go:65: [Signal] client connected: 5
2026/05/28 00:10:04.507235 /Users/noelorin/GOSpeak/packages/server/internal/signal/hub.go:85: [Signal] client disconnected: 5, reason: client namespace disconnect
2026/05/28 00:10:05.992259 /Users/noelorin/GOSpeak/packages/server/internal/signal/hub.go:65: [Signal] client connected: 6
2026/05/28 00:10:05.994392 /Users/noelorin/GOSpeak/packages/server/internal/signal/hub.go:65: [Signal] client connected: 6
2026/05/28 00:10:05.995106 /Users/noelorin/GOSpeak/packages/server/internal/signal/hub.go:85: [Signal] client disconnected: 6, reason: client namespace disconnect
2026/05/28 00:10:06.560343 /Users/noelorin/GOSpeak/packages/server/internal/signal/hub.go:65: [Signal] client connected: 7
2026/05/28 00:10:06.562038 /Users/noelorin/GOSpeak/packages/server/internal/signal/hub.go:65: [Signal] client connected: 7
2026/05/28 00:10:06.562490 /Users/noelorin/GOSpeak/packages/server/internal/signal/hub.go:85: [Signal] client disconnected: 7, reason: client namespace disconnect
2026/05/28 00:10:07.155473 /Users/noelorin/GOSpeak/packages/server/internal/signal/hub.go:65: [Signal] client connected: 8
2026/05/28 00:10:07.157362 /Users/noelorin/GOSpeak/packages/server/internal/signal/hub.go:65: [Signal] client connected: 8
2026/05/28 00:10:07.158085 /Users/noelorin/GOSpeak/packages/server/internal/signal/hub.go:85: [Signal] client disconnected: 8, reason: client namespace disconnect
2026/05/28 00:10:08.661175 /Users/noelorin/GOSpeak/packages/server/internal/signal/hub.go:65: [Signal] client connected: 9
2026/05/28 00:10:08.663812 /Users/noelorin/GOSpeak/packages/server/internal/signal/hub.go:65: [Signal] client connected: 9
2026/05/28 00:10:08.665020 /Users/noelorin/GOSpeak/packages/server/internal/signal/hub.go:85: [Signal] client disconnected: 9, reason: client namespace disconnect
2026/05/28 00:10:09.867811 /Users/noelorin/GOSpeak/packages/server/internal/signal/hub.go:65: [Signal] client connected: a
2026/05/28 00:10:09.869440 /Users/noelorin/GOSpeak/packages/server/internal/signal/hub.go:65: [Signal] client connected: a
2026/05/28 00:10:09.870038 /Users/noelorin/GOSpeak/packages/server/internal/signal/hub.go:85: [Signal] client disconnected: a, reason: client namespace disconnect
2026/05/28 00:10:10.957201 /Users/noelorin/GOSpeak/packages/server/internal/signal/hub.go:65: [Signal] client connected: b
2026/05/28 00:10:10.958765 /Users/noelorin/GOSpeak/packages/server/internal/signal/hub.go:65: [Signal] client connected: b
2026/05/28 00:10:10.959454 /Users/noelorin/GOSpeak/packages/server/internal/signal/hub.go:85: [Signal] client disconnected: b, reason: client namespace disconnect
2026/05/28 00:10:11.546242 /Users/noelorin/GOSpeak/packages/server/internal/signal/hub.go:65: [Signal] client connected: c
2026/05/28 00:10:11.547642 /Users/noelorin/GOSpeak/packages/server/internal/signal/hub.go:65: [Signal] client connected: c
2026/05/28 00:10:11.549081 /Users/noelorin/GOSpeak/packages/server/internal/signal/hub.go:85: [Signal] client disconnected: c, reason: client namespace disconnect
2026/05/28 00:10:12.533259 /Users/noelorin/GOSpeak/packages/server/internal/signal/hub.go:65: [Signal] client connected: d
2026/05/28 00:10:12.535443 /Users/noelorin/GOSpeak/packages/server/internal/signal/hub.go:65: [Signal] client connected: d
2026/05/28 00:10:12.535941 /Users/noelorin/GOSpeak/packages/server/internal/signal/hub.go:85: [Signal] client disconnected: d, reason: client namespace disconnect
2026/05/28 00:10:13.508197 /Users/noelorin/GOSpeak/packages/server/internal/signal/hub.go:65: [Signal] client connected: e
2026/05/28 00:10:13.510495 /Users/noelorin/GOSpeak/packages/server/internal/signal/hub.go:65: [Signal] client connected: e
2026/05/28 00:10:13.511324 /Users/noelorin/GOSpeak/packages/server/internal/signal/hub.go:85: [Signal] client disconnected: e, reason: client namespace disconnect
2026/05/28 00:10:14.610244 /Users/noelorin/GOSpeak/packages/server/internal/signal/hub.go:65: [Signal] client connected: f
2026/05/28 00:10:14.612087 /Users/noelorin/GOSpeak/packages/server/internal/signal/hub.go:65: [Signal] client connected: f
2026/05/28 00:10:14.613120 /Users/noelorin/GOSpeak/packages/server/internal/signal/hub.go:85: [Signal] client disconnected: f, reason: client namespace disconnect
2026/05/28 00:10:16.093352 /Users/noelorin/GOSpeak/packages/server/internal/signal/hub.go:65: [Signal] client connected: g
2026/05/28 00:10:16.096112 /Users/noelorin/GOSpeak/packages/server/internal/signal/hub.go:65: [Signal] client connected: g
2026/05/28 00:10:16.097280 /Users/noelorin/GOSpeak/packages/server/internal/signal/hub.go:85: [Signal] client disconnected: g, reason: client namespace disconnect
2026/05/28 00:10:17.258429 /Users/noelorin/GOSpeak/packages/server/internal/signal/hub.go:65: [Signal] client connected: h
2026/05/28 00:10:17.260410 /Users/noelorin/GOSpeak/packages/server/internal/signal/hub.go:65: [Signal] client connected: h
2026/05/28 00:10:17.261178 /Users/noelorin/GOSpeak/packages/server/internal/signal/hub.go:85: [Signal] client disconnected: h, reason: client namespace disconnect
2026/05/28 00:10:17.931975 /Users/noelorin/GOSpeak/packages/server/internal/signal/hub.go:65: [Signal] client connected: i
2026/05/28 00:10:17.934586 /Users/noelorin/GOSpeak/packages/server/internal/signal/hub.go:65: [Signal] client connected: i
2026/05/28 00:10:17.935289 /Users/noelorin/GOSpeak/packages/server/internal/signal/hub.go:85: [Signal] client disconnected: i, reason: client namespace disconnect
2026/05/28 00:10:18.792995 /Users/noelorin/GOSpeak/packages/server/internal/signal/hub.go:65: [Signal] client connected: j
2026/05/28 00:10:18.795268 /Users/noelorin/GOSpeak/packages/server/internal/signal/hub.go:65: [Signal] client connected: j
2026/05/28 00:10:18.796092 /Users/noelorin/GOSpeak/packages/server/internal/signal/hub.go:85: [Signal] client disconnected: j, reason: client namespace disconnect
2026/05/28 00:10:21.474740 /Users/noelorin/GOSpeak/packages/server/internal/signal/hub.go:65: [Signal] client connected: k
2026/05/28 00:10:21.520468 /Users/noelorin/GOSpeak/packages/server/internal/signal/hub.go:85: [Signal] client disconnected: k, reason: client namespace disconnect
2026/05/28 00:10:21.521746 /Users/noelorin/GOSpeak/packages/server/internal/signal/hub.go:65: [Signal] client connected: l
2026/05/28 00:10:21.545456 /Users/noelorin/GOSpeak/packages/server/internal/signal/hub.go:65: [Signal] client connected: l
2026/05/28 00:10:21.606212 /Users/noelorin/GOSpeak/packages/server/internal/signal/hub.go:85: [Signal] client disconnected: l, reason: client namespace disconnect
2026/05/28 00:10:22.712214 /Users/noelorin/GOSpeak/packages/server/internal/signal/hub.go:65: [Signal] client connected: m
2026/05/28 00:10:22.713988 /Users/noelorin/GOSpeak/packages/server/internal/signal/hub.go:65: [Signal] client connected: m
2026/05/28 00:10:22.714611 /Users/noelorin/GOSpeak/packages/server/internal/signal/hub.go:85: [Signal] client disconnected: m, reason: client namespace disconnect
2026/05/28 00:10:23.776692 /Users/noelorin/GOSpeak/packages/server/internal/signal/hub.go:65: [Signal] client connected: n
2026/05/28 00:10:23.778889 /Users/noelorin/GOSpeak/packages/server/internal/signal/hub.go:65: [Signal] client connected: n
2026/05/28 00:10:23.780279 /Users/noelorin/GOSpeak/packages/server/internal/signal/hub.go:85: [Signal] client disconnected: n, reason: client namespace disconnect
2026/05/28 00:10:25.081476 /Users/noelorin/GOSpeak/packages/server/internal/signal/hub.go:65: [Signal] client connected: o
2026/05/28 00:10:25.083599 /Users/noelorin/GOSpeak/packages/server/internal/signal/hub.go:65: [Signal] client connected: o
2026/05/28 00:10:25.084804 /Users/noelorin/GOSpeak/packages/server/internal/signal/hub.go:85: [Signal] client disconnected: o, reason: client namespace disconnect
2026/05/28 00:10:26.559663 /Users/noelorin/GOSpeak/packages/server/internal/signal/hub.go:65: [Signal] client connected: p
2026/05/28 00:10:26.561899 /Users/noelorin/GOSpeak/packages/server/internal/signal/hub.go:65: [Signal] client connected: p
2026/05/28 00:10:26.562807 /Users/noelorin/GOSpeak/packages/server/internal/signal/hub.go:85: [Signal] client disconnected: p, reason: client namespace disconnect
2026/05/28 00:10:27.343260 /Users/noelorin/GOSpeak/packages/server/internal/signal/hub.go:65: [Signal] client connected: q
2026/05/28 00:10:27.344336 /Users/noelorin/GOSpeak/packages/server/internal/signal/hub.go:65: [Signal] client connected: q
2026/05/28 00:10:27.345005 /Users/noelorin/GOSpeak/packages/server/internal/signal/hub.go:85: [Signal] client disconnected: q, reason: client namespace disconnect
2026/05/28 00:10:28.215436 /Users/noelorin/GOSpeak/packages/server/internal/signal/hub.go:65: [Signal] client connected: r
2026/05/28 00:10:28.218029 /Users/noelorin/GOSpeak/packages/server/internal/signal/hub.go:65: [Signal] client connected: r
2026/05/28 00:10:28.218541 /Users/noelorin/GOSpeak/packages/server/internal/signal/hub.go:85: [Signal] client disconnected: r, reason: client namespace disconnect
2026/05/28 00:10:28.807803 /Users/noelorin/GOSpeak/packages/server/internal/signal/hub.go:65: [Signal] client connected: s
2026/05/28 00:10:28.808794 /Users/noelorin/GOSpeak/packages/server/internal/signal/hub.go:65: [Signal] client connected: s
2026/05/28 00:10:28.809502 /Users/noelorin/GOSpeak/packages/server/internal/signal/hub.go:85: [Signal] client disconnected: s, reason: client namespace disconnect
2026/05/28 00:10:30.081949 /Users/noelorin/GOSpeak/packages/server/internal/signal/hub.go:65: [Signal] client connected: t
2026/05/28 00:10:30.085231 /Users/noelorin/GOSpeak/packages/server/internal/signal/hub.go:65: [Signal] client connected: t
2026/05/28 00:10:30.085814 /Users/noelorin/GOSpeak/packages/server/internal/signal/hub.go:85: [Signal] client disconnected: t, reason: client namespace disconnect
2026/05/28 00:10:30.759623 /Users/noelorin/GOSpeak/packages/server/internal/signal/hub.go:65: [Signal] client connected: u
2026/05/28 00:10:30.761236 /Users/noelorin/GOSpeak/packages/server/internal/signal/hub.go:65: [Signal] client connected: u
2026/05/28 00:10:30.761820 /Users/noelorin/GOSpeak/packages/server/internal/signal/hub.go:85: [Signal] client disconnected: u, reason: client namespace disconnect
2026/05/28 00:10:31.930969 /Users/noelorin/GOSpeak/packages/server/internal/signal/hub.go:65: [Signal] client connected: v
2026/05/28 00:10:31.933357 /Users/noelorin/GOSpeak/packages/server/internal/signal/hub.go:65: [Signal] client connected: v
2026/05/28 00:10:31.933932 /Users/noelorin/GOSpeak/packages/server/internal/signal/hub.go:85: [Signal] client disconnected: v, reason: client namespace disconnect
2026/05/28 00:10:32.530460 /Users/noelorin/GOSpeak/packages/server/internal/signal/hub.go:65: [Signal] client connected: w
2026/05/28 00:10:32.534016 /Users/noelorin/GOSpeak/packages/server/internal/signal/hub.go:65: [Signal] client connected: w
2026/05/28 00:10:32.534347 /Users/noelorin/GOSpeak/packages/server/internal/signal/hub.go:85: [Signal] client disconnected: w, reason: client namespace disconnect
2026/05/28 00:10:33.935701 /Users/noelorin/GOSpeak/packages/server/internal/signal/hub.go:65: [Signal] client connected: x
2026/05/28 00:10:33.937283 /Users/noelorin/GOSpeak/packages/server/internal/signal/hub.go:65: [Signal] client connected: x
2026/05/28 00:10:33.937614 /Users/noelorin/GOSpeak/packages/server/internal/signal/hub.go:85: [Signal] client disconnected: x, reason: client namespace disconnect
2026/05/28 00:10:35.204529 /Users/noelorin/GOSpeak/packages/server/internal/signal/hub.go:65: [Signal] client connected: y
2026/05/28 00:10:35.206087 /Users/noelorin/GOSpeak/packages/server/internal/signal/hub.go:65: [Signal] client connected: y
2026/05/28 00:10:35.206539 /Users/noelorin/GOSpeak/packages/server/internal/signal/hub.go:85: [Signal] client disconnected: y, reason: client namespace disconnect
2026/05/28 00:10:36.468360 /Users/noelorin/GOSpeak/packages/server/internal/signal/hub.go:65: [Signal] client connected: z
2026/05/28 00:10:36.473029 /Users/noelorin/GOSpeak/packages/server/internal/signal/hub.go:65: [Signal] client connected: z
2026/05/28 00:10:36.473420 /Users/noelorin/GOSpeak/packages/server/internal/signal/hub.go:85: [Signal] client disconnected: z, reason: client namespace disconnect
2026/05/28 00:10:37.767172 /Users/noelorin/GOSpeak/packages/server/internal/signal/hub.go:65: [Signal] client connected: 10
2026/05/28 00:10:37.768768 /Users/noelorin/GOSpeak/packages/server/internal/signal/hub.go:65: [Signal] client connected: 10
2026/05/28 00:10:37.769140 /Users/noelorin/GOSpeak/packages/server/internal/signal/hub.go:85: [Signal] client disconnected: 10, reason: client namespace disconnect
2026/05/28 00:10:38.437711 /Users/noelorin/GOSpeak/packages/server/internal/signal/hub.go:65: [Signal] client connected: 11
2026/05/28 00:10:38.439619 /Users/noelorin/GOSpeak/packages/server/internal/signal/hub.go:65: [Signal] client connected: 11
2026/05/28 00:10:38.440114 /Users/noelorin/GOSpeak/packages/server/internal/signal/hub.go:85: [Signal] client disconnected: 11, reason: client namespace disconnect
2026/05/28 00:10:39.422425 /Users/noelorin/GOSpeak/packages/server/internal/signal/hub.go:65: [Signal] client connected: 12
2026/05/28 00:10:39.424250 /Users/noelorin/GOSpeak/packages/server/internal/signal/hub.go:65: [Signal] client connected: 12
2026/05/28 00:10:39.424750 /Users/noelorin/GOSpeak/packages/server/internal/signal/hub.go:85: [Signal] client disconnected: 12, reason: client namespace disconnect
2026/05/28 00:10:40.881951 /Users/noelorin/GOSpeak/packages/server/internal/signal/hub.go:65: [Signal] client connected: 13
2026/05/28 00:10:40.883500 /Users/noelorin/GOSpeak/packages/server/internal/signal/hub.go:65: [Signal] client connected: 13
2026/05/28 00:10:40.883917 /Users/noelorin/GOSpeak/packages/server/internal/signal/hub.go:85: [Signal] client disconnected: 13, reason: client namespace disconnect
2026/05/28 00:10:42.171535 /Users/noelorin/GOSpeak/packages/server/internal/signal/hub.go:65: [Signal] client connected: 14
2026/05/28 00:10:42.173104 /Users/noelorin/GOSpeak/packages/server/internal/signal/hub.go:65: [Signal] client connected: 14
2026/05/28 00:10:42.173463 /Users/noelorin/GOSpeak/packages/server/internal/signal/hub.go:85: [Signal] client disconnected: 14, reason: client namespace disconnect
2026/05/28 00:10:42.939816 /Users/noelorin/GOSpeak/packages/server/internal/signal/hub.go:65: [Signal] client connected: 15
2026/05/28 00:10:42.941930 /Users/noelorin/GOSpeak/packages/server/internal/signal/hub.go:65: [Signal] client connected: 15
2026/05/28 00:10:42.942430 /Users/noelorin/GOSpeak/packages/server/internal/signal/hub.go:85: [Signal] client disconnected: 15, reason: client namespace disconnect
2026/05/28 00:10:43.817922 /Users/noelorin/GOSpeak/packages/server/internal/signal/hub.go:65: [Signal] client connected: 16
2026/05/28 00:10:43.819873 /Users/noelorin/GOSpeak/packages/server/internal/signal/hub.go:65: [Signal] client connected: 16
2026/05/28 00:10:43.820392 /Users/noelorin/GOSpeak/packages/server/internal/signal/hub.go:85: [Signal] client disconnected: 16, reason: client namespace disconnect
2026/05/28 00:10:45.096200 /Users/noelorin/GOSpeak/packages/server/internal/signal/hub.go:65: [Signal] client connected: 17
2026/05/28 00:10:45.099696 /Users/noelorin/GOSpeak/packages/server/internal/signal/hub.go:65: [Signal] client connected: 17
2026/05/28 00:10:45.100032 /Users/noelorin/GOSpeak/packages/server/internal/signal/hub.go:85: [Signal] client disconnected: 17, reason: client namespace disconnect
2026/05/28 00:10:45.886224 /Users/noelorin/GOSpeak/packages/server/internal/signal/hub.go:65: [Signal] client connected: 18
2026/05/28 00:10:45.887844 /Users/noelorin/GOSpeak/packages/server/internal/signal/hub.go:65: [Signal] client connected: 18
2026/05/28 00:10:45.888170 /Users/noelorin/GOSpeak/packages/server/internal/signal/hub.go:85: [Signal] client disconnected: 18, reason: client namespace disconnect
2026/05/28 00:10:47.253558 /Users/noelorin/GOSpeak/packages/server/internal/signal/hub.go:65: [Signal] client connected: 19
2026/05/28 00:10:47.255028 /Users/noelorin/GOSpeak/packages/server/internal/signal/hub.go:65: [Signal] client connected: 19
2026/05/28 00:10:47.255432 /Users/noelorin/GOSpeak/packages/server/internal/signal/hub.go:85: [Signal] client disconnected: 19, reason: client namespace disconnect
2026/05/28 00:10:48.660866 /Users/noelorin/GOSpeak/packages/server/internal/signal/hub.go:65: [Signal] client connected: 1a
2026/05/28 00:10:48.663030 /Users/noelorin/GOSpeak/packages/server/internal/signal/hub.go:65: [Signal] client connected: 1a
2026/05/28 00:10:48.663524 /Users/noelorin/GOSpeak/packages/server/internal/signal/hub.go:85: [Signal] client disconnected: 1a, reason: client namespace disconnect
2026/05/28 00:10:49.457115 /Users/noelorin/GOSpeak/packages/server/internal/signal/hub.go:65: [Signal] client connected: 1b
2026/05/28 00:10:49.482930 /Users/noelorin/GOSpeak/packages/server/internal/signal/hub.go:65: [Signal] client connected: 1b
2026/05/28 00:10:49.483378 /Users/noelorin/GOSpeak/packages/server/internal/signal/hub.go:85: [Signal] client disconnected: 1b, reason: client namespace disconnect
2026/05/28 00:10:50.480357 /Users/noelorin/GOSpeak/packages/server/internal/signal/hub.go:65: [Signal] client connected: 1c
2026/05/28 00:10:50.484010 /Users/noelorin/GOSpeak/packages/server/internal/signal/hub.go:65: [Signal] client connected: 1c
2026/05/28 00:10:50.484432 /Users/noelorin/GOSpeak/packages/server/internal/signal/hub.go:85: [Signal] client disconnected: 1c, reason: client namespace disconnect
2026/05/28 00:10:51.352618 /Users/noelorin/GOSpeak/packages/server/internal/signal/hub.go:65: [Signal] client connected: 1d
2026/05/28 00:10:51.354041 /Users/noelorin/GOSpeak/packages/server/internal/signal/hub.go:65: [Signal] client connected: 1d
2026/05/28 00:10:51.354451 /Users/noelorin/GOSpeak/packages/server/internal/signal/hub.go:85: [Signal] client disconnected: 1d, reason: client namespace disconnect
2026/05/28 00:10:52.816356 /Users/noelorin/GOSpeak/packages/server/internal/signal/hub.go:65: [Signal] client connected: 1e
2026/05/28 00:10:52.818149 /Users/noelorin/GOSpeak/packages/server/internal/signal/hub.go:65: [Signal] client connected: 1e
2026/05/28 00:10:52.818757 /Users/noelorin/GOSpeak/packages/server/internal/signal/hub.go:85: [Signal] client disconnected: 1e, reason: client namespace disconnect
2026/05/28 00:10:53.612650 /Users/noelorin/GOSpeak/packages/server/internal/signal/hub.go:65: [Signal] client connected: 1f
2026/05/28 00:10:53.614157 /Users/noelorin/GOSpeak/packages/server/internal/signal/hub.go:65: [Signal] client connected: 1f
2026/05/28 00:10:53.615223 /Users/noelorin/GOSpeak/packages/server/internal/signal/hub.go:85: [Signal] client disconnected: 1f, reason: client namespace disconnect
2026/05/28 00:10:54.283510 /Users/noelorin/GOSpeak/packages/server/internal/signal/hub.go:65: [Signal] client connected: 1g
2026/05/28 00:10:54.284501 /Users/noelorin/GOSpeak/packages/server/internal/signal/hub.go:65: [Signal] client connected: 1g
2026/05/28 00:10:54.284871 /Users/noelorin/GOSpeak/packages/server/internal/signal/hub.go:85: [Signal] client disconnected: 1g, reason: client namespace disconnect
2026/05/28 00:10:55.548245 /Users/noelorin/GOSpeak/packages/server/internal/signal/hub.go:65: [Signal] client connected: 1h
2026/05/28 00:10:55.551093 /Users/noelorin/GOSpeak/packages/server/internal/signal/hub.go:65: [Signal] client connected: 1h
2026/05/28 00:10:55.551448 /Users/noelorin/GOSpeak/packages/server/internal/signal/hub.go:85: [Signal] client disconnected: 1h, reason: client namespace disconnect
2026/05/28 00:10:56.225423 /Users/noelorin/GOSpeak/packages/server/internal/signal/hub.go:65: [Signal] client connected: 1i
2026/05/28 00:10:56.227269 /Users/noelorin/GOSpeak/packages/server/internal/signal/hub.go:65: [Signal] client connected: 1i
2026/05/28 00:10:56.228022 /Users/noelorin/GOSpeak/packages/server/internal/signal/hub.go:85: [Signal] client disconnected: 1i, reason: client namespace disconnect
2026/05/28 00:10:56.919086 /Users/noelorin/GOSpeak/packages/server/internal/signal/hub.go:65: [Signal] client connected: 1j
2026/05/28 00:10:56.920923 /Users/noelorin/GOSpeak/packages/server/internal/signal/hub.go:65: [Signal] client connected: 1j
2026/05/28 00:10:56.921378 /Users/noelorin/GOSpeak/packages/server/internal/signal/hub.go:85: [Signal] client disconnected: 1j, reason: client namespace disconnect
2026/05/28 00:10:57.819939 /Users/noelorin/GOSpeak/packages/server/internal/signal/hub.go:65: [Signal] client connected: 1k
2026/05/28 00:10:57.821412 /Users/noelorin/GOSpeak/packages/server/internal/signal/hub.go:65: [Signal] client connected: 1k
2026/05/28 00:10:57.822005 /Users/noelorin/GOSpeak/packages/server/internal/signal/hub.go:85: [Signal] client disconnected: 1k, reason: client namespace disconnect
2026/05/28 00:10:58.502792 /Users/noelorin/GOSpeak/packages/server/internal/signal/hub.go:65: [Signal] client connected: 1l
2026/05/28 00:10:58.504235 /Users/noelorin/GOSpeak/packages/server/internal/signal/hub.go:65: [Signal] client connected: 1l
2026/05/28 00:10:58.504679 /Users/noelorin/GOSpeak/packages/server/internal/signal/hub.go:85: [Signal] client disconnected: 1l, reason: client namespace disconnect
2026/05/28 00:10:59.788403 /Users/noelorin/GOSpeak/packages/server/internal/signal/hub.go:65: [Signal] client connected: 1m
2026/05/28 00:10:59.790073 /Users/noelorin/GOSpeak/packages/server/internal/signal/hub.go:65: [Signal] client connected: 1m
2026/05/28 00:10:59.790456 /Users/noelorin/GOSpeak/packages/server/internal/signal/hub.go:85: [Signal] client disconnected: 1m, reason: client namespace disconnect
2026/05/28 00:11:00.778516 /Users/noelorin/GOSpeak/packages/server/internal/signal/hub.go:65: [Signal] client connected: 1n
2026/05/28 00:11:00.780550 /Users/noelorin/GOSpeak/packages/server/internal/signal/hub.go:65: [Signal] client connected: 1n
2026/05/28 00:11:00.782483 /Users/noelorin/GOSpeak/packages/server/internal/signal/hub.go:85: [Signal] client disconnected: 1n, reason: client namespace disconnect
2026/05/28 00:11:02.251613 /Users/noelorin/GOSpeak/packages/server/internal/signal/hub.go:65: [Signal] client connected: 1o
2026/05/28 00:11:02.253618 /Users/noelorin/GOSpeak/packages/server/internal/signal/hub.go:65: [Signal] client connected: 1o
2026/05/28 00:11:02.254058 /Users/noelorin/GOSpeak/packages/server/internal/signal/hub.go:85: [Signal] client disconnected: 1o, reason: client namespace disconnect
2026/05/28 00:11:02.855882 /Users/noelorin/GOSpeak/packages/server/internal/signal/hub.go:65: [Signal] client connected: 1p
2026/05/28 00:11:02.857795 /Users/noelorin/GOSpeak/packages/server/internal/signal/hub.go:65: [Signal] client connected: 1p
2026/05/28 00:11:02.858376 /Users/noelorin/GOSpeak/packages/server/internal/signal/hub.go:85: [Signal] client disconnected: 1p, reason: client namespace disconnect
2026/05/28 00:11:03.821180 /Users/noelorin/GOSpeak/packages/server/internal/signal/hub.go:65: [Signal] client connected: 1q
2026/05/28 00:11:03.823008 /Users/noelorin/GOSpeak/packages/server/internal/signal/hub.go:65: [Signal] client connected: 1q
2026/05/28 00:11:03.823656 /Users/noelorin/GOSpeak/packages/server/internal/signal/hub.go:85: [Signal] client disconnected: 1q, reason: client namespace disconnect
2026/05/28 00:11:04.394025 /Users/noelorin/GOSpeak/packages/server/internal/signal/hub.go:65: [Signal] client connected: 1r
2026/05/28 00:11:04.395679 /Users/noelorin/GOSpeak/packages/server/internal/signal/hub.go:65: [Signal] client connected: 1r
2026/05/28 00:11:04.396237 /Users/noelorin/GOSpeak/packages/server/internal/signal/hub.go:85: [Signal] client disconnected: 1r, reason: client namespace disconnect
2026/05/28 00:11:05.900955 /Users/noelorin/GOSpeak/packages/server/internal/signal/hub.go:65: [Signal] client connected: 1s
2026/05/28 00:11:05.902917 /Users/noelorin/GOSpeak/packages/server/internal/signal/hub.go:65: [Signal] client connected: 1s
2026/05/28 00:11:05.903452 /Users/noelorin/GOSpeak/packages/server/internal/signal/hub.go:85: [Signal] client disconnected: 1s, reason: client namespace disconnect
2026/05/28 00:11:06.603176 /Users/noelorin/GOSpeak/packages/server/internal/signal/hub.go:65: [Signal] client connected: 1t
2026/05/28 00:11:06.604936 /Users/noelorin/GOSpeak/packages/server/internal/signal/hub.go:65: [Signal] client connected: 1t
2026/05/28 00:11:06.605206 /Users/noelorin/GOSpeak/packages/server/internal/signal/hub.go:85: [Signal] client disconnected: 1t, reason: client namespace disconnect
2026/05/28 00:11:07.371214 /Users/noelorin/GOSpeak/packages/server/internal/signal/hub.go:65: [Signal] client connected: 1u
2026/05/28 00:11:07.372780 /Users/noelorin/GOSpeak/packages/server/internal/signal/hub.go:65: [Signal] client connected: 1u
2026/05/28 00:11:07.373254 /Users/noelorin/GOSpeak/packages/server/internal/signal/hub.go:85: [Signal] client disconnected: 1u, reason: client namespace disconnect
2026/05/28 00:11:08.767150 /Users/noelorin/GOSpeak/packages/server/internal/signal/hub.go:65: [Signal] client connected: 1v
2026/05/28 00:11:08.768812 /Users/noelorin/GOSpeak/packages/server/internal/signal/hub.go:65: [Signal] client connected: 1v
2026/05/28 00:11:08.769318 /Users/noelorin/GOSpeak/packages/server/internal/signal/hub.go:85: [Signal] client disconnected: 1v, reason: client namespace disconnect
2026/05/28 00:11:09.470406 /Users/noelorin/GOSpeak/packages/server/internal/signal/hub.go:65: [Signal] client connected: 1w
2026/05/28 00:11:09.472136 /Users/noelorin/GOSpeak/packages/server/internal/signal/hub.go:65: [Signal] client connected: 1w
2026/05/28 00:11:09.472602 /Users/noelorin/GOSpeak/packages/server/internal/signal/hub.go:85: [Signal] client disconnected: 1w, reason: client namespace disconnect
2026/05/28 00:11:10.363198 /Users/noelorin/GOSpeak/packages/server/internal/signal/hub.go:65: [Signal] client connected: 1x
2026/05/28 00:11:10.367153 /Users/noelorin/GOSpeak/packages/server/internal/signal/hub.go:65: [Signal] client connected: 1x
2026/05/28 00:11:10.367645 /Users/noelorin/GOSpeak/packages/server/internal/signal/hub.go:85: [Signal] client disconnected: 1x, reason: client namespace disconnect
2026/05/28 00:11:11.564985 /Users/noelorin/GOSpeak/packages/server/internal/signal/hub.go:65: [Signal] client connected: 1y
2026/05/28 00:11:11.568314 /Users/noelorin/GOSpeak/packages/server/internal/signal/hub.go:65: [Signal] client connected: 1y
2026/05/28 00:11:11.568630 /Users/noelorin/GOSpeak/packages/server/internal/signal/hub.go:85: [Signal] client disconnected: 1y, reason: client namespace disconnect
2026/05/28 00:11:12.138451 /Users/noelorin/GOSpeak/packages/server/internal/signal/hub.go:65: [Signal] client connected: 1z
2026/05/28 00:11:12.140324 /Users/noelorin/GOSpeak/packages/server/internal/signal/hub.go:65: [Signal] client connected: 1z
2026/05/28 00:11:12.140954 /Users/noelorin/GOSpeak/packages/server/internal/signal/hub.go:85: [Signal] client disconnected: 1z, reason: client namespace disconnect
2026/05/28 00:11:13.519879 /Users/noelorin/GOSpeak/packages/server/internal/signal/hub.go:65: [Signal] client connected: 20
2026/05/28 00:11:13.521722 /Users/noelorin/GOSpeak/packages/server/internal/signal/hub.go:65: [Signal] client connected: 20
2026/05/28 00:11:13.522243 /Users/noelorin/GOSpeak/packages/server/internal/signal/hub.go:85: [Signal] client disconnected: 20, reason: client namespace disconnect
2026/05/28 00:11:14.088485 /Users/noelorin/GOSpeak/packages/server/internal/signal/hub.go:65: [Signal] client connected: 21
2026/05/28 00:11:14.090485 /Users/noelorin/GOSpeak/packages/server/internal/signal/hub.go:65: [Signal] client connected: 21
2026/05/28 00:11:14.091019 /Users/noelorin/GOSpeak/packages/server/internal/signal/hub.go:85: [Signal] client disconnected: 21, reason: client namespace disconnect
2026/05/28 00:11:14.757896 /Users/noelorin/GOSpeak/packages/server/internal/signal/hub.go:65: [Signal] client connected: 22
2026/05/28 00:11:14.759915 /Users/noelorin/GOSpeak/packages/server/internal/signal/hub.go:65: [Signal] client connected: 22
2026/05/28 00:11:14.760488 /Users/noelorin/GOSpeak/packages/server/internal/signal/hub.go:85: [Signal] client disconnected: 22, reason: client namespace disconnect
2026/05/28 00:11:16.051639 /Users/noelorin/GOSpeak/packages/server/internal/signal/hub.go:65: [Signal] client connected: 23
2026/05/28 00:11:16.053186 /Users/noelorin/GOSpeak/packages/server/internal/signal/hub.go:65: [Signal] client connected: 23
2026/05/28 00:11:16.053492 /Users/noelorin/GOSpeak/packages/server/internal/signal/hub.go:85: [Signal] client disconnected: 23, reason: client namespace disconnect
2026/05/28 00:11:17.312607 /Users/noelorin/GOSpeak/packages/server/internal/signal/hub.go:65: [Signal] client connected: 24
2026/05/28 00:11:17.315089 /Users/noelorin/GOSpeak/packages/server/internal/signal/hub.go:65: [Signal] client connected: 24
2026/05/28 00:11:17.315819 /Users/noelorin/GOSpeak/packages/server/internal/signal/hub.go:85: [Signal] client disconnected: 24, reason: client namespace disconnect
2026/05/28 00:11:18.178548 /Users/noelorin/GOSpeak/packages/server/internal/signal/hub.go:65: [Signal] client connected: 25
2026/05/28 00:11:18.180379 /Users/noelorin/GOSpeak/packages/server/internal/signal/hub.go:65: [Signal] client connected: 25
2026/05/28 00:11:18.181668 /Users/noelorin/GOSpeak/packages/server/internal/signal/hub.go:85: [Signal] client disconnected: 25, reason: client namespace disconnect
2026/05/28 00:11:19.237319 /Users/noelorin/GOSpeak/packages/server/internal/signal/hub.go:65: [Signal] client connected: 26
2026/05/28 00:11:19.238950 /Users/noelorin/GOSpeak/packages/server/internal/signal/hub.go:65: [Signal] client connected: 26
2026/05/28 00:11:19.239369 /Users/noelorin/GOSpeak/packages/server/internal/signal/hub.go:85: [Signal] client disconnected: 26, reason: client namespace disconnect
2026/05/28 00:11:20.517003 /Users/noelorin/GOSpeak/packages/server/internal/signal/hub.go:65: [Signal] client connected: 27
2026/05/28 00:11:20.518933 /Users/noelorin/GOSpeak/packages/server/internal/signal/hub.go:65: [Signal] client connected: 27
2026/05/28 00:11:20.519364 /Users/noelorin/GOSpeak/packages/server/internal/signal/hub.go:85: [Signal] client disconnected: 27, reason: client namespace disconnect
2026/05/28 00:11:21.301401 /Users/noelorin/GOSpeak/packages/server/internal/signal/hub.go:65: [Signal] client connected: 28
2026/05/28 00:11:21.302899 /Users/noelorin/GOSpeak/packages/server/internal/signal/hub.go:65: [Signal] client connected: 28
2026/05/28 00:11:21.303218 /Users/noelorin/GOSpeak/packages/server/internal/signal/hub.go:85: [Signal] client disconnected: 28, reason: client namespace disconnect
2026/05/28 00:11:22.002386 /Users/noelorin/GOSpeak/packages/server/internal/signal/hub.go:65: [Signal] client connected: 29
2026/05/28 00:11:22.004487 /Users/noelorin/GOSpeak/packages/server/internal/signal/hub.go:65: [Signal] client connected: 29
2026/05/28 00:11:22.005456 /Users/noelorin/GOSpeak/packages/server/internal/signal/hub.go:85: [Signal] client disconnected: 29, reason: client namespace disconnect
2026/05/28 00:11:22.901842 /Users/noelorin/GOSpeak/packages/server/internal/signal/hub.go:65: [Signal] client connected: 2a
2026/05/28 00:11:22.903688 /Users/noelorin/GOSpeak/packages/server/internal/signal/hub.go:65: [Signal] client connected: 2a
2026/05/28 00:11:22.904208 /Users/noelorin/GOSpeak/packages/server/internal/signal/hub.go:85: [Signal] client disconnected: 2a, reason: client namespace disconnect
2026/05/28 00:11:23.783130 /Users/noelorin/GOSpeak/packages/server/internal/signal/hub.go:65: [Signal] client connected: 2b
2026/05/28 00:11:23.785024 /Users/noelorin/GOSpeak/packages/server/internal/signal/hub.go:65: [Signal] client connected: 2b
2026/05/28 00:11:23.785351 /Users/noelorin/GOSpeak/packages/server/internal/signal/hub.go:85: [Signal] client disconnected: 2b, reason: client namespace disconnect
2026/05/28 00:11:24.969598 /Users/noelorin/GOSpeak/packages/server/internal/signal/hub.go:65: [Signal] client connected: 2c
2026/05/28 00:11:24.971133 /Users/noelorin/GOSpeak/packages/server/internal/signal/hub.go:65: [Signal] client connected: 2c
2026/05/28 00:11:24.971425 /Users/noelorin/GOSpeak/packages/server/internal/signal/hub.go:85: [Signal] client disconnected: 2c, reason: client namespace disconnect
2026/05/28 00:11:26.367905 /Users/noelorin/GOSpeak/packages/server/internal/signal/hub.go:65: [Signal] client connected: 2d
2026/05/28 00:11:26.369498 /Users/noelorin/GOSpeak/packages/server/internal/signal/hub.go:65: [Signal] client connected: 2d
2026/05/28 00:11:26.370017 /Users/noelorin/GOSpeak/packages/server/internal/signal/hub.go:85: [Signal] client disconnected: 2d, reason: client namespace disconnect
2026/05/28 00:11:26.960453 /Users/noelorin/GOSpeak/packages/server/internal/signal/hub.go:65: [Signal] client connected: 2e
2026/05/28 00:11:26.962775 /Users/noelorin/GOSpeak/packages/server/internal/signal/hub.go:65: [Signal] client connected: 2e
2026/05/28 00:11:26.963256 /Users/noelorin/GOSpeak/packages/server/internal/signal/hub.go:85: [Signal] client disconnected: 2e, reason: client namespace disconnect
2026/05/28 00:11:29.681163 /Users/noelorin/GOSpeak/packages/server/internal/signal/hub.go:65: [Signal] client connected: 2f
2026/05/28 00:11:29.729695 /Users/noelorin/GOSpeak/packages/server/internal/signal/hub.go:85: [Signal] client disconnected: 2f, reason: client namespace disconnect
2026/05/28 00:11:29.730189 /Users/noelorin/GOSpeak/packages/server/internal/signal/hub.go:65: [Signal] client connected: 2g
2026/05/28 00:11:29.790598 /Users/noelorin/GOSpeak/packages/server/internal/signal/hub.go:65: [Signal] client connected: 2g
2026/05/28 00:11:29.806350 /Users/noelorin/GOSpeak/packages/server/internal/signal/hub.go:85: [Signal] client disconnected: 2g, reason: client namespace disconnect
2026/05/28 00:11:30.775718 /Users/noelorin/GOSpeak/packages/server/internal/signal/hub.go:65: [Signal] client connected: 2h
2026/05/28 00:11:30.777203 /Users/noelorin/GOSpeak/packages/server/internal/signal/hub.go:65: [Signal] client connected: 2h
2026/05/28 00:11:30.777668 /Users/noelorin/GOSpeak/packages/server/internal/signal/hub.go:85: [Signal] client disconnected: 2h, reason: client namespace disconnect
2026/05/28 00:11:31.701991 /Users/noelorin/GOSpeak/packages/server/internal/signal/hub.go:65: [Signal] client connected: 2i
2026/05/28 00:11:31.778965 /Users/noelorin/GOSpeak/packages/server/internal/signal/hub.go:65: [Signal] client connected: 2i
2026/05/28 00:11:31.790582 /Users/noelorin/GOSpeak/packages/server/internal/signal/hub.go:85: [Signal] client disconnected: 2i, reason: client namespace disconnect
2026/05/28 00:11:32.682019 /Users/noelorin/GOSpeak/packages/server/internal/signal/hub.go:65: [Signal] client connected: 2j
2026/05/28 00:11:32.685364 /Users/noelorin/GOSpeak/packages/server/internal/signal/hub.go:65: [Signal] client connected: 2j
2026/05/28 00:11:32.686653 /Users/noelorin/GOSpeak/packages/server/internal/signal/hub.go:85: [Signal] client disconnected: 2j, reason: client namespace disconnect
2026/05/28 00:11:33.959872 /Users/noelorin/GOSpeak/packages/server/internal/signal/hub.go:65: [Signal] client connected: 2k
2026/05/28 00:11:33.960995 /Users/noelorin/GOSpeak/packages/server/internal/signal/hub.go:65: [Signal] client connected: 2k
2026/05/28 00:11:33.961490 /Users/noelorin/GOSpeak/packages/server/internal/signal/hub.go:85: [Signal] client disconnected: 2k, reason: client namespace disconnect
2026/05/28 00:11:35.235467 /Users/noelorin/GOSpeak/packages/server/internal/signal/hub.go:65: [Signal] client connected: 2l
2026/05/28 00:11:35.237102 /Users/noelorin/GOSpeak/packages/server/internal/signal/hub.go:65: [Signal] client connected: 2l
2026/05/28 00:11:35.237593 /Users/noelorin/GOSpeak/packages/server/internal/signal/hub.go:85: [Signal] client disconnected: 2l, reason: client namespace disconnect
2026/05/28 00:11:36.123097 /Users/noelorin/GOSpeak/packages/server/internal/signal/hub.go:65: [Signal] client connected: 2m
2026/05/28 00:11:36.125333 /Users/noelorin/GOSpeak/packages/server/internal/signal/hub.go:65: [Signal] client connected: 2m
2026/05/28 00:11:36.125837 /Users/noelorin/GOSpeak/packages/server/internal/signal/hub.go:85: [Signal] client disconnected: 2m, reason: client namespace disconnect
2026/05/28 00:11:37.501616 /Users/noelorin/GOSpeak/packages/server/internal/signal/hub.go:65: [Signal] client connected: 2n
2026/05/28 00:11:37.503571 /Users/noelorin/GOSpeak/packages/server/internal/signal/hub.go:65: [Signal] client connected: 2n
2026/05/28 00:11:37.504289 /Users/noelorin/GOSpeak/packages/server/internal/signal/hub.go:85: [Signal] client disconnected: 2n, reason: client namespace disconnect
2026/05/28 00:11:38.170351 /Users/noelorin/GOSpeak/packages/server/internal/signal/hub.go:65: [Signal] client connected: 2o
2026/05/28 00:11:38.172472 /Users/noelorin/GOSpeak/packages/server/internal/signal/hub.go:65: [Signal] client connected: 2o
2026/05/28 00:11:38.173020 /Users/noelorin/GOSpeak/packages/server/internal/signal/hub.go:85: [Signal] client disconnected: 2o, reason: client namespace disconnect
2026/05/28 00:11:39.139078 /Users/noelorin/GOSpeak/packages/server/internal/signal/hub.go:65: [Signal] client connected: 2p
2026/05/28 00:11:39.141425 /Users/noelorin/GOSpeak/packages/server/internal/signal/hub.go:65: [Signal] client connected: 2p
2026/05/28 00:11:39.142111 /Users/noelorin/GOSpeak/packages/server/internal/signal/hub.go:85: [Signal] client disconnected: 2p, reason: client namespace disconnect
2026/05/28 00:11:39.909918 /Users/noelorin/GOSpeak/packages/server/internal/signal/hub.go:65: [Signal] client connected: 2q
2026/05/28 00:11:39.912107 /Users/noelorin/GOSpeak/packages/server/internal/signal/hub.go:65: [Signal] client connected: 2q
2026/05/28 00:11:39.913024 /Users/noelorin/GOSpeak/packages/server/internal/signal/hub.go:85: [Signal] client disconnected: 2q, reason: client namespace disconnect
2026/05/28 00:11:41.319414 /Users/noelorin/GOSpeak/packages/server/internal/signal/hub.go:65: [Signal] client connected: 2r
2026/05/28 00:11:41.320945 /Users/noelorin/GOSpeak/packages/server/internal/signal/hub.go:65: [Signal] client connected: 2r
2026/05/28 00:11:41.321434 /Users/noelorin/GOSpeak/packages/server/internal/signal/hub.go:85: [Signal] client disconnected: 2r, reason: client namespace disconnect
2026/05/28 00:11:42.721033 /Users/noelorin/GOSpeak/packages/server/internal/signal/hub.go:65: [Signal] client connected: 2s
2026/05/28 00:11:42.723875 /Users/noelorin/GOSpeak/packages/server/internal/signal/hub.go:65: [Signal] client connected: 2s
2026/05/28 00:11:42.725060 /Users/noelorin/GOSpeak/packages/server/internal/signal/hub.go:85: [Signal] client disconnected: 2s, reason: client namespace disconnect
2026/05/28 00:11:44.229937 /Users/noelorin/GOSpeak/packages/server/internal/signal/hub.go:65: [Signal] client connected: 2t
2026/05/28 00:11:44.232650 /Users/noelorin/GOSpeak/packages/server/internal/signal/hub.go:65: [Signal] client connected: 2t
2026/05/28 00:11:44.233993 /Users/noelorin/GOSpeak/packages/server/internal/signal/hub.go:85: [Signal] client disconnected: 2t, reason: client namespace disconnect
2026/05/28 00:11:44.815533 /Users/noelorin/GOSpeak/packages/server/internal/signal/hub.go:65: [Signal] client connected: 2u
2026/05/28 00:11:44.817397 /Users/noelorin/GOSpeak/packages/server/internal/signal/hub.go:65: [Signal] client connected: 2u
2026/05/28 00:11:44.817893 /Users/noelorin/GOSpeak/packages/server/internal/signal/hub.go:85: [Signal] client disconnected: 2u, reason: client namespace disconnect
2026/05/28 00:11:45.788123 /Users/noelorin/GOSpeak/packages/server/internal/signal/hub.go:65: [Signal] client connected: 2v
2026/05/28 00:11:45.790879 /Users/noelorin/GOSpeak/packages/server/internal/signal/hub.go:65: [Signal] client connected: 2v
2026/05/28 00:11:45.791423 /Users/noelorin/GOSpeak/packages/server/internal/signal/hub.go:85: [Signal] client disconnected: 2v, reason: client namespace disconnect
2026/05/28 00:11:46.688323 /Users/noelorin/GOSpeak/packages/server/internal/signal/hub.go:65: [Signal] client connected: 2w
2026/05/28 00:11:46.690123 /Users/noelorin/GOSpeak/packages/server/internal/signal/hub.go:65: [Signal] client connected: 2w
2026/05/28 00:11:46.692013 /Users/noelorin/GOSpeak/packages/server/internal/signal/hub.go:85: [Signal] client disconnected: 2w, reason: client namespace disconnect
2026/05/28 00:11:47.274861 /Users/noelorin/GOSpeak/packages/server/internal/signal/hub.go:65: [Signal] client connected: 2x
2026/05/28 00:11:47.276773 /Users/noelorin/GOSpeak/packages/server/internal/signal/hub.go:65: [Signal] client connected: 2x
2026/05/28 00:11:47.277692 /Users/noelorin/GOSpeak/packages/server/internal/signal/hub.go:85: [Signal] client disconnected: 2x, reason: client namespace disconnect
2026/05/28 00:11:48.575322 /Users/noelorin/GOSpeak/packages/server/internal/signal/hub.go:65: [Signal] client connected: 2y
2026/05/28 00:11:48.577169 /Users/noelorin/GOSpeak/packages/server/internal/signal/hub.go:65: [Signal] client connected: 2y
2026/05/28 00:11:48.577825 /Users/noelorin/GOSpeak/packages/server/internal/signal/hub.go:85: [Signal] client disconnected: 2y, reason: client namespace disconnect
2026/05/28 00:11:49.140444 /Users/noelorin/GOSpeak/packages/server/internal/signal/hub.go:65: [Signal] client connected: 2z
2026/05/28 00:11:49.142951 /Users/noelorin/GOSpeak/packages/server/internal/signal/hub.go:65: [Signal] client connected: 2z
2026/05/28 00:11:49.144097 /Users/noelorin/GOSpeak/packages/server/internal/signal/hub.go:85: [Signal] client disconnected: 2z, reason: client namespace disconnect
2026/05/28 00:11:50.103558 /Users/noelorin/GOSpeak/packages/server/internal/signal/hub.go:65: [Signal] client connected: 30
2026/05/28 00:11:50.105488 /Users/noelorin/GOSpeak/packages/server/internal/signal/hub.go:65: [Signal] client connected: 30
2026/05/28 00:11:50.105927 /Users/noelorin/GOSpeak/packages/server/internal/signal/hub.go:85: [Signal] client disconnected: 30, reason: client namespace disconnect
2026/05/28 00:11:51.003351 /Users/noelorin/GOSpeak/packages/server/internal/signal/hub.go:65: [Signal] client connected: 31
2026/05/28 00:11:51.005085 /Users/noelorin/GOSpeak/packages/server/internal/signal/hub.go:65: [Signal] client connected: 31
2026/05/28 00:11:51.005996 /Users/noelorin/GOSpeak/packages/server/internal/signal/hub.go:85: [Signal] client disconnected: 31, reason: client namespace disconnect
2026/05/28 00:11:51.967310 /Users/noelorin/GOSpeak/packages/server/internal/signal/hub.go:65: [Signal] client connected: 32
2026/05/28 00:11:51.969419 /Users/noelorin/GOSpeak/packages/server/internal/signal/hub.go:65: [Signal] client connected: 32
2026/05/28 00:11:51.970185 /Users/noelorin/GOSpeak/packages/server/internal/signal/hub.go:85: [Signal] client disconnected: 32, reason: client namespace disconnect
2026/05/28 00:11:52.634601 /Users/noelorin/GOSpeak/packages/server/internal/signal/hub.go:65: [Signal] client connected: 33
2026/05/28 00:11:52.635521 /Users/noelorin/GOSpeak/packages/server/internal/signal/hub.go:65: [Signal] client connected: 33
2026/05/28 00:11:52.635931 /Users/noelorin/GOSpeak/packages/server/internal/signal/hub.go:85: [Signal] client disconnected: 33, reason: client namespace disconnect
2026/05/28 00:11:53.528926 /Users/noelorin/GOSpeak/packages/server/internal/signal/hub.go:65: [Signal] client connected: 34
2026/05/28 00:11:53.530384 /Users/noelorin/GOSpeak/packages/server/internal/signal/hub.go:65: [Signal] client connected: 34
2026/05/28 00:11:53.532378 /Users/noelorin/GOSpeak/packages/server/internal/signal/hub.go:85: [Signal] client disconnected: 34, reason: client namespace disconnect
2026/05/28 00:11:54.603529 /Users/noelorin/GOSpeak/packages/server/internal/signal/hub.go:65: [Signal] client connected: 35
2026/05/28 00:11:54.605404 /Users/noelorin/GOSpeak/packages/server/internal/signal/hub.go:65: [Signal] client connected: 35
2026/05/28 00:11:54.606369 /Users/noelorin/GOSpeak/packages/server/internal/signal/hub.go:85: [Signal] client disconnected: 35, reason: client namespace disconnect
2026/05/28 00:11:55.304724 /Users/noelorin/GOSpeak/packages/server/internal/signal/hub.go:65: [Signal] client connected: 36
2026/05/28 00:11:55.305975 /Users/noelorin/GOSpeak/packages/server/internal/signal/hub.go:65: [Signal] client connected: 36
2026/05/28 00:11:55.306519 /Users/noelorin/GOSpeak/packages/server/internal/signal/hub.go:85: [Signal] client disconnected: 36, reason: client namespace disconnect
2026/05/28 00:11:56.186420 /Users/noelorin/GOSpeak/packages/server/internal/signal/hub.go:65: [Signal] client connected: 37
2026/05/28 00:11:56.188687 /Users/noelorin/GOSpeak/packages/server/internal/signal/hub.go:65: [Signal] client connected: 37
2026/05/28 00:11:56.189307 /Users/noelorin/GOSpeak/packages/server/internal/signal/hub.go:85: [Signal] client disconnected: 37, reason: client namespace disconnect
2026/05/28 00:11:57.175349 /Users/noelorin/GOSpeak/packages/server/internal/signal/hub.go:65: [Signal] client connected: 38
2026/05/28 00:11:57.177122 /Users/noelorin/GOSpeak/packages/server/internal/signal/hub.go:65: [Signal] client connected: 38
2026/05/28 00:11:57.178171 /Users/noelorin/GOSpeak/packages/server/internal/signal/hub.go:85: [Signal] client disconnected: 38, reason: client namespace disconnect
2026/05/28 00:11:57.834260 /Users/noelorin/GOSpeak/packages/server/internal/signal/hub.go:65: [Signal] client connected: 39
2026/05/28 00:11:57.835165 /Users/noelorin/GOSpeak/packages/server/internal/signal/hub.go:65: [Signal] client connected: 39
2026/05/28 00:11:57.835545 /Users/noelorin/GOSpeak/packages/server/internal/signal/hub.go:85: [Signal] client disconnected: 39, reason: client namespace disconnect
2026/05/28 00:11:59.099255 /Users/noelorin/GOSpeak/packages/server/internal/signal/hub.go:65: [Signal] client connected: 3a
2026/05/28 00:11:59.101129 /Users/noelorin/GOSpeak/packages/server/internal/signal/hub.go:65: [Signal] client connected: 3a
2026/05/28 00:11:59.101735 /Users/noelorin/GOSpeak/packages/server/internal/signal/hub.go:85: [Signal] client disconnected: 3a, reason: client namespace disconnect
2026/05/28 00:11:59.692427 /Users/noelorin/GOSpeak/packages/server/internal/signal/hub.go:65: [Signal] client connected: 3b
2026/05/28 00:11:59.694067 /Users/noelorin/GOSpeak/packages/server/internal/signal/hub.go:65: [Signal] client connected: 3b
2026/05/28 00:11:59.694777 /Users/noelorin/GOSpeak/packages/server/internal/signal/hub.go:85: [Signal] client disconnected: 3b, reason: client namespace disconnect
2026/05/28 00:12:00.384962 /Users/noelorin/GOSpeak/packages/server/internal/signal/hub.go:65: [Signal] client connected: 3c
2026/05/28 00:12:00.386680 /Users/noelorin/GOSpeak/packages/server/internal/signal/hub.go:65: [Signal] client connected: 3c
2026/05/28 00:12:00.387141 /Users/noelorin/GOSpeak/packages/server/internal/signal/hub.go:85: [Signal] client disconnected: 3c, reason: client namespace disconnect
2026/05/28 00:12:01.641698 /Users/noelorin/GOSpeak/packages/server/internal/signal/hub.go:65: [Signal] client connected: 3d
2026/05/28 00:12:01.643983 /Users/noelorin/GOSpeak/packages/server/internal/signal/hub.go:65: [Signal] client connected: 3d
2026/05/28 00:12:01.644437 /Users/noelorin/GOSpeak/packages/server/internal/signal/hub.go:85: [Signal] client disconnected: 3d, reason: client namespace disconnect
2026/05/28 00:12:02.850675 /Users/noelorin/GOSpeak/packages/server/internal/signal/hub.go:65: [Signal] client connected: 3e
2026/05/28 00:12:02.852771 /Users/noelorin/GOSpeak/packages/server/internal/signal/hub.go:65: [Signal] client connected: 3e
2026/05/28 00:12:02.853312 /Users/noelorin/GOSpeak/packages/server/internal/signal/hub.go:85: [Signal] client disconnected: 3e, reason: client namespace disconnect
2026/05/28 00:12:04.157455 /Users/noelorin/GOSpeak/packages/server/internal/signal/hub.go:65: [Signal] client connected: 3f
2026/05/28 00:12:04.160352 /Users/noelorin/GOSpeak/packages/server/internal/signal/hub.go:65: [Signal] client connected: 3f
2026/05/28 00:12:04.161469 /Users/noelorin/GOSpeak/packages/server/internal/signal/hub.go:85: [Signal] client disconnected: 3f, reason: client namespace disconnect
2026/05/28 00:12:05.355213 /Users/noelorin/GOSpeak/packages/server/internal/signal/hub.go:65: [Signal] client connected: 3g
2026/05/28 00:12:05.357199 /Users/noelorin/GOSpeak/packages/server/internal/signal/hub.go:65: [Signal] client connected: 3g
2026/05/28 00:12:05.357878 /Users/noelorin/GOSpeak/packages/server/internal/signal/hub.go:85: [Signal] client disconnected: 3g, reason: client namespace disconnect
2026/05/28 00:12:06.120783 /Users/noelorin/GOSpeak/packages/server/internal/signal/hub.go:65: [Signal] client connected: 3h
2026/05/28 00:12:06.122704 /Users/noelorin/GOSpeak/packages/server/internal/signal/hub.go:65: [Signal] client connected: 3h
2026/05/28 00:12:06.123394 /Users/noelorin/GOSpeak/packages/server/internal/signal/hub.go:85: [Signal] client disconnected: 3h, reason: client namespace disconnect
2026/05/28 00:12:07.288941 /Users/noelorin/GOSpeak/packages/server/internal/signal/hub.go:65: [Signal] client connected: 3i
2026/05/28 00:12:07.290864 /Users/noelorin/GOSpeak/packages/server/internal/signal/hub.go:65: [Signal] client connected: 3i
2026/05/28 00:12:07.291641 /Users/noelorin/GOSpeak/packages/server/internal/signal/hub.go:85: [Signal] client disconnected: 3i, reason: client namespace disconnect
2026/05/28 00:12:08.770708 /Users/noelorin/GOSpeak/packages/server/internal/signal/hub.go:65: [Signal] client connected: 3j
2026/05/28 00:12:08.773117 /Users/noelorin/GOSpeak/packages/server/internal/signal/hub.go:65: [Signal] client connected: 3j
2026/05/28 00:12:08.773707 /Users/noelorin/GOSpeak/packages/server/internal/signal/hub.go:85: [Signal] client disconnected: 3j, reason: client namespace disconnect
2026/05/28 00:12:09.935006 /Users/noelorin/GOSpeak/packages/server/internal/signal/hub.go:65: [Signal] client connected: 3k
2026/05/28 00:12:09.936043 /Users/noelorin/GOSpeak/packages/server/internal/signal/hub.go:65: [Signal] client connected: 3k
2026/05/28 00:12:09.936509 /Users/noelorin/GOSpeak/packages/server/internal/signal/hub.go:85: [Signal] client disconnected: 3k, reason: client namespace disconnect
2026/05/28 00:12:11.331780 /Users/noelorin/GOSpeak/packages/server/internal/signal/hub.go:65: [Signal] client connected: 3l
2026/05/28 00:12:11.333684 /Users/noelorin/GOSpeak/packages/server/internal/signal/hub.go:65: [Signal] client connected: 3l
2026/05/28 00:12:11.334588 /Users/noelorin/GOSpeak/packages/server/internal/signal/hub.go:85: [Signal] client disconnected: 3l, reason: client namespace disconnect
2026/05/28 00:12:12.396415 /Users/noelorin/GOSpeak/packages/server/internal/signal/hub.go:65: [Signal] client connected: 3m
2026/05/28 00:12:12.398656 /Users/noelorin/GOSpeak/packages/server/internal/signal/hub.go:65: [Signal] client connected: 3m
2026/05/28 00:12:12.399266 /Users/noelorin/GOSpeak/packages/server/internal/signal/hub.go:85: [Signal] client disconnected: 3m, reason: client namespace disconnect
2026/05/28 00:12:13.553581 /Users/noelorin/GOSpeak/packages/server/internal/signal/hub.go:65: [Signal] client connected: 3n
2026/05/28 00:12:13.556346 /Users/noelorin/GOSpeak/packages/server/internal/signal/hub.go:65: [Signal] client connected: 3n
2026/05/28 00:12:13.557411 /Users/noelorin/GOSpeak/packages/server/internal/signal/hub.go:85: [Signal] client disconnected: 3n, reason: client namespace disconnect
2026/05/28 00:12:14.520642 /Users/noelorin/GOSpeak/packages/server/internal/signal/hub.go:65: [Signal] client connected: 3o
2026/05/28 00:12:14.522638 /Users/noelorin/GOSpeak/packages/server/internal/signal/hub.go:65: [Signal] client connected: 3o
2026/05/28 00:12:14.523237 /Users/noelorin/GOSpeak/packages/server/internal/signal/hub.go:85: [Signal] client disconnected: 3o, reason: client namespace disconnect
2026/05/28 00:12:15.779590 /Users/noelorin/GOSpeak/packages/server/internal/signal/hub.go:65: [Signal] client connected: 3p
2026/05/28 00:12:15.782997 /Users/noelorin/GOSpeak/packages/server/internal/signal/hub.go:65: [Signal] client connected: 3p
2026/05/28 00:12:15.783669 /Users/noelorin/GOSpeak/packages/server/internal/signal/hub.go:85: [Signal] client disconnected: 3p, reason: client namespace disconnect
2026/05/28 00:12:16.969061 /Users/noelorin/GOSpeak/packages/server/internal/signal/hub.go:65: [Signal] client connected: 3q
2026/05/28 00:12:16.970677 /Users/noelorin/GOSpeak/packages/server/internal/signal/hub.go:65: [Signal] client connected: 3q
2026/05/28 00:12:16.971320 /Users/noelorin/GOSpeak/packages/server/internal/signal/hub.go:85: [Signal] client disconnected: 3q, reason: client namespace disconnect
2026/05/28 00:12:18.236342 /Users/noelorin/GOSpeak/packages/server/internal/signal/hub.go:65: [Signal] client connected: 3r
2026/05/28 00:12:18.238340 /Users/noelorin/GOSpeak/packages/server/internal/signal/hub.go:65: [Signal] client connected: 3r
2026/05/28 00:12:18.239122 /Users/noelorin/GOSpeak/packages/server/internal/signal/hub.go:85: [Signal] client disconnected: 3r, reason: client namespace disconnect
2026/05/28 00:12:19.393485 /Users/noelorin/GOSpeak/packages/server/internal/signal/hub.go:65: [Signal] client connected: 3s
2026/05/28 00:12:19.395485 /Users/noelorin/GOSpeak/packages/server/internal/signal/hub.go:65: [Signal] client connected: 3s
2026/05/28 00:12:19.396169 /Users/noelorin/GOSpeak/packages/server/internal/signal/hub.go:85: [Signal] client disconnected: 3s, reason: client namespace disconnect
2026/05/28 00:12:20.661352 /Users/noelorin/GOSpeak/packages/server/internal/signal/hub.go:65: [Signal] client connected: 3t
2026/05/28 00:12:20.662290 /Users/noelorin/GOSpeak/packages/server/internal/signal/hub.go:65: [Signal] client connected: 3t
2026/05/28 00:12:20.662805 /Users/noelorin/GOSpeak/packages/server/internal/signal/hub.go:85: [Signal] client disconnected: 3t, reason: client namespace disconnect
2026/05/28 00:12:21.744240 /Users/noelorin/GOSpeak/packages/server/internal/signal/hub.go:65: [Signal] client connected: 3u
2026/05/28 00:12:21.746262 /Users/noelorin/GOSpeak/packages/server/internal/signal/hub.go:65: [Signal] client connected: 3u
2026/05/28 00:12:21.748836 /Users/noelorin/GOSpeak/packages/server/internal/signal/hub.go:85: [Signal] client disconnected: 3u, reason: client namespace disconnect
2026/05/28 00:12:22.831561 /Users/noelorin/GOSpeak/packages/server/internal/signal/hub.go:65: [Signal] client connected: 3v
2026/05/28 00:12:22.833587 /Users/noelorin/GOSpeak/packages/server/internal/signal/hub.go:65: [Signal] client connected: 3v
2026/05/28 00:12:22.834155 /Users/noelorin/GOSpeak/packages/server/internal/signal/hub.go:85: [Signal] client disconnected: 3v, reason: client namespace disconnect
2026/05/28 00:12:24.333107 /Users/noelorin/GOSpeak/packages/server/internal/signal/hub.go:65: [Signal] client connected: 3w
2026/05/28 00:12:24.335571 /Users/noelorin/GOSpeak/packages/server/internal/signal/hub.go:65: [Signal] client connected: 3w
2026/05/28 00:12:24.336301 /Users/noelorin/GOSpeak/packages/server/internal/signal/hub.go:85: [Signal] client disconnected: 3w, reason: client namespace disconnect
2026/05/28 00:12:25.132088 /Users/noelorin/GOSpeak/packages/server/internal/signal/hub.go:65: [Signal] client connected: 3x
2026/05/28 00:12:25.133334 /Users/noelorin/GOSpeak/packages/server/internal/signal/hub.go:65: [Signal] client connected: 3x
2026/05/28 00:12:25.133702 /Users/noelorin/GOSpeak/packages/server/internal/signal/hub.go:85: [Signal] client disconnected: 3x, reason: client namespace disconnect
2026/05/28 00:12:25.937734 /Users/noelorin/GOSpeak/packages/server/internal/signal/hub.go:65: [Signal] client connected: 3y
2026/05/28 00:12:25.939826 /Users/noelorin/GOSpeak/packages/server/internal/signal/hub.go:65: [Signal] client connected: 3y
2026/05/28 00:12:25.940533 /Users/noelorin/GOSpeak/packages/server/internal/signal/hub.go:85: [Signal] client disconnected: 3y, reason: client namespace disconnect
2026/05/28 00:12:27.100017 /Users/noelorin/GOSpeak/packages/server/internal/signal/hub.go:65: [Signal] client connected: 3z
2026/05/28 00:12:27.101986 /Users/noelorin/GOSpeak/packages/server/internal/signal/hub.go:65: [Signal] client connected: 3z
2026/05/28 00:12:27.102653 /Users/noelorin/GOSpeak/packages/server/internal/signal/hub.go:85: [Signal] client disconnected: 3z, reason: client namespace disconnect
2026/05/28 00:12:27.883513 /Users/noelorin/GOSpeak/packages/server/internal/signal/hub.go:65: [Signal] client connected: 40
2026/05/28 00:12:27.885112 /Users/noelorin/GOSpeak/packages/server/internal/signal/hub.go:65: [Signal] client connected: 40
2026/05/28 00:12:27.885827 /Users/noelorin/GOSpeak/packages/server/internal/signal/hub.go:85: [Signal] client disconnected: 40, reason: client namespace disconnect
2026/05/28 00:12:28.671739 /Users/noelorin/GOSpeak/packages/server/internal/signal/hub.go:65: [Signal] client connected: 41
2026/05/28 00:12:28.673943 /Users/noelorin/GOSpeak/packages/server/internal/signal/hub.go:65: [Signal] client connected: 41
2026/05/28 00:12:28.674704 /Users/noelorin/GOSpeak/packages/server/internal/signal/hub.go:85: [Signal] client disconnected: 41, reason: client namespace disconnect
2026/05/28 00:12:29.254419 /Users/noelorin/GOSpeak/packages/server/internal/signal/hub.go:65: [Signal] client connected: 42
2026/05/28 00:12:29.256343 /Users/noelorin/GOSpeak/packages/server/internal/signal/hub.go:65: [Signal] client connected: 42
2026/05/28 00:12:29.257051 /Users/noelorin/GOSpeak/packages/server/internal/signal/hub.go:85: [Signal] client disconnected: 42, reason: client namespace disconnect
2026/05/28 00:12:30.250241 /Users/noelorin/GOSpeak/packages/server/internal/signal/hub.go:65: [Signal] client connected: 43
2026/05/28 00:12:30.252848 /Users/noelorin/GOSpeak/packages/server/internal/signal/hub.go:65: [Signal] client connected: 43
2026/05/28 00:12:30.254090 /Users/noelorin/GOSpeak/packages/server/internal/signal/hub.go:85: [Signal] client disconnected: 43, reason: client namespace disconnect
2026/05/28 00:12:31.221802 /Users/noelorin/GOSpeak/packages/server/internal/signal/hub.go:65: [Signal] client connected: 44
2026/05/28 00:12:31.224313 /Users/noelorin/GOSpeak/packages/server/internal/signal/hub.go:65: [Signal] client connected: 44
2026/05/28 00:12:31.225103 /Users/noelorin/GOSpeak/packages/server/internal/signal/hub.go:85: [Signal] client disconnected: 44, reason: client namespace disconnect
2026/05/28 00:12:32.698469 /Users/noelorin/GOSpeak/packages/server/internal/signal/hub.go:65: [Signal] client connected: 45
2026/05/28 00:12:32.700185 /Users/noelorin/GOSpeak/packages/server/internal/signal/hub.go:65: [Signal] client connected: 45
2026/05/28 00:12:32.701092 /Users/noelorin/GOSpeak/packages/server/internal/signal/hub.go:85: [Signal] client disconnected: 45, reason: client namespace disconnect
2026/05/28 00:12:33.294649 /Users/noelorin/GOSpeak/packages/server/internal/signal/hub.go:65: [Signal] client connected: 46
2026/05/28 00:12:33.298030 /Users/noelorin/GOSpeak/packages/server/internal/signal/hub.go:65: [Signal] client connected: 46
2026/05/28 00:12:33.298978 /Users/noelorin/GOSpeak/packages/server/internal/signal/hub.go:85: [Signal] client disconnected: 46, reason: client namespace disconnect
2026/05/28 00:12:34.185168 /Users/noelorin/GOSpeak/packages/server/internal/signal/hub.go:65: [Signal] client connected: 47
2026/05/28 00:12:34.186887 /Users/noelorin/GOSpeak/packages/server/internal/signal/hub.go:65: [Signal] client connected: 47
2026/05/28 00:12:34.187720 /Users/noelorin/GOSpeak/packages/server/internal/signal/hub.go:85: [Signal] client disconnected: 47, reason: client namespace disconnect
2026/05/28 00:12:34.886213 /Users/noelorin/GOSpeak/packages/server/internal/signal/hub.go:65: [Signal] client connected: 48
2026/05/28 00:12:34.888206 /Users/noelorin/GOSpeak/packages/server/internal/signal/hub.go:65: [Signal] client connected: 48
2026/05/28 00:12:34.888963 /Users/noelorin/GOSpeak/packages/server/internal/signal/hub.go:85: [Signal] client disconnected: 48, reason: client namespace disconnect
2026/05/28 00:12:36.071687 /Users/noelorin/GOSpeak/packages/server/internal/signal/hub.go:65: [Signal] client connected: 49
2026/05/28 00:12:36.073390 /Users/noelorin/GOSpeak/packages/server/internal/signal/hub.go:65: [Signal] client connected: 49
2026/05/28 00:12:36.073960 /Users/noelorin/GOSpeak/packages/server/internal/signal/hub.go:85: [Signal] client disconnected: 49, reason: client namespace disconnect
2026/05/28 00:12:37.132720 /Users/noelorin/GOSpeak/packages/server/internal/signal/hub.go:65: [Signal] client connected: 4a
2026/05/28 00:12:37.133687 /Users/noelorin/GOSpeak/packages/server/internal/signal/hub.go:65: [Signal] client connected: 4a
2026/05/28 00:12:37.134108 /Users/noelorin/GOSpeak/packages/server/internal/signal/hub.go:85: [Signal] client disconnected: 4a, reason: client namespace disconnect
2026/05/28 00:12:37.715803 /Users/noelorin/GOSpeak/packages/server/internal/signal/hub.go:65: [Signal] client connected: 4b
2026/05/28 00:12:37.717918 /Users/noelorin/GOSpeak/packages/server/internal/signal/hub.go:65: [Signal] client connected: 4b
2026/05/28 00:12:37.718650 /Users/noelorin/GOSpeak/packages/server/internal/signal/hub.go:85: [Signal] client disconnected: 4b, reason: client namespace disconnect
2026/05/28 00:12:38.299910 /Users/noelorin/GOSpeak/packages/server/internal/signal/hub.go:65: [Signal] client connected: 4c
2026/05/28 00:12:38.300991 /Users/noelorin/GOSpeak/packages/server/internal/signal/hub.go:65: [Signal] client connected: 4c
2026/05/28 00:12:38.301520 /Users/noelorin/GOSpeak/packages/server/internal/signal/hub.go:85: [Signal] client disconnected: 4c, reason: client namespace disconnect
2026/05/28 00:12:39.067627 /Users/noelorin/GOSpeak/packages/server/internal/signal/hub.go:65: [Signal] client connected: 4d
2026/05/28 00:12:39.068672 /Users/noelorin/GOSpeak/packages/server/internal/signal/hub.go:65: [Signal] client connected: 4d
2026/05/28 00:12:39.069076 /Users/noelorin/GOSpeak/packages/server/internal/signal/hub.go:85: [Signal] client disconnected: 4d, reason: client namespace disconnect
2026/05/28 00:12:40.272963 /Users/noelorin/GOSpeak/packages/server/internal/signal/hub.go:65: [Signal] client connected: 4e
2026/05/28 00:12:40.277103 /Users/noelorin/GOSpeak/packages/server/internal/signal/hub.go:65: [Signal] client connected: 4e
2026/05/28 00:12:40.278257 /Users/noelorin/GOSpeak/packages/server/internal/signal/hub.go:85: [Signal] client disconnected: 4e, reason: client namespace disconnect
2026/05/28 00:12:41.573402 /Users/noelorin/GOSpeak/packages/server/internal/signal/hub.go:65: [Signal] client connected: 4f
2026/05/28 00:12:41.575348 /Users/noelorin/GOSpeak/packages/server/internal/signal/hub.go:65: [Signal] client connected: 4f
2026/05/28 00:12:41.576278 /Users/noelorin/GOSpeak/packages/server/internal/signal/hub.go:85: [Signal] client disconnected: 4f, reason: client namespace disconnect
2026/05/28 00:12:42.737297 /Users/noelorin/GOSpeak/packages/server/internal/signal/hub.go:65: [Signal] client connected: 4g
2026/05/28 00:12:42.739435 /Users/noelorin/GOSpeak/packages/server/internal/signal/hub.go:65: [Signal] client connected: 4g
2026/05/28 00:12:42.741392 /Users/noelorin/GOSpeak/packages/server/internal/signal/hub.go:85: [Signal] client disconnected: 4g, reason: client namespace disconnect
2026/05/28 00:12:43.731091 /Users/noelorin/GOSpeak/packages/server/internal/signal/hub.go:65: [Signal] client connected: 4h
2026/05/28 00:12:43.733352 /Users/noelorin/GOSpeak/packages/server/internal/signal/hub.go:65: [Signal] client connected: 4h
2026/05/28 00:12:43.733987 /Users/noelorin/GOSpeak/packages/server/internal/signal/hub.go:85: [Signal] client disconnected: 4h, reason: client namespace disconnect
2026/05/28 00:12:45.103264 /Users/noelorin/GOSpeak/packages/server/internal/signal/hub.go:65: [Signal] client connected: 4i
2026/05/28 00:12:45.105174 /Users/noelorin/GOSpeak/packages/server/internal/signal/hub.go:65: [Signal] client connected: 4i
2026/05/28 00:12:45.106217 /Users/noelorin/GOSpeak/packages/server/internal/signal/hub.go:85: [Signal] client disconnected: 4i, reason: client namespace disconnect
2026/05/28 00:12:45.762360 /Users/noelorin/GOSpeak/packages/server/internal/signal/hub.go:65: [Signal] client connected: 4j
2026/05/28 00:12:45.764629 /Users/noelorin/GOSpeak/packages/server/internal/signal/hub.go:65: [Signal] client connected: 4j
2026/05/28 00:12:45.765269 /Users/noelorin/GOSpeak/packages/server/internal/signal/hub.go:85: [Signal] client disconnected: 4j, reason: client namespace disconnect
2026/05/28 00:12:46.736485 /Users/noelorin/GOSpeak/packages/server/internal/signal/hub.go:65: [Signal] client connected: 4k
2026/05/28 00:12:46.738191 /Users/noelorin/GOSpeak/packages/server/internal/signal/hub.go:65: [Signal] client connected: 4k
2026/05/28 00:12:46.739109 /Users/noelorin/GOSpeak/packages/server/internal/signal/hub.go:85: [Signal] client disconnected: 4k, reason: client namespace disconnect
2026/05/28 00:12:47.514294 /Users/noelorin/GOSpeak/packages/server/internal/signal/hub.go:65: [Signal] client connected: 4l
2026/05/28 00:12:47.516521 /Users/noelorin/GOSpeak/packages/server/internal/signal/hub.go:65: [Signal] client connected: 4l
2026/05/28 00:12:47.517186 /Users/noelorin/GOSpeak/packages/server/internal/signal/hub.go:85: [Signal] client disconnected: 4l, reason: client namespace disconnect
2026/05/28 00:12:48.088744 /Users/noelorin/GOSpeak/packages/server/internal/signal/hub.go:65: [Signal] client connected: 4m
2026/05/28 00:12:48.090174 /Users/noelorin/GOSpeak/packages/server/internal/signal/hub.go:65: [Signal] client connected: 4m
2026/05/28 00:12:48.090673 /Users/noelorin/GOSpeak/packages/server/internal/signal/hub.go:85: [Signal] client disconnected: 4m, reason: client namespace disconnect
2026/05/28 00:12:48.975597 /Users/noelorin/GOSpeak/packages/server/internal/signal/hub.go:65: [Signal] client connected: 4n
2026/05/28 00:12:48.977870 /Users/noelorin/GOSpeak/packages/server/internal/signal/hub.go:65: [Signal] client connected: 4n
2026/05/28 00:12:48.978832 /Users/noelorin/GOSpeak/packages/server/internal/signal/hub.go:85: [Signal] client disconnected: 4n, reason: client namespace disconnect
2026/05/28 00:12:50.144536 /Users/noelorin/GOSpeak/packages/server/internal/signal/hub.go:65: [Signal] client connected: 4o
2026/05/28 00:12:50.146158 /Users/noelorin/GOSpeak/packages/server/internal/signal/hub.go:65: [Signal] client connected: 4o
2026/05/28 00:12:50.147239 /Users/noelorin/GOSpeak/packages/server/internal/signal/hub.go:85: [Signal] client disconnected: 4o, reason: client namespace disconnect
2026/05/28 00:12:51.541723 /Users/noelorin/GOSpeak/packages/server/internal/signal/hub.go:65: [Signal] client connected: 4p
2026/05/28 00:12:51.544197 /Users/noelorin/GOSpeak/packages/server/internal/signal/hub.go:65: [Signal] client connected: 4p
2026/05/28 00:12:51.545010 /Users/noelorin/GOSpeak/packages/server/internal/signal/hub.go:85: [Signal] client disconnected: 4p, reason: client namespace disconnect
2026/05/28 00:12:52.734258 /Users/noelorin/GOSpeak/packages/server/internal/signal/hub.go:65: [Signal] client connected: 4q
2026/05/28 00:12:52.735962 /Users/noelorin/GOSpeak/packages/server/internal/signal/hub.go:65: [Signal] client connected: 4q
2026/05/28 00:12:52.736727 /Users/noelorin/GOSpeak/packages/server/internal/signal/hub.go:85: [Signal] client disconnected: 4q, reason: client namespace disconnect
2026/05/28 00:12:53.903848 /Users/noelorin/GOSpeak/packages/server/internal/signal/hub.go:65: [Signal] client connected: 4r
2026/05/28 00:12:53.905688 /Users/noelorin/GOSpeak/packages/server/internal/signal/hub.go:65: [Signal] client connected: 4r
2026/05/28 00:12:53.906584 /Users/noelorin/GOSpeak/packages/server/internal/signal/hub.go:85: [Signal] client disconnected: 4r, reason: client namespace disconnect
2026/05/28 00:12:54.804728 /Users/noelorin/GOSpeak/packages/server/internal/signal/hub.go:65: [Signal] client connected: 4s
2026/05/28 00:12:54.806416 /Users/noelorin/GOSpeak/packages/server/internal/signal/hub.go:65: [Signal] client connected: 4s
2026/05/28 00:12:54.807689 /Users/noelorin/GOSpeak/packages/server/internal/signal/hub.go:85: [Signal] client disconnected: 4s, reason: client namespace disconnect
2026/05/28 00:12:55.867920 /Users/noelorin/GOSpeak/packages/server/internal/signal/hub.go:65: [Signal] client connected: 4t
2026/05/28 00:12:55.869494 /Users/noelorin/GOSpeak/packages/server/internal/signal/hub.go:65: [Signal] client connected: 4t
2026/05/28 00:12:55.870431 /Users/noelorin/GOSpeak/packages/server/internal/signal/hub.go:85: [Signal] client disconnected: 4t, reason: client namespace disconnect
2026/05/28 00:12:56.767768 /Users/noelorin/GOSpeak/packages/server/internal/signal/hub.go:65: [Signal] client connected: 4u
2026/05/28 00:12:56.769715 /Users/noelorin/GOSpeak/packages/server/internal/signal/hub.go:65: [Signal] client connected: 4u
2026/05/28 00:12:56.770541 /Users/noelorin/GOSpeak/packages/server/internal/signal/hub.go:85: [Signal] client disconnected: 4u, reason: client namespace disconnect
2026/05/28 00:12:57.768987 /Users/noelorin/GOSpeak/packages/server/internal/signal/hub.go:65: [Signal] client connected: 4v
2026/05/28 00:12:57.770920 /Users/noelorin/GOSpeak/packages/server/internal/signal/hub.go:65: [Signal] client connected: 4v
2026/05/28 00:12:57.771517 /Users/noelorin/GOSpeak/packages/server/internal/signal/hub.go:85: [Signal] client disconnected: 4v, reason: client namespace disconnect
2026/05/28 00:12:58.843959 /Users/noelorin/GOSpeak/packages/server/internal/signal/hub.go:65: [Signal] client connected: 4w
2026/05/28 00:12:58.845778 /Users/noelorin/GOSpeak/packages/server/internal/signal/hub.go:65: [Signal] client connected: 4w
2026/05/28 00:12:58.846407 /Users/noelorin/GOSpeak/packages/server/internal/signal/hub.go:85: [Signal] client disconnected: 4w, reason: client namespace disconnect
2026/05/28 00:12:59.939291 /Users/noelorin/GOSpeak/packages/server/internal/signal/hub.go:65: [Signal] client connected: 4x
2026/05/28 00:12:59.941396 /Users/noelorin/GOSpeak/packages/server/internal/signal/hub.go:65: [Signal] client connected: 4x
2026/05/28 00:12:59.942530 /Users/noelorin/GOSpeak/packages/server/internal/signal/hub.go:85: [Signal] client disconnected: 4x, reason: client namespace disconnect
2026/05/28 00:13:00.815836 /Users/noelorin/GOSpeak/packages/server/internal/signal/hub.go:65: [Signal] client connected: 4y
2026/05/28 00:13:00.817935 /Users/noelorin/GOSpeak/packages/server/internal/signal/hub.go:65: [Signal] client connected: 4y
2026/05/28 00:13:00.818437 /Users/noelorin/GOSpeak/packages/server/internal/signal/hub.go:85: [Signal] client disconnected: 4y, reason: client namespace disconnect
2026/05/28 00:13:01.804718 /Users/noelorin/GOSpeak/packages/server/internal/signal/hub.go:65: [Signal] client connected: 4z
2026/05/28 00:13:01.807298 /Users/noelorin/GOSpeak/packages/server/internal/signal/hub.go:65: [Signal] client connected: 4z
2026/05/28 00:13:01.808172 /Users/noelorin/GOSpeak/packages/server/internal/signal/hub.go:85: [Signal] client disconnected: 4z, reason: client namespace disconnect
2026/05/28 00:13:02.365950 /Users/noelorin/GOSpeak/packages/server/internal/signal/hub.go:65: [Signal] client connected: 50
2026/05/28 00:13:02.367583 /Users/noelorin/GOSpeak/packages/server/internal/signal/hub.go:65: [Signal] client connected: 50
2026/05/28 00:13:02.368079 /Users/noelorin/GOSpeak/packages/server/internal/signal/hub.go:85: [Signal] client disconnected: 50, reason: client namespace disconnect
2026/05/28 00:13:03.827846 /Users/noelorin/GOSpeak/packages/server/internal/signal/hub.go:65: [Signal] client connected: 51
2026/05/28 00:13:03.831159 /Users/noelorin/GOSpeak/packages/server/internal/signal/hub.go:65: [Signal] client connected: 51
2026/05/28 00:13:03.831656 /Users/noelorin/GOSpeak/packages/server/internal/signal/hub.go:85: [Signal] client disconnected: 51, reason: client namespace disconnect
2026/05/28 00:13:05.109693 /Users/noelorin/GOSpeak/packages/server/internal/signal/hub.go:65: [Signal] client connected: 52
2026/05/28 00:13:05.111904 /Users/noelorin/GOSpeak/packages/server/internal/signal/hub.go:65: [Signal] client connected: 52
2026/05/28 00:13:05.112705 /Users/noelorin/GOSpeak/packages/server/internal/signal/hub.go:85: [Signal] client disconnected: 52, reason: client namespace disconnect
2026/05/28 00:13:06.267934 /Users/noelorin/GOSpeak/packages/server/internal/signal/hub.go:65: [Signal] client connected: 53
2026/05/28 00:13:06.269790 /Users/noelorin/GOSpeak/packages/server/internal/signal/hub.go:65: [Signal] client connected: 53
2026/05/28 00:13:06.270648 /Users/noelorin/GOSpeak/packages/server/internal/signal/hub.go:85: [Signal] client disconnected: 53, reason: client namespace disconnect
2026/05/28 00:13:07.066893 /Users/noelorin/GOSpeak/packages/server/internal/signal/hub.go:65: [Signal] client connected: 54
2026/05/28 00:13:07.068412 /Users/noelorin/GOSpeak/packages/server/internal/signal/hub.go:65: [Signal] client connected: 54
2026/05/28 00:13:07.068904 /Users/noelorin/GOSpeak/packages/server/internal/signal/hub.go:85: [Signal] client disconnected: 54, reason: client namespace disconnect
2026/05/28 00:13:08.067628 /Users/noelorin/GOSpeak/packages/server/internal/signal/hub.go:65: [Signal] client connected: 55
2026/05/28 00:13:08.069237 /Users/noelorin/GOSpeak/packages/server/internal/signal/hub.go:65: [Signal] client connected: 55
2026/05/28 00:13:08.070099 /Users/noelorin/GOSpeak/packages/server/internal/signal/hub.go:85: [Signal] client disconnected: 55, reason: client namespace disconnect
2026/05/28 00:13:09.550009 /Users/noelorin/GOSpeak/packages/server/internal/signal/hub.go:65: [Signal] client connected: 56
2026/05/28 00:13:09.551914 /Users/noelorin/GOSpeak/packages/server/internal/signal/hub.go:65: [Signal] client connected: 56
2026/05/28 00:13:09.552781 /Users/noelorin/GOSpeak/packages/server/internal/signal/hub.go:85: [Signal] client disconnected: 56, reason: client namespace disconnect
2026/05/28 00:13:10.851923 /Users/noelorin/GOSpeak/packages/server/internal/signal/hub.go:65: [Signal] client connected: 57
2026/05/28 00:13:10.888501 /Users/noelorin/GOSpeak/packages/server/internal/signal/hub.go:65: [Signal] client connected: 57
2026/05/28 00:13:10.889318 /Users/noelorin/GOSpeak/packages/server/internal/signal/hub.go:85: [Signal] client disconnected: 57, reason: client namespace disconnect
2026/05/28 00:13:11.565485 /Users/noelorin/GOSpeak/packages/server/internal/signal/hub.go:65: [Signal] client connected: 58
2026/05/28 00:13:11.567478 /Users/noelorin/GOSpeak/packages/server/internal/signal/hub.go:65: [Signal] client connected: 58
2026/05/28 00:13:11.568222 /Users/noelorin/GOSpeak/packages/server/internal/signal/hub.go:85: [Signal] client disconnected: 58, reason: client namespace disconnect
2026/05/28 00:13:12.558883 /Users/noelorin/GOSpeak/packages/server/internal/signal/hub.go:65: [Signal] client connected: 59
2026/05/28 00:13:12.560814 /Users/noelorin/GOSpeak/packages/server/internal/signal/hub.go:65: [Signal] client connected: 59
2026/05/28 00:13:12.561907 /Users/noelorin/GOSpeak/packages/server/internal/signal/hub.go:85: [Signal] client disconnected: 59, reason: client namespace disconnect
2026/05/28 00:13:13.557054 /Users/noelorin/GOSpeak/packages/server/internal/signal/hub.go:65: [Signal] client connected: 5a
2026/05/28 00:13:13.558977 /Users/noelorin/GOSpeak/packages/server/internal/signal/hub.go:65: [Signal] client connected: 5a
2026/05/28 00:13:13.560228 /Users/noelorin/GOSpeak/packages/server/internal/signal/hub.go:85: [Signal] client disconnected: 5a, reason: client namespace disconnect
2026/05/28 00:13:14.337968 /Users/noelorin/GOSpeak/packages/server/internal/signal/hub.go:65: [Signal] client connected: 5b
2026/05/28 00:13:14.339651 /Users/noelorin/GOSpeak/packages/server/internal/signal/hub.go:65: [Signal] client connected: 5b
2026/05/28 00:13:14.340174 /Users/noelorin/GOSpeak/packages/server/internal/signal/hub.go:85: [Signal] client disconnected: 5b, reason: client namespace disconnect
2026/05/28 00:13:15.642984 /Users/noelorin/GOSpeak/packages/server/internal/signal/hub.go:65: [Signal] client connected: 5c
2026/05/28 00:13:15.644743 /Users/noelorin/GOSpeak/packages/server/internal/signal/hub.go:65: [Signal] client connected: 5c
2026/05/28 00:13:15.645290 /Users/noelorin/GOSpeak/packages/server/internal/signal/hub.go:85: [Signal] client disconnected: 5c, reason: client namespace disconnect
2026/05/28 00:13:16.516452 /Users/noelorin/GOSpeak/packages/server/internal/signal/hub.go:65: [Signal] client connected: 5d
2026/05/28 00:13:16.517748 /Users/noelorin/GOSpeak/packages/server/internal/signal/hub.go:65: [Signal] client connected: 5d
2026/05/28 00:13:16.518152 /Users/noelorin/GOSpeak/packages/server/internal/signal/hub.go:85: [Signal] client disconnected: 5d, reason: client namespace disconnect
2026/05/28 00:13:17.187851 /Users/noelorin/GOSpeak/packages/server/internal/signal/hub.go:65: [Signal] client connected: 5e
2026/05/28 00:13:17.189508 /Users/noelorin/GOSpeak/packages/server/internal/signal/hub.go:65: [Signal] client connected: 5e
2026/05/28 00:13:17.190160 /Users/noelorin/GOSpeak/packages/server/internal/signal/hub.go:85: [Signal] client disconnected: 5e, reason: client namespace disconnect
2026/05/28 00:13:18.188189 /Users/noelorin/GOSpeak/packages/server/internal/signal/hub.go:65: [Signal] client connected: 5f
2026/05/28 00:13:18.190647 /Users/noelorin/GOSpeak/packages/server/internal/signal/hub.go:65: [Signal] client connected: 5f
2026/05/28 00:13:18.191305 /Users/noelorin/GOSpeak/packages/server/internal/signal/hub.go:85: [Signal] client disconnected: 5f, reason: client namespace disconnect
2026/05/28 00:13:18.988804 /Users/noelorin/GOSpeak/packages/server/internal/signal/hub.go:65: [Signal] client connected: 5g
2026/05/28 00:13:18.990287 /Users/noelorin/GOSpeak/packages/server/internal/signal/hub.go:65: [Signal] client connected: 5g
2026/05/28 00:13:18.990918 /Users/noelorin/GOSpeak/packages/server/internal/signal/hub.go:85: [Signal] client disconnected: 5g, reason: client namespace disconnect
2026/05/28 00:13:20.077491 /Users/noelorin/GOSpeak/packages/server/internal/signal/hub.go:65: [Signal] client connected: 5h
2026/05/28 00:13:20.080309 /Users/noelorin/GOSpeak/packages/server/internal/signal/hub.go:65: [Signal] client connected: 5h
2026/05/28 00:13:20.081525 /Users/noelorin/GOSpeak/packages/server/internal/signal/hub.go:85: [Signal] client disconnected: 5h, reason: client namespace disconnect
2026/05/28 00:13:20.884322 /Users/noelorin/GOSpeak/packages/server/internal/signal/hub.go:65: [Signal] client connected: 5i
2026/05/28 00:13:20.885302 /Users/noelorin/GOSpeak/packages/server/internal/signal/hub.go:65: [Signal] client connected: 5i
2026/05/28 00:13:20.885734 /Users/noelorin/GOSpeak/packages/server/internal/signal/hub.go:85: [Signal] client disconnected: 5i, reason: client namespace disconnect
2026/05/28 00:13:21.959468 /Users/noelorin/GOSpeak/packages/server/internal/signal/hub.go:65: [Signal] client connected: 5j
2026/05/28 00:13:21.961563 /Users/noelorin/GOSpeak/packages/server/internal/signal/hub.go:65: [Signal] client connected: 5j
2026/05/28 00:13:21.963474 /Users/noelorin/GOSpeak/packages/server/internal/signal/hub.go:85: [Signal] client disconnected: 5j, reason: client namespace disconnect
2026/05/28 00:13:23.354803 /Users/noelorin/GOSpeak/packages/server/internal/signal/hub.go:65: [Signal] client connected: 5k
2026/05/28 00:13:23.356811 /Users/noelorin/GOSpeak/packages/server/internal/signal/hub.go:65: [Signal] client connected: 5k
2026/05/28 00:13:23.357701 /Users/noelorin/GOSpeak/packages/server/internal/signal/hub.go:85: [Signal] client disconnected: 5k, reason: client namespace disconnect
2026/05/28 00:13:24.627736 /Users/noelorin/GOSpeak/packages/server/internal/signal/hub.go:65: [Signal] client connected: 5l
2026/05/28 00:13:24.630057 /Users/noelorin/GOSpeak/packages/server/internal/signal/hub.go:65: [Signal] client connected: 5l
2026/05/28 00:13:24.630778 /Users/noelorin/GOSpeak/packages/server/internal/signal/hub.go:85: [Signal] client disconnected: 5l, reason: client namespace disconnect
2026/05/28 00:13:25.418015 /Users/noelorin/GOSpeak/packages/server/internal/signal/hub.go:65: [Signal] client connected: 5m
2026/05/28 00:13:25.419448 /Users/noelorin/GOSpeak/packages/server/internal/signal/hub.go:65: [Signal] client connected: 5m
2026/05/28 00:13:25.419909 /Users/noelorin/GOSpeak/packages/server/internal/signal/hub.go:85: [Signal] client disconnected: 5m, reason: client namespace disconnect
2026/05/28 00:13:26.002741 /Users/noelorin/GOSpeak/packages/server/internal/signal/hub.go:65: [Signal] client connected: 5n
2026/05/28 00:13:26.005241 /Users/noelorin/GOSpeak/packages/server/internal/signal/hub.go:65: [Signal] client connected: 5n
2026/05/28 00:13:26.007087 /Users/noelorin/GOSpeak/packages/server/internal/signal/hub.go:85: [Signal] client disconnected: 5n, reason: client namespace disconnect
2026/05/28 00:13:27.089916 /Users/noelorin/GOSpeak/packages/server/internal/signal/hub.go:65: [Signal] client connected: 5o
2026/05/28 00:13:27.091771 /Users/noelorin/GOSpeak/packages/server/internal/signal/hub.go:65: [Signal] client connected: 5o
2026/05/28 00:13:27.092457 /Users/noelorin/GOSpeak/packages/server/internal/signal/hub.go:85: [Signal] client disconnected: 5o, reason: client namespace disconnect
2026/05/28 00:13:27.798549 /Users/noelorin/GOSpeak/packages/server/internal/signal/hub.go:65: [Signal] client connected: 5p
2026/05/28 00:13:27.800499 /Users/noelorin/GOSpeak/packages/server/internal/signal/hub.go:65: [Signal] client connected: 5p
2026/05/28 00:13:27.801350 /Users/noelorin/GOSpeak/packages/server/internal/signal/hub.go:85: [Signal] client disconnected: 5p, reason: client namespace disconnect
2026/05/28 00:13:28.459099 /Users/noelorin/GOSpeak/packages/server/internal/signal/hub.go:65: [Signal] client connected: 5q
2026/05/28 00:13:28.461068 /Users/noelorin/GOSpeak/packages/server/internal/signal/hub.go:65: [Signal] client connected: 5q
2026/05/28 00:13:28.461586 /Users/noelorin/GOSpeak/packages/server/internal/signal/hub.go:85: [Signal] client disconnected: 5q, reason: client namespace disconnect
2026/05/28 00:13:29.444516 /Users/noelorin/GOSpeak/packages/server/internal/signal/hub.go:65: [Signal] client connected: 5r
2026/05/28 00:13:29.448032 /Users/noelorin/GOSpeak/packages/server/internal/signal/hub.go:65: [Signal] client connected: 5r
2026/05/28 00:13:29.448923 /Users/noelorin/GOSpeak/packages/server/internal/signal/hub.go:85: [Signal] client disconnected: 5r, reason: client namespace disconnect
2026/05/28 00:13:30.439542 /Users/noelorin/GOSpeak/packages/server/internal/signal/hub.go:65: [Signal] client connected: 5s
2026/05/28 00:13:30.441762 /Users/noelorin/GOSpeak/packages/server/internal/signal/hub.go:65: [Signal] client connected: 5s
2026/05/28 00:13:30.442193 /Users/noelorin/GOSpeak/packages/server/internal/signal/hub.go:85: [Signal] client disconnected: 5s, reason: client namespace disconnect
2026/05/28 00:13:31.819643 /Users/noelorin/GOSpeak/packages/server/internal/signal/hub.go:65: [Signal] client connected: 5t
2026/05/28 00:13:31.823440 /Users/noelorin/GOSpeak/packages/server/internal/signal/hub.go:65: [Signal] client connected: 5t
2026/05/28 00:13:31.824103 /Users/noelorin/GOSpeak/packages/server/internal/signal/hub.go:85: [Signal] client disconnected: 5t, reason: client namespace disconnect
2026/05/28 00:13:32.411900 /Users/noelorin/GOSpeak/packages/server/internal/signal/hub.go:65: [Signal] client connected: 5u
2026/05/28 00:13:32.415528 /Users/noelorin/GOSpeak/packages/server/internal/signal/hub.go:65: [Signal] client connected: 5u
2026/05/28 00:13:32.416122 /Users/noelorin/GOSpeak/packages/server/internal/signal/hub.go:85: [Signal] client disconnected: 5u, reason: client namespace disconnect
2026/05/28 00:13:33.189243 /Users/noelorin/GOSpeak/packages/server/internal/signal/hub.go:65: [Signal] client connected: 5v
2026/05/28 00:13:33.191256 /Users/noelorin/GOSpeak/packages/server/internal/signal/hub.go:65: [Signal] client connected: 5v
2026/05/28 00:13:33.191752 /Users/noelorin/GOSpeak/packages/server/internal/signal/hub.go:85: [Signal] client disconnected: 5v, reason: client namespace disconnect
2026/05/28 00:13:34.670418 /Users/noelorin/GOSpeak/packages/server/internal/signal/hub.go:65: [Signal] client connected: 5w
2026/05/28 00:13:34.672158 /Users/noelorin/GOSpeak/packages/server/internal/signal/hub.go:65: [Signal] client connected: 5w
2026/05/28 00:13:34.672975 /Users/noelorin/GOSpeak/packages/server/internal/signal/hub.go:85: [Signal] client disconnected: 5w, reason: client namespace disconnect
2026/05/28 00:13:35.735134 /Users/noelorin/GOSpeak/packages/server/internal/signal/hub.go:65: [Signal] client connected: 5x
2026/05/28 00:13:35.737055 /Users/noelorin/GOSpeak/packages/server/internal/signal/hub.go:65: [Signal] client connected: 5x
2026/05/28 00:13:35.737642 /Users/noelorin/GOSpeak/packages/server/internal/signal/hub.go:85: [Signal] client disconnected: 5x, reason: client namespace disconnect
2026/05/28 00:13:36.636821 /Users/noelorin/GOSpeak/packages/server/internal/signal/hub.go:65: [Signal] client connected: 5y
2026/05/28 00:13:36.639172 /Users/noelorin/GOSpeak/packages/server/internal/signal/hub.go:65: [Signal] client connected: 5y
2026/05/28 00:13:36.639958 /Users/noelorin/GOSpeak/packages/server/internal/signal/hub.go:85: [Signal] client disconnected: 5y, reason: client namespace disconnect
2026/05/28 00:13:37.805394 /Users/noelorin/GOSpeak/packages/server/internal/signal/hub.go:65: [Signal] client connected: 5z
2026/05/28 00:13:37.807252 /Users/noelorin/GOSpeak/packages/server/internal/signal/hub.go:65: [Signal] client connected: 5z
2026/05/28 00:13:37.808195 /Users/noelorin/GOSpeak/packages/server/internal/signal/hub.go:85: [Signal] client disconnected: 5z, reason: client namespace disconnect
2026/05/28 00:13:38.598627 /Users/noelorin/GOSpeak/packages/server/internal/signal/hub.go:65: [Signal] client connected: 60
2026/05/28 00:13:38.599732 /Users/noelorin/GOSpeak/packages/server/internal/signal/hub.go:65: [Signal] client connected: 60
2026/05/28 00:13:38.600328 /Users/noelorin/GOSpeak/packages/server/internal/signal/hub.go:85: [Signal] client disconnected: 60, reason: client namespace disconnect
2026/05/28 00:13:39.873081 /Users/noelorin/GOSpeak/packages/server/internal/signal/hub.go:65: [Signal] client connected: 61
2026/05/28 00:13:39.874863 /Users/noelorin/GOSpeak/packages/server/internal/signal/hub.go:65: [Signal] client connected: 61
2026/05/28 00:13:39.875460 /Users/noelorin/GOSpeak/packages/server/internal/signal/hub.go:85: [Signal] client disconnected: 61, reason: client namespace disconnect
2026/05/28 00:13:40.970694 /Users/noelorin/GOSpeak/packages/server/internal/signal/hub.go:65: [Signal] client connected: 62
2026/05/28 00:13:40.972545 /Users/noelorin/GOSpeak/packages/server/internal/signal/hub.go:65: [Signal] client connected: 62
2026/05/28 00:13:40.973346 /Users/noelorin/GOSpeak/packages/server/internal/signal/hub.go:85: [Signal] client disconnected: 62, reason: client namespace disconnect
2026/05/28 00:13:42.477805 /Users/noelorin/GOSpeak/packages/server/internal/signal/hub.go:65: [Signal] client connected: 63
2026/05/28 00:13:42.480826 /Users/noelorin/GOSpeak/packages/server/internal/signal/hub.go:65: [Signal] client connected: 63
2026/05/28 00:13:42.481635 /Users/noelorin/GOSpeak/packages/server/internal/signal/hub.go:85: [Signal] client disconnected: 63, reason: client namespace disconnect
2026/05/28 00:13:43.682837 /Users/noelorin/GOSpeak/packages/server/internal/signal/hub.go:65: [Signal] client connected: 64
2026/05/28 00:13:43.685314 /Users/noelorin/GOSpeak/packages/server/internal/signal/hub.go:65: [Signal] client connected: 64
2026/05/28 00:13:43.685873 /Users/noelorin/GOSpeak/packages/server/internal/signal/hub.go:85: [Signal] client disconnected: 64, reason: client namespace disconnect
2026/05/28 00:13:44.947979 /Users/noelorin/GOSpeak/packages/server/internal/signal/hub.go:65: [Signal] client connected: 65
2026/05/28 00:13:44.949707 /Users/noelorin/GOSpeak/packages/server/internal/signal/hub.go:65: [Signal] client connected: 65
2026/05/28 00:13:44.950199 /Users/noelorin/GOSpeak/packages/server/internal/signal/hub.go:85: [Signal] client disconnected: 65, reason: client namespace disconnect
2026/05/28 00:13:45.734547 /Users/noelorin/GOSpeak/packages/server/internal/signal/hub.go:65: [Signal] client connected: 66
2026/05/28 00:13:45.735864 /Users/noelorin/GOSpeak/packages/server/internal/signal/hub.go:65: [Signal] client connected: 66
2026/05/28 00:13:45.736359 /Users/noelorin/GOSpeak/packages/server/internal/signal/hub.go:85: [Signal] client disconnected: 66, reason: client namespace disconnect
2026/05/28 00:13:46.299892 /Users/noelorin/GOSpeak/packages/server/internal/signal/hub.go:65: [Signal] client connected: 67
2026/05/28 00:13:46.301304 /Users/noelorin/GOSpeak/packages/server/internal/signal/hub.go:65: [Signal] client connected: 67
2026/05/28 00:13:46.302003 /Users/noelorin/GOSpeak/packages/server/internal/signal/hub.go:85: [Signal] client disconnected: 67, reason: client namespace disconnect
2026/05/28 00:13:47.292129 /Users/noelorin/GOSpeak/packages/server/internal/signal/hub.go:65: [Signal] client connected: 68
2026/05/28 00:13:47.294594 /Users/noelorin/GOSpeak/packages/server/internal/signal/hub.go:65: [Signal] client connected: 68
2026/05/28 00:13:47.296557 /Users/noelorin/GOSpeak/packages/server/internal/signal/hub.go:85: [Signal] client disconnected: 68, reason: client namespace disconnect
2026/05/28 00:13:48.682473 /Users/noelorin/GOSpeak/packages/server/internal/signal/hub.go:65: [Signal] client connected: 69
2026/05/28 00:13:48.684286 /Users/noelorin/GOSpeak/packages/server/internal/signal/hub.go:65: [Signal] client connected: 69
2026/05/28 00:13:48.685313 /Users/noelorin/GOSpeak/packages/server/internal/signal/hub.go:85: [Signal] client disconnected: 69, reason: client namespace disconnect
2026/05/28 00:13:49.668166 /Users/noelorin/GOSpeak/packages/server/internal/signal/hub.go:65: [Signal] client connected: 6a
2026/05/28 00:13:49.669764 /Users/noelorin/GOSpeak/packages/server/internal/signal/hub.go:65: [Signal] client connected: 6a
2026/05/28 00:13:49.670932 /Users/noelorin/GOSpeak/packages/server/internal/signal/hub.go:85: [Signal] client disconnected: 6a, reason: client namespace disconnect
2026/05/28 00:13:51.049299 /Users/noelorin/GOSpeak/packages/server/internal/signal/hub.go:65: [Signal] client connected: 6b
2026/05/28 00:13:51.050919 /Users/noelorin/GOSpeak/packages/server/internal/signal/hub.go:65: [Signal] client connected: 6b
2026/05/28 00:13:51.051762 /Users/noelorin/GOSpeak/packages/server/internal/signal/hub.go:85: [Signal] client disconnected: 6b, reason: client namespace disconnect
2026/05/28 00:13:52.137289 /Users/noelorin/GOSpeak/packages/server/internal/signal/hub.go:65: [Signal] client connected: 6c
2026/05/28 00:13:52.142605 /Users/noelorin/GOSpeak/packages/server/internal/signal/hub.go:65: [Signal] client connected: 6c
2026/05/28 00:13:52.148349 /Users/noelorin/GOSpeak/packages/server/internal/signal/hub.go:85: [Signal] client disconnected: 6c, reason: client namespace disconnect
2026/05/28 00:13:53.116399 /Users/noelorin/GOSpeak/packages/server/internal/signal/hub.go:65: [Signal] client connected: 6d
2026/05/28 00:13:53.118718 /Users/noelorin/GOSpeak/packages/server/internal/signal/hub.go:65: [Signal] client connected: 6d
2026/05/28 00:13:53.119465 /Users/noelorin/GOSpeak/packages/server/internal/signal/hub.go:85: [Signal] client disconnected: 6d, reason: client namespace disconnect
2026/05/28 00:13:53.986453 /Users/noelorin/GOSpeak/packages/server/internal/signal/hub.go:65: [Signal] client connected: 6e
2026/05/28 00:13:53.988200 /Users/noelorin/GOSpeak/packages/server/internal/signal/hub.go:65: [Signal] client connected: 6e
2026/05/28 00:13:53.988980 /Users/noelorin/GOSpeak/packages/server/internal/signal/hub.go:85: [Signal] client disconnected: 6e, reason: client namespace disconnect
2026/05/28 00:13:55.148483 /Users/noelorin/GOSpeak/packages/server/internal/signal/hub.go:65: [Signal] client connected: 6f
2026/05/28 00:13:55.149336 /Users/noelorin/GOSpeak/packages/server/internal/signal/hub.go:65: [Signal] client connected: 6f
2026/05/28 00:13:55.149743 /Users/noelorin/GOSpeak/packages/server/internal/signal/hub.go:85: [Signal] client disconnected: 6f, reason: client namespace disconnect
2026/05/28 00:13:57.078783 /Users/noelorin/GOSpeak/packages/server/internal/signal/hub.go:65: [Signal] client connected: 6g
2026/05/28 00:13:57.080431 /Users/noelorin/GOSpeak/packages/server/internal/signal/hub.go:65: [Signal] client connected: 6g
2026/05/28 00:13:57.080886 /Users/noelorin/GOSpeak/packages/server/internal/signal/hub.go:85: [Signal] client disconnected: 6g, reason: client namespace disconnect
2026/05/28 00:13:59.063419 /Users/noelorin/GOSpeak/packages/server/internal/signal/hub.go:65: [Signal] client connected: 6h
2026/05/28 00:13:59.065301 /Users/noelorin/GOSpeak/packages/server/internal/signal/hub.go:65: [Signal] client connected: 6h
2026/05/28 00:13:59.065903 /Users/noelorin/GOSpeak/packages/server/internal/signal/hub.go:85: [Signal] client disconnected: 6h, reason: client namespace disconnect
2026/05/28 00:14:01.064145 /Users/noelorin/GOSpeak/packages/server/internal/signal/hub.go:65: [Signal] client connected: 6i
2026/05/28 00:14:01.066908 /Users/noelorin/GOSpeak/packages/server/internal/signal/hub.go:65: [Signal] client connected: 6i
2026/05/28 00:14:01.069633 /Users/noelorin/GOSpeak/packages/server/internal/signal/hub.go:85: [Signal] client disconnected: 6i, reason: client namespace disconnect
2026/05/28 00:14:03.063704 /Users/noelorin/GOSpeak/packages/server/internal/signal/hub.go:65: [Signal] client connected: 6j
2026/05/28 00:14:03.065773 /Users/noelorin/GOSpeak/packages/server/internal/signal/hub.go:65: [Signal] client connected: 6j
2026/05/28 00:14:03.066978 /Users/noelorin/GOSpeak/packages/server/internal/signal/hub.go:85: [Signal] client disconnected: 6j, reason: client namespace disconnect
2026/05/28 00:14:04.065394 /Users/noelorin/GOSpeak/packages/server/internal/signal/hub.go:65: [Signal] client connected: 6k
2026/05/28 00:14:04.067943 /Users/noelorin/GOSpeak/packages/server/internal/signal/hub.go:65: [Signal] client connected: 6k
2026/05/28 00:14:04.068684 /Users/noelorin/GOSpeak/packages/server/internal/signal/hub.go:85: [Signal] client disconnected: 6k, reason: client namespace disconnect
2026/05/28 00:14:05.064732 /Users/noelorin/GOSpeak/packages/server/internal/signal/hub.go:65: [Signal] client connected: 6l
2026/05/28 00:14:05.066684 /Users/noelorin/GOSpeak/packages/server/internal/signal/hub.go:65: [Signal] client connected: 6l
2026/05/28 00:14:05.067331 /Users/noelorin/GOSpeak/packages/server/internal/signal/hub.go:85: [Signal] client disconnected: 6l, reason: client namespace disconnect
2026/05/28 00:14:07.064044 /Users/noelorin/GOSpeak/packages/server/internal/signal/hub.go:65: [Signal] client connected: 6m
2026/05/28 00:14:07.065958 /Users/noelorin/GOSpeak/packages/server/internal/signal/hub.go:65: [Signal] client connected: 6m
2026/05/28 00:14:07.066589 /Users/noelorin/GOSpeak/packages/server/internal/signal/hub.go:85: [Signal] client disconnected: 6m, reason: client namespace disconnect
2026/05/28 00:14:09.065738 /Users/noelorin/GOSpeak/packages/server/internal/signal/hub.go:65: [Signal] client connected: 6n
2026/05/28 00:14:09.067951 /Users/noelorin/GOSpeak/packages/server/internal/signal/hub.go:65: [Signal] client connected: 6n
2026/05/28 00:14:09.068686 /Users/noelorin/GOSpeak/packages/server/internal/signal/hub.go:85: [Signal] client disconnected: 6n, reason: client namespace disconnect
2026/05/28 00:14:11.065400 /Users/noelorin/GOSpeak/packages/server/internal/signal/hub.go:65: [Signal] client connected: 6o
2026/05/28 00:14:11.067289 /Users/noelorin/GOSpeak/packages/server/internal/signal/hub.go:65: [Signal] client connected: 6o
2026/05/28 00:14:11.067891 /Users/noelorin/GOSpeak/packages/server/internal/signal/hub.go:85: [Signal] client disconnected: 6o, reason: client namespace disconnect
2026/05/28 00:14:13.063140 /Users/noelorin/GOSpeak/packages/server/internal/signal/hub.go:65: [Signal] client connected: 6p
2026/05/28 00:14:13.065184 /Users/noelorin/GOSpeak/packages/server/internal/signal/hub.go:65: [Signal] client connected: 6p
2026/05/28 00:14:13.065999 /Users/noelorin/GOSpeak/packages/server/internal/signal/hub.go:85: [Signal] client disconnected: 6p, reason: client namespace disconnect
2026/05/28 00:14:15.065863 /Users/noelorin/GOSpeak/packages/server/internal/signal/hub.go:65: [Signal] client connected: 6q
2026/05/28 00:14:15.067938 /Users/noelorin/GOSpeak/packages/server/internal/signal/hub.go:65: [Signal] client connected: 6q
2026/05/28 00:14:15.068597 /Users/noelorin/GOSpeak/packages/server/internal/signal/hub.go:85: [Signal] client disconnected: 6q, reason: client namespace disconnect
2026/05/28 00:14:16.065196 /Users/noelorin/GOSpeak/packages/server/internal/signal/hub.go:65: [Signal] client connected: 6r
2026/05/28 00:14:16.067530 /Users/noelorin/GOSpeak/packages/server/internal/signal/hub.go:65: [Signal] client connected: 6r
2026/05/28 00:14:16.070228 /Users/noelorin/GOSpeak/packages/server/internal/signal/hub.go:85: [Signal] client disconnected: 6r, reason: client namespace disconnect
2026/05/28 00:14:18.061817 /Users/noelorin/GOSpeak/packages/server/internal/signal/hub.go:65: [Signal] client connected: 6s
2026/05/28 00:14:18.063525 /Users/noelorin/GOSpeak/packages/server/internal/signal/hub.go:65: [Signal] client connected: 6s
2026/05/28 00:14:18.064737 /Users/noelorin/GOSpeak/packages/server/internal/signal/hub.go:85: [Signal] client disconnected: 6s, reason: client namespace disconnect
2026/05/28 00:14:20.064251 /Users/noelorin/GOSpeak/packages/server/internal/signal/hub.go:65: [Signal] client connected: 6t
2026/05/28 00:14:20.066399 /Users/noelorin/GOSpeak/packages/server/internal/signal/hub.go:65: [Signal] client connected: 6t
2026/05/28 00:14:20.067552 /Users/noelorin/GOSpeak/packages/server/internal/signal/hub.go:85: [Signal] client disconnected: 6t, reason: client namespace disconnect
2026/05/28 00:14:22.063347 /Users/noelorin/GOSpeak/packages/server/internal/signal/hub.go:65: [Signal] client connected: 6u
2026/05/28 00:14:22.066691 /Users/noelorin/GOSpeak/packages/server/internal/signal/hub.go:65: [Signal] client connected: 6u
2026/05/28 00:14:22.067295 /Users/noelorin/GOSpeak/packages/server/internal/signal/hub.go:85: [Signal] client disconnected: 6u, reason: client namespace disconnect
2026/05/28 00:14:24.063323 /Users/noelorin/GOSpeak/packages/server/internal/signal/hub.go:65: [Signal] client connected: 6v
2026/05/28 00:14:24.065921 /Users/noelorin/GOSpeak/packages/server/internal/signal/hub.go:65: [Signal] client connected: 6v
2026/05/28 00:14:24.066425 /Users/noelorin/GOSpeak/packages/server/internal/signal/hub.go:85: [Signal] client disconnected: 6v, reason: client namespace disconnect
2026/05/28 00:14:26.061392 /Users/noelorin/GOSpeak/packages/server/internal/signal/hub.go:65: [Signal] client connected: 6w
2026/05/28 00:14:26.063160 /Users/noelorin/GOSpeak/packages/server/internal/signal/hub.go:65: [Signal] client connected: 6w
2026/05/28 00:14:26.064386 /Users/noelorin/GOSpeak/packages/server/internal/signal/hub.go:85: [Signal] client disconnected: 6w, reason: client namespace disconnect
2026/05/28 00:14:27.063259 /Users/noelorin/GOSpeak/packages/server/internal/signal/hub.go:65: [Signal] client connected: 6x
2026/05/28 00:14:27.065525 /Users/noelorin/GOSpeak/packages/server/internal/signal/hub.go:65: [Signal] client connected: 6x
2026/05/28 00:14:27.066466 /Users/noelorin/GOSpeak/packages/server/internal/signal/hub.go:85: [Signal] client disconnected: 6x, reason: client namespace disconnect
2026/05/28 00:14:29.061733 /Users/noelorin/GOSpeak/packages/server/internal/signal/hub.go:65: [Signal] client connected: 6y
2026/05/28 00:14:29.063389 /Users/noelorin/GOSpeak/packages/server/internal/signal/hub.go:65: [Signal] client connected: 6y
2026/05/28 00:14:29.064268 /Users/noelorin/GOSpeak/packages/server/internal/signal/hub.go:85: [Signal] client disconnected: 6y, reason: client namespace disconnect
2026/05/28 00:14:31.068342 /Users/noelorin/GOSpeak/packages/server/internal/signal/hub.go:65: [Signal] client connected: 6z
2026/05/28 00:14:31.069743 /Users/noelorin/GOSpeak/packages/server/internal/signal/hub.go:65: [Signal] client connected: 6z
2026/05/28 00:14:31.070298 /Users/noelorin/GOSpeak/packages/server/internal/signal/hub.go:85: [Signal] client disconnected: 6z, reason: client namespace disconnect
2026/05/28 00:14:33.062620 /Users/noelorin/GOSpeak/packages/server/internal/signal/hub.go:65: [Signal] client connected: 70
2026/05/28 00:14:33.066242 /Users/noelorin/GOSpeak/packages/server/internal/signal/hub.go:65: [Signal] client connected: 70
2026/05/28 00:14:33.067198 /Users/noelorin/GOSpeak/packages/server/internal/signal/hub.go:85: [Signal] client disconnected: 70, reason: client namespace disconnect
2026/05/28 00:14:35.062883 /Users/noelorin/GOSpeak/packages/server/internal/signal/hub.go:65: [Signal] client connected: 71
2026/05/28 00:14:35.064832 /Users/noelorin/GOSpeak/packages/server/internal/signal/hub.go:65: [Signal] client connected: 71
2026/05/28 00:14:35.065266 /Users/noelorin/GOSpeak/packages/server/internal/signal/hub.go:85: [Signal] client disconnected: 71, reason: client namespace disconnect
2026/05/28 00:14:36.062910 /Users/noelorin/GOSpeak/packages/server/internal/signal/hub.go:65: [Signal] client connected: 72
2026/05/28 00:14:36.065498 /Users/noelorin/GOSpeak/packages/server/internal/signal/hub.go:65: [Signal] client connected: 72
2026/05/28 00:14:36.066319 /Users/noelorin/GOSpeak/packages/server/internal/signal/hub.go:85: [Signal] client disconnected: 72, reason: client namespace disconnect
2026/05/28 00:14:38.062554 /Users/noelorin/GOSpeak/packages/server/internal/signal/hub.go:65: [Signal] client connected: 73
2026/05/28 00:14:38.064508 /Users/noelorin/GOSpeak/packages/server/internal/signal/hub.go:65: [Signal] client connected: 73
2026/05/28 00:14:38.065445 /Users/noelorin/GOSpeak/packages/server/internal/signal/hub.go:85: [Signal] client disconnected: 73, reason: client namespace disconnect
2026/05/28 00:14:39.065352 /Users/noelorin/GOSpeak/packages/server/internal/signal/hub.go:65: [Signal] client connected: 74
2026/05/28 00:14:39.066659 /Users/noelorin/GOSpeak/packages/server/internal/signal/hub.go:65: [Signal] client connected: 74
2026/05/28 00:14:39.067188 /Users/noelorin/GOSpeak/packages/server/internal/signal/hub.go:85: [Signal] client disconnected: 74, reason: client namespace disconnect
2026/05/28 00:14:40.064129 /Users/noelorin/GOSpeak/packages/server/internal/signal/hub.go:65: [Signal] client connected: 75
2026/05/28 00:14:40.066388 /Users/noelorin/GOSpeak/packages/server/internal/signal/hub.go:65: [Signal] client connected: 75
2026/05/28 00:14:40.066826 /Users/noelorin/GOSpeak/packages/server/internal/signal/hub.go:85: [Signal] client disconnected: 75, reason: client namespace disconnect
2026/05/28 00:14:41.061602 /Users/noelorin/GOSpeak/packages/server/internal/signal/hub.go:65: [Signal] client connected: 76
2026/05/28 00:14:41.066846 /Users/noelorin/GOSpeak/packages/server/internal/signal/hub.go:65: [Signal] client connected: 76
2026/05/28 00:14:41.067391 /Users/noelorin/GOSpeak/packages/server/internal/signal/hub.go:85: [Signal] client disconnected: 76, reason: client namespace disconnect
2026/05/28 00:14:42.064442 /Users/noelorin/GOSpeak/packages/server/internal/signal/hub.go:65: [Signal] client connected: 77
2026/05/28 00:14:42.066723 /Users/noelorin/GOSpeak/packages/server/internal/signal/hub.go:65: [Signal] client connected: 77
2026/05/28 00:14:42.067211 /Users/noelorin/GOSpeak/packages/server/internal/signal/hub.go:85: [Signal] client disconnected: 77, reason: client namespace disconnect
2026/05/28 00:14:44.061746 /Users/noelorin/GOSpeak/packages/server/internal/signal/hub.go:65: [Signal] client connected: 78
2026/05/28 00:14:44.063924 /Users/noelorin/GOSpeak/packages/server/internal/signal/hub.go:65: [Signal] client connected: 78
2026/05/28 00:14:44.064970 /Users/noelorin/GOSpeak/packages/server/internal/signal/hub.go:85: [Signal] client disconnected: 78, reason: client namespace disconnect
2026/05/28 00:14:45.072392 /Users/noelorin/GOSpeak/packages/server/internal/signal/hub.go:65: [Signal] client connected: 79
2026/05/28 00:14:45.076229 /Users/noelorin/GOSpeak/packages/server/internal/signal/hub.go:65: [Signal] client connected: 79
2026/05/28 00:14:45.077067 /Users/noelorin/GOSpeak/packages/server/internal/signal/hub.go:85: [Signal] client disconnected: 79, reason: client namespace disconnect
2026/05/28 00:14:46.061689 /Users/noelorin/GOSpeak/packages/server/internal/signal/hub.go:65: [Signal] client connected: 7a
2026/05/28 00:14:46.064212 /Users/noelorin/GOSpeak/packages/server/internal/signal/hub.go:65: [Signal] client connected: 7a
2026/05/28 00:14:46.064619 /Users/noelorin/GOSpeak/packages/server/internal/signal/hub.go:85: [Signal] client disconnected: 7a, reason: client namespace disconnect
2026/05/28 00:14:47.060097 /Users/noelorin/GOSpeak/packages/server/internal/signal/hub.go:65: [Signal] client connected: 7b
2026/05/28 00:14:47.068877 /Users/noelorin/GOSpeak/packages/server/internal/signal/hub.go:65: [Signal] client connected: 7b
2026/05/28 00:14:47.071981 /Users/noelorin/GOSpeak/packages/server/internal/signal/hub.go:85: [Signal] client disconnected: 7b, reason: client namespace disconnect
2026/05/28 00:14:48.116266 /Users/noelorin/GOSpeak/packages/server/internal/signal/hub.go:65: [Signal] client connected: 7c
2026/05/28 00:14:48.124147 /Users/noelorin/GOSpeak/packages/server/internal/signal/hub.go:65: [Signal] client connected: 7c
2026/05/28 00:14:48.127967 /Users/noelorin/GOSpeak/packages/server/internal/signal/hub.go:85: [Signal] client disconnected: 7c, reason: client namespace disconnect
2026/05/28 00:14:49.064415 /Users/noelorin/GOSpeak/packages/server/internal/signal/hub.go:65: [Signal] client connected: 7d
2026/05/28 00:14:49.065675 /Users/noelorin/GOSpeak/packages/server/internal/signal/hub.go:65: [Signal] client connected: 7d
2026/05/28 00:14:49.066299 /Users/noelorin/GOSpeak/packages/server/internal/signal/hub.go:85: [Signal] client disconnected: 7d, reason: client namespace disconnect
2026/05/28 00:14:51.072007 /Users/noelorin/GOSpeak/packages/server/internal/signal/hub.go:65: [Signal] client connected: 7e
2026/05/28 00:14:51.072388 /Users/noelorin/GOSpeak/packages/server/internal/signal/hub.go:65: [Signal] client connected: 7e
2026/05/28 00:14:51.073537 /Users/noelorin/GOSpeak/packages/server/internal/signal/hub.go:85: [Signal] client disconnected: 7e, reason: client namespace disconnect
2026/05/28 00:14:52.063976 /Users/noelorin/GOSpeak/packages/server/internal/signal/hub.go:65: [Signal] client connected: 7f
2026/05/28 00:14:52.066286 /Users/noelorin/GOSpeak/packages/server/internal/signal/hub.go:65: [Signal] client connected: 7f
2026/05/28 00:14:52.067146 /Users/noelorin/GOSpeak/packages/server/internal/signal/hub.go:85: [Signal] client disconnected: 7f, reason: client namespace disconnect
2026/05/28 00:14:54.063930 /Users/noelorin/GOSpeak/packages/server/internal/signal/hub.go:65: [Signal] client connected: 7g
2026/05/28 00:14:54.066205 /Users/noelorin/GOSpeak/packages/server/internal/signal/hub.go:65: [Signal] client connected: 7g
2026/05/28 00:14:54.066821 /Users/noelorin/GOSpeak/packages/server/internal/signal/hub.go:85: [Signal] client disconnected: 7g, reason: client namespace disconnect
2026/05/28 00:14:55.066243 /Users/noelorin/GOSpeak/packages/server/internal/signal/hub.go:65: [Signal] client connected: 7h
2026/05/28 00:14:55.067198 /Users/noelorin/GOSpeak/packages/server/internal/signal/hub.go:65: [Signal] client connected: 7h
2026/05/28 00:14:55.067868 /Users/noelorin/GOSpeak/packages/server/internal/signal/hub.go:85: [Signal] client disconnected: 7h, reason: client namespace disconnect
2026/05/28 00:14:56.063982 /Users/noelorin/GOSpeak/packages/server/internal/signal/hub.go:65: [Signal] client connected: 7i
2026/05/28 00:14:56.066120 /Users/noelorin/GOSpeak/packages/server/internal/signal/hub.go:65: [Signal] client connected: 7i
2026/05/28 00:14:56.066664 /Users/noelorin/GOSpeak/packages/server/internal/signal/hub.go:85: [Signal] client disconnected: 7i, reason: client namespace disconnect
2026/05/28 00:14:58.061948 /Users/noelorin/GOSpeak/packages/server/internal/signal/hub.go:65: [Signal] client connected: 7j
2026/05/28 00:14:58.063790 /Users/noelorin/GOSpeak/packages/server/internal/signal/hub.go:65: [Signal] client connected: 7j
2026/05/28 00:14:58.065397 /Users/noelorin/GOSpeak/packages/server/internal/signal/hub.go:85: [Signal] client disconnected: 7j, reason: client namespace disconnect
2026/05/28 00:15:00.060098 /Users/noelorin/GOSpeak/packages/server/internal/signal/hub.go:65: [Signal] client connected: 7k
2026/05/28 00:15:00.062631 /Users/noelorin/GOSpeak/packages/server/internal/signal/hub.go:65: [Signal] client connected: 7k
2026/05/28 00:15:00.063791 /Users/noelorin/GOSpeak/packages/server/internal/signal/hub.go:85: [Signal] client disconnected: 7k, reason: client namespace disconnect
2026/05/28 00:15:01.064269 /Users/noelorin/GOSpeak/packages/server/internal/signal/hub.go:65: [Signal] client connected: 7l
2026/05/28 00:15:01.065446 /Users/noelorin/GOSpeak/packages/server/internal/signal/hub.go:65: [Signal] client connected: 7l
2026/05/28 00:15:01.065846 /Users/noelorin/GOSpeak/packages/server/internal/signal/hub.go:85: [Signal] client disconnected: 7l, reason: client namespace disconnect
2026/05/28 00:15:03.062868 /Users/noelorin/GOSpeak/packages/server/internal/signal/hub.go:65: [Signal] client connected: 7m
2026/05/28 00:15:03.064934 /Users/noelorin/GOSpeak/packages/server/internal/signal/hub.go:65: [Signal] client connected: 7m
2026/05/28 00:15:03.065345 /Users/noelorin/GOSpeak/packages/server/internal/signal/hub.go:85: [Signal] client disconnected: 7m, reason: client namespace disconnect
2026/05/28 00:15:05.061586 /Users/noelorin/GOSpeak/packages/server/internal/signal/hub.go:65: [Signal] client connected: 7n
2026/05/28 00:15:05.065444 /Users/noelorin/GOSpeak/packages/server/internal/signal/hub.go:65: [Signal] client connected: 7n
2026/05/28 00:15:05.067131 /Users/noelorin/GOSpeak/packages/server/internal/signal/hub.go:85: [Signal] client disconnected: 7n, reason: client namespace disconnect
2026/05/28 00:15:06.079800 /Users/noelorin/GOSpeak/packages/server/internal/signal/hub.go:65: [Signal] client connected: 7o
2026/05/28 00:15:06.081995 /Users/noelorin/GOSpeak/packages/server/internal/signal/hub.go:65: [Signal] client connected: 7o
2026/05/28 00:15:06.082836 /Users/noelorin/GOSpeak/packages/server/internal/signal/hub.go:85: [Signal] client disconnected: 7o, reason: client namespace disconnect
2026/05/28 00:15:08.063558 /Users/noelorin/GOSpeak/packages/server/internal/signal/hub.go:65: [Signal] client connected: 7p
2026/05/28 00:15:08.065811 /Users/noelorin/GOSpeak/packages/server/internal/signal/hub.go:65: [Signal] client connected: 7p
2026/05/28 00:15:08.066293 /Users/noelorin/GOSpeak/packages/server/internal/signal/hub.go:85: [Signal] client disconnected: 7p, reason: client namespace disconnect
2026/05/28 00:15:09.063218 /Users/noelorin/GOSpeak/packages/server/internal/signal/hub.go:65: [Signal] client connected: 7q
2026/05/28 00:15:09.066291 /Users/noelorin/GOSpeak/packages/server/internal/signal/hub.go:65: [Signal] client connected: 7q
2026/05/28 00:15:09.067330 /Users/noelorin/GOSpeak/packages/server/internal/signal/hub.go:85: [Signal] client disconnected: 7q, reason: client namespace disconnect
2026/05/28 00:15:11.063622 /Users/noelorin/GOSpeak/packages/server/internal/signal/hub.go:65: [Signal] client connected: 7r
2026/05/28 00:15:11.065839 /Users/noelorin/GOSpeak/packages/server/internal/signal/hub.go:65: [Signal] client connected: 7r
2026/05/28 00:15:11.066606 /Users/noelorin/GOSpeak/packages/server/internal/signal/hub.go:85: [Signal] client disconnected: 7r, reason: client namespace disconnect
2026/05/28 00:15:13.060877 /Users/noelorin/GOSpeak/packages/server/internal/signal/hub.go:65: [Signal] client connected: 7s
2026/05/28 00:15:13.064018 /Users/noelorin/GOSpeak/packages/server/internal/signal/hub.go:65: [Signal] client connected: 7s
2026/05/28 00:15:13.064729 /Users/noelorin/GOSpeak/packages/server/internal/signal/hub.go:85: [Signal] client disconnected: 7s, reason: client namespace disconnect
2026/05/28 00:15:15.062245 /Users/noelorin/GOSpeak/packages/server/internal/signal/hub.go:65: [Signal] client connected: 7t
2026/05/28 00:15:15.064279 /Users/noelorin/GOSpeak/packages/server/internal/signal/hub.go:65: [Signal] client connected: 7t
2026/05/28 00:15:15.064791 /Users/noelorin/GOSpeak/packages/server/internal/signal/hub.go:85: [Signal] client disconnected: 7t, reason: client namespace disconnect
2026/05/28 00:15:16.060888 /Users/noelorin/GOSpeak/packages/server/internal/signal/hub.go:65: [Signal] client connected: 7u
2026/05/28 00:15:16.065302 /Users/noelorin/GOSpeak/packages/server/internal/signal/hub.go:65: [Signal] client connected: 7u
2026/05/28 00:15:16.066004 /Users/noelorin/GOSpeak/packages/server/internal/signal/hub.go:85: [Signal] client disconnected: 7u, reason: client namespace disconnect
2026/05/28 00:15:18.060019 /Users/noelorin/GOSpeak/packages/server/internal/signal/hub.go:65: [Signal] client connected: 7v
2026/05/28 00:15:18.062785 /Users/noelorin/GOSpeak/packages/server/internal/signal/hub.go:65: [Signal] client connected: 7v
2026/05/28 00:15:18.063398 /Users/noelorin/GOSpeak/packages/server/internal/signal/hub.go:85: [Signal] client disconnected: 7v, reason: client namespace disconnect
2026/05/28 00:15:20.060329 /Users/noelorin/GOSpeak/packages/server/internal/signal/hub.go:65: [Signal] client connected: 7w
2026/05/28 00:15:20.062809 /Users/noelorin/GOSpeak/packages/server/internal/signal/hub.go:65: [Signal] client connected: 7w
2026/05/28 00:15:20.063353 /Users/noelorin/GOSpeak/packages/server/internal/signal/hub.go:85: [Signal] client disconnected: 7w, reason: client namespace disconnect
2026/05/28 00:15:21.060906 /Users/noelorin/GOSpeak/packages/server/internal/signal/hub.go:65: [Signal] client connected: 7x
2026/05/28 00:15:21.065357 /Users/noelorin/GOSpeak/packages/server/internal/signal/hub.go:65: [Signal] client connected: 7x
2026/05/28 00:15:21.066346 /Users/noelorin/GOSpeak/packages/server/internal/signal/hub.go:85: [Signal] client disconnected: 7x, reason: client namespace disconnect
2026/05/28 00:15:22.111180 /Users/noelorin/GOSpeak/packages/server/internal/signal/hub.go:65: [Signal] client connected: 7y
2026/05/28 00:15:22.141697 /Users/noelorin/GOSpeak/packages/server/internal/signal/hub.go:65: [Signal] client connected: 7y
2026/05/28 00:15:22.143669 /Users/noelorin/GOSpeak/packages/server/internal/signal/hub.go:85: [Signal] client disconnected: 7y, reason: client namespace disconnect
2026/05/28 00:15:23.063192 /Users/noelorin/GOSpeak/packages/server/internal/signal/hub.go:65: [Signal] client connected: 7z
2026/05/28 00:15:23.065420 /Users/noelorin/GOSpeak/packages/server/internal/signal/hub.go:65: [Signal] client connected: 7z
2026/05/28 00:15:23.065983 /Users/noelorin/GOSpeak/packages/server/internal/signal/hub.go:85: [Signal] client disconnected: 7z, reason: client namespace disconnect
2026/05/28 00:15:25.060859 /Users/noelorin/GOSpeak/packages/server/internal/signal/hub.go:65: [Signal] client connected: 80
2026/05/28 00:15:25.063201 /Users/noelorin/GOSpeak/packages/server/internal/signal/hub.go:65: [Signal] client connected: 80
2026/05/28 00:15:25.063875 /Users/noelorin/GOSpeak/packages/server/internal/signal/hub.go:85: [Signal] client disconnected: 80, reason: client namespace disconnect
2026/05/28 00:15:26.060014 /Users/noelorin/GOSpeak/packages/server/internal/signal/hub.go:65: [Signal] client connected: 81
2026/05/28 00:15:26.062952 /Users/noelorin/GOSpeak/packages/server/internal/signal/hub.go:65: [Signal] client connected: 81
2026/05/28 00:15:26.063808 /Users/noelorin/GOSpeak/packages/server/internal/signal/hub.go:85: [Signal] client disconnected: 81, reason: client namespace disconnect
2026/05/28 00:15:28.550176 /Users/noelorin/GOSpeak/packages/server/internal/signal/hub.go:65: [Signal] client connected: 82
2026/05/28 00:15:28.616954 /Users/noelorin/GOSpeak/packages/server/internal/signal/hub.go:85: [Signal] client disconnected: 82, reason: client namespace disconnect
2026/05/28 00:15:28.691610 /Users/noelorin/GOSpeak/packages/server/internal/signal/hub.go:65: [Signal] client connected: 83
2026/05/28 00:15:28.725522 /Users/noelorin/GOSpeak/packages/server/internal/signal/hub.go:65: [Signal] client connected: 83
2026/05/28 00:15:28.757670 /Users/noelorin/GOSpeak/packages/server/internal/signal/hub.go:85: [Signal] client disconnected: 83, reason: client namespace disconnect
2026/05/28 00:15:29.636702 /Users/noelorin/GOSpeak/packages/server/internal/signal/hub.go:65: [Signal] client connected: 84
2026/05/28 00:15:29.640497 /Users/noelorin/GOSpeak/packages/server/internal/signal/hub.go:65: [Signal] client connected: 84
2026/05/28 00:15:29.641678 /Users/noelorin/GOSpeak/packages/server/internal/signal/hub.go:85: [Signal] client disconnected: 84, reason: client namespace disconnect
2026/05/28 00:15:30.340302 /Users/noelorin/GOSpeak/packages/server/internal/signal/hub.go:65: [Signal] client connected: 85
2026/05/28 00:15:30.343332 /Users/noelorin/GOSpeak/packages/server/internal/signal/hub.go:65: [Signal] client connected: 85
2026/05/28 00:15:30.344244 /Users/noelorin/GOSpeak/packages/server/internal/signal/hub.go:85: [Signal] client disconnected: 85, reason: client namespace disconnect
2026/05/28 00:15:31.834032 /Users/noelorin/GOSpeak/packages/server/internal/signal/hub.go:65: [Signal] client connected: 86
2026/05/28 00:15:31.838026 /Users/noelorin/GOSpeak/packages/server/internal/signal/hub.go:65: [Signal] client connected: 86
2026/05/28 00:15:31.839677 /Users/noelorin/GOSpeak/packages/server/internal/signal/hub.go:85: [Signal] client disconnected: 86, reason: client namespace disconnect
2026/05/28 00:15:32.619951 /Users/noelorin/GOSpeak/packages/server/internal/signal/hub.go:65: [Signal] client connected: 87
2026/05/28 00:15:32.621243 /Users/noelorin/GOSpeak/packages/server/internal/signal/hub.go:65: [Signal] client connected: 87
2026/05/28 00:15:32.621756 /Users/noelorin/GOSpeak/packages/server/internal/signal/hub.go:85: [Signal] client disconnected: 87, reason: client namespace disconnect
2026/05/28 00:15:33.583383 /Users/noelorin/GOSpeak/packages/server/internal/signal/hub.go:65: [Signal] client connected: 88
2026/05/28 00:15:33.585106 /Users/noelorin/GOSpeak/packages/server/internal/signal/hub.go:65: [Signal] client connected: 88
2026/05/28 00:15:33.586370 /Users/noelorin/GOSpeak/packages/server/internal/signal/hub.go:85: [Signal] client disconnected: 88, reason: client namespace disconnect
2026/05/28 00:15:34.380738 /Users/noelorin/GOSpeak/packages/server/internal/signal/hub.go:65: [Signal] client connected: 89
2026/05/28 00:15:34.382205 /Users/noelorin/GOSpeak/packages/server/internal/signal/hub.go:65: [Signal] client connected: 89
2026/05/28 00:15:34.382915 /Users/noelorin/GOSpeak/packages/server/internal/signal/hub.go:85: [Signal] client disconnected: 89, reason: client namespace disconnect
2026/05/28 00:15:35.052518 /Users/noelorin/GOSpeak/packages/server/internal/signal/hub.go:65: [Signal] client connected: 8a
2026/05/28 00:15:35.054433 /Users/noelorin/GOSpeak/packages/server/internal/signal/hub.go:65: [Signal] client connected: 8a
2026/05/28 00:15:35.055290 /Users/noelorin/GOSpeak/packages/server/internal/signal/hub.go:85: [Signal] client disconnected: 8a, reason: client namespace disconnect
2026/05/28 00:15:36.248101 /Users/noelorin/GOSpeak/packages/server/internal/signal/hub.go:65: [Signal] client connected: 8b
2026/05/28 00:15:36.249772 /Users/noelorin/GOSpeak/packages/server/internal/signal/hub.go:65: [Signal] client connected: 8b
2026/05/28 00:15:36.250340 /Users/noelorin/GOSpeak/packages/server/internal/signal/hub.go:85: [Signal] client disconnected: 8b, reason: client namespace disconnect
2026/05/28 00:15:37.746153 /Users/noelorin/GOSpeak/packages/server/internal/signal/hub.go:65: [Signal] client connected: 8c
2026/05/28 00:15:37.747255 /Users/noelorin/GOSpeak/packages/server/internal/signal/hub.go:65: [Signal] client connected: 8c
2026/05/28 00:15:37.748010 /Users/noelorin/GOSpeak/packages/server/internal/signal/hub.go:85: [Signal] client disconnected: 8c, reason: client namespace disconnect
2026/05/28 00:15:38.347501 /Users/noelorin/GOSpeak/packages/server/internal/signal/hub.go:65: [Signal] client connected: 8d
2026/05/28 00:15:38.349271 /Users/noelorin/GOSpeak/packages/server/internal/signal/hub.go:65: [Signal] client connected: 8d
2026/05/28 00:15:38.349789 /Users/noelorin/GOSpeak/packages/server/internal/signal/hub.go:85: [Signal] client disconnected: 8d, reason: client namespace disconnect
2026/05/28 00:15:38.915700 /Users/noelorin/GOSpeak/packages/server/internal/signal/hub.go:65: [Signal] client connected: 8e
2026/05/28 00:15:38.917535 /Users/noelorin/GOSpeak/packages/server/internal/signal/hub.go:65: [Signal] client connected: 8e
2026/05/28 00:15:38.918437 /Users/noelorin/GOSpeak/packages/server/internal/signal/hub.go:85: [Signal] client disconnected: 8e, reason: client namespace disconnect
2026/05/28 00:15:40.320696 /Users/noelorin/GOSpeak/packages/server/internal/signal/hub.go:65: [Signal] client connected: 8f
2026/05/28 00:15:40.323120 /Users/noelorin/GOSpeak/packages/server/internal/signal/hub.go:65: [Signal] client connected: 8f
2026/05/28 00:15:40.324142 /Users/noelorin/GOSpeak/packages/server/internal/signal/hub.go:85: [Signal] client disconnected: 8f, reason: client namespace disconnect
2026/05/28 00:15:41.306833 /Users/noelorin/GOSpeak/packages/server/internal/signal/hub.go:65: [Signal] client connected: 8g
2026/05/28 00:15:41.308902 /Users/noelorin/GOSpeak/packages/server/internal/signal/hub.go:65: [Signal] client connected: 8g
2026/05/28 00:15:41.309461 /Users/noelorin/GOSpeak/packages/server/internal/signal/hub.go:85: [Signal] client disconnected: 8g, reason: client namespace disconnect
2026/05/28 00:15:42.784741 /Users/noelorin/GOSpeak/packages/server/internal/signal/hub.go:65: [Signal] client connected: 8h
2026/05/28 00:15:42.787173 /Users/noelorin/GOSpeak/packages/server/internal/signal/hub.go:65: [Signal] client connected: 8h
2026/05/28 00:15:42.788549 /Users/noelorin/GOSpeak/packages/server/internal/signal/hub.go:85: [Signal] client disconnected: 8h, reason: client namespace disconnect
2026/05/28 00:15:43.865088 /Users/noelorin/GOSpeak/packages/server/internal/signal/hub.go:65: [Signal] client connected: 8i
2026/05/28 00:15:43.866683 /Users/noelorin/GOSpeak/packages/server/internal/signal/hub.go:65: [Signal] client connected: 8i
2026/05/28 00:15:43.867254 /Users/noelorin/GOSpeak/packages/server/internal/signal/hub.go:85: [Signal] client disconnected: 8i, reason: client namespace disconnect
2026/05/28 00:15:44.665833 /Users/noelorin/GOSpeak/packages/server/internal/signal/hub.go:65: [Signal] client connected: 8j
2026/05/28 00:15:44.667280 /Users/noelorin/GOSpeak/packages/server/internal/signal/hub.go:65: [Signal] client connected: 8j
2026/05/28 00:15:44.667739 /Users/noelorin/GOSpeak/packages/server/internal/signal/hub.go:85: [Signal] client disconnected: 8j, reason: client namespace disconnect
2026/05/28 00:15:45.525318 /Users/noelorin/GOSpeak/packages/server/internal/signal/hub.go:65: [Signal] client connected: 8k
2026/05/28 00:15:45.529832 /Users/noelorin/GOSpeak/packages/server/internal/signal/hub.go:65: [Signal] client connected: 8k
2026/05/28 00:15:45.530406 /Users/noelorin/GOSpeak/packages/server/internal/signal/hub.go:85: [Signal] client disconnected: 8k, reason: client namespace disconnect
2026/05/28 00:15:46.121828 /Users/noelorin/GOSpeak/packages/server/internal/signal/hub.go:65: [Signal] client connected: 8l
2026/05/28 00:15:46.123622 /Users/noelorin/GOSpeak/packages/server/internal/signal/hub.go:65: [Signal] client connected: 8l
2026/05/28 00:15:46.124193 /Users/noelorin/GOSpeak/packages/server/internal/signal/hub.go:85: [Signal] client disconnected: 8l, reason: client namespace disconnect
2026/05/28 00:15:46.794042 /Users/noelorin/GOSpeak/packages/server/internal/signal/hub.go:65: [Signal] client connected: 8m
2026/05/28 00:15:46.796328 /Users/noelorin/GOSpeak/packages/server/internal/signal/hub.go:65: [Signal] client connected: 8m
2026/05/28 00:15:46.796910 /Users/noelorin/GOSpeak/packages/server/internal/signal/hub.go:85: [Signal] client disconnected: 8m, reason: client namespace disconnect
2026/05/28 00:15:48.254114 /Users/noelorin/GOSpeak/packages/server/internal/signal/hub.go:65: [Signal] client connected: 8n
2026/05/28 00:15:48.256050 /Users/noelorin/GOSpeak/packages/server/internal/signal/hub.go:65: [Signal] client connected: 8n
2026/05/28 00:15:48.257080 /Users/noelorin/GOSpeak/packages/server/internal/signal/hub.go:85: [Signal] client disconnected: 8n, reason: client namespace disconnect
2026/05/28 00:15:49.043475 /Users/noelorin/GOSpeak/packages/server/internal/signal/hub.go:65: [Signal] client connected: 8o
2026/05/28 00:15:49.046918 /Users/noelorin/GOSpeak/packages/server/internal/signal/hub.go:65: [Signal] client connected: 8o
2026/05/28 00:15:49.047815 /Users/noelorin/GOSpeak/packages/server/internal/signal/hub.go:85: [Signal] client disconnected: 8o, reason: client namespace disconnect
2026/05/28 00:15:50.142677 /Users/noelorin/GOSpeak/packages/server/internal/signal/hub.go:65: [Signal] client connected: 8p
2026/05/28 00:15:50.144290 /Users/noelorin/GOSpeak/packages/server/internal/signal/hub.go:65: [Signal] client connected: 8p
2026/05/28 00:15:50.146479 /Users/noelorin/GOSpeak/packages/server/internal/signal/hub.go:85: [Signal] client disconnected: 8p, reason: client namespace disconnect
2026/05/28 00:15:50.906985 /Users/noelorin/GOSpeak/packages/server/internal/signal/hub.go:65: [Signal] client connected: 8q
2026/05/28 00:15:50.909168 /Users/noelorin/GOSpeak/packages/server/internal/signal/hub.go:65: [Signal] client connected: 8q
2026/05/28 00:15:50.910071 /Users/noelorin/GOSpeak/packages/server/internal/signal/hub.go:85: [Signal] client disconnected: 8q, reason: client namespace disconnect
2026/05/28 00:15:51.883999 /Users/noelorin/GOSpeak/packages/server/internal/signal/hub.go:65: [Signal] client connected: 8r
2026/05/28 00:15:51.885887 /Users/noelorin/GOSpeak/packages/server/internal/signal/hub.go:65: [Signal] client connected: 8r
2026/05/28 00:15:51.886865 /Users/noelorin/GOSpeak/packages/server/internal/signal/hub.go:85: [Signal] client disconnected: 8r, reason: client namespace disconnect
2026/05/28 00:15:52.680508 /Users/noelorin/GOSpeak/packages/server/internal/signal/hub.go:65: [Signal] client connected: 8s
2026/05/28 00:15:52.682349 /Users/noelorin/GOSpeak/packages/server/internal/signal/hub.go:65: [Signal] client connected: 8s
2026/05/28 00:15:52.682907 /Users/noelorin/GOSpeak/packages/server/internal/signal/hub.go:85: [Signal] client disconnected: 8s, reason: client namespace disconnect
2026/05/28 00:15:53.951846 /Users/noelorin/GOSpeak/packages/server/internal/signal/hub.go:65: [Signal] client connected: 8t
2026/05/28 00:15:53.953698 /Users/noelorin/GOSpeak/packages/server/internal/signal/hub.go:65: [Signal] client connected: 8t
2026/05/28 00:15:53.954759 /Users/noelorin/GOSpeak/packages/server/internal/signal/hub.go:85: [Signal] client disconnected: 8t, reason: client namespace disconnect
2026/05/28 00:15:55.148403 /Users/noelorin/GOSpeak/packages/server/internal/signal/hub.go:65: [Signal] client connected: 8u
2026/05/28 00:15:55.149887 /Users/noelorin/GOSpeak/packages/server/internal/signal/hub.go:65: [Signal] client connected: 8u
2026/05/28 00:15:55.150433 /Users/noelorin/GOSpeak/packages/server/internal/signal/hub.go:85: [Signal] client disconnected: 8u, reason: client namespace disconnect
2026/05/28 00:15:56.034677 /Users/noelorin/GOSpeak/packages/server/internal/signal/hub.go:65: [Signal] client connected: 8v
2026/05/28 00:15:56.036910 /Users/noelorin/GOSpeak/packages/server/internal/signal/hub.go:65: [Signal] client connected: 8v
2026/05/28 00:15:56.037553 /Users/noelorin/GOSpeak/packages/server/internal/signal/hub.go:85: [Signal] client disconnected: 8v, reason: client namespace disconnect
2026/05/28 00:15:57.130141 /Users/noelorin/GOSpeak/packages/server/internal/signal/hub.go:65: [Signal] client connected: 8w
2026/05/28 00:15:57.132209 /Users/noelorin/GOSpeak/packages/server/internal/signal/hub.go:65: [Signal] client connected: 8w
2026/05/28 00:15:57.132739 /Users/noelorin/GOSpeak/packages/server/internal/signal/hub.go:85: [Signal] client disconnected: 8w, reason: client namespace disconnect
2026/05/28 00:15:58.608824 /Users/noelorin/GOSpeak/packages/server/internal/signal/hub.go:65: [Signal] client connected: 8x
2026/05/28 00:15:58.611974 /Users/noelorin/GOSpeak/packages/server/internal/signal/hub.go:65: [Signal] client connected: 8x
2026/05/28 00:15:58.613195 /Users/noelorin/GOSpeak/packages/server/internal/signal/hub.go:85: [Signal] client disconnected: 8x, reason: client namespace disconnect
2026/05/28 00:15:59.796771 /Users/noelorin/GOSpeak/packages/server/internal/signal/hub.go:65: [Signal] client connected: 8y
2026/05/28 00:15:59.798343 /Users/noelorin/GOSpeak/packages/server/internal/signal/hub.go:65: [Signal] client connected: 8y
2026/05/28 00:15:59.798800 /Users/noelorin/GOSpeak/packages/server/internal/signal/hub.go:85: [Signal] client disconnected: 8y, reason: client namespace disconnect
2026/05/28 00:16:01.262773 /Users/noelorin/GOSpeak/packages/server/internal/signal/hub.go:65: [Signal] client connected: 8z
2026/05/28 00:16:01.264976 /Users/noelorin/GOSpeak/packages/server/internal/signal/hub.go:65: [Signal] client connected: 8z
2026/05/28 00:16:01.265737 /Users/noelorin/GOSpeak/packages/server/internal/signal/hub.go:85: [Signal] client disconnected: 8z, reason: client namespace disconnect
2026/05/28 00:16:02.426770 /Users/noelorin/GOSpeak/packages/server/internal/signal/hub.go:65: [Signal] client connected: 90
2026/05/28 00:16:02.430092 /Users/noelorin/GOSpeak/packages/server/internal/signal/hub.go:65: [Signal] client connected: 90
2026/05/28 00:16:02.430533 /Users/noelorin/GOSpeak/packages/server/internal/signal/hub.go:85: [Signal] client disconnected: 90, reason: client namespace disconnect
2026/05/28 00:16:03.125943 /Users/noelorin/GOSpeak/packages/server/internal/signal/hub.go:65: [Signal] client connected: 91
2026/05/28 00:16:03.128559 /Users/noelorin/GOSpeak/packages/server/internal/signal/hub.go:65: [Signal] client connected: 91
2026/05/28 00:16:03.129379 /Users/noelorin/GOSpeak/packages/server/internal/signal/hub.go:85: [Signal] client disconnected: 91, reason: client namespace disconnect
2026/05/28 00:16:04.131935 /Users/noelorin/GOSpeak/packages/server/internal/signal/hub.go:65: [Signal] client connected: 92
2026/05/28 00:16:04.133831 /Users/noelorin/GOSpeak/packages/server/internal/signal/hub.go:65: [Signal] client connected: 92
2026/05/28 00:16:04.134714 /Users/noelorin/GOSpeak/packages/server/internal/signal/hub.go:85: [Signal] client disconnected: 92, reason: client namespace disconnect
2026/05/28 00:16:05.031075 /Users/noelorin/GOSpeak/packages/server/internal/signal/hub.go:65: [Signal] client connected: 93
2026/05/28 00:16:05.032639 /Users/noelorin/GOSpeak/packages/server/internal/signal/hub.go:65: [Signal] client connected: 93
2026/05/28 00:16:05.033165 /Users/noelorin/GOSpeak/packages/server/internal/signal/hub.go:85: [Signal] client disconnected: 93, reason: client namespace disconnect
2026/05/28 00:16:05.598827 /Users/noelorin/GOSpeak/packages/server/internal/signal/hub.go:65: [Signal] client connected: 94
2026/05/28 00:16:05.602052 /Users/noelorin/GOSpeak/packages/server/internal/signal/hub.go:65: [Signal] client connected: 94
2026/05/28 00:16:05.602978 /Users/noelorin/GOSpeak/packages/server/internal/signal/hub.go:85: [Signal] client disconnected: 94, reason: client namespace disconnect
2026/05/28 00:16:06.974731 /Users/noelorin/GOSpeak/packages/server/internal/signal/hub.go:65: [Signal] client connected: 95
2026/05/28 00:16:06.978163 /Users/noelorin/GOSpeak/packages/server/internal/signal/hub.go:65: [Signal] client connected: 95
2026/05/28 00:16:06.978944 /Users/noelorin/GOSpeak/packages/server/internal/signal/hub.go:85: [Signal] client disconnected: 95, reason: client namespace disconnect
2026/05/28 00:16:07.871843 /Users/noelorin/GOSpeak/packages/server/internal/signal/hub.go:65: [Signal] client connected: 96
2026/05/28 00:16:07.873082 /Users/noelorin/GOSpeak/packages/server/internal/signal/hub.go:65: [Signal] client connected: 96
2026/05/28 00:16:07.873566 /Users/noelorin/GOSpeak/packages/server/internal/signal/hub.go:85: [Signal] client disconnected: 96, reason: client namespace disconnect
2026/05/28 00:16:08.856981 /Users/noelorin/GOSpeak/packages/server/internal/signal/hub.go:65: [Signal] client connected: 97
2026/05/28 00:16:08.859847 /Users/noelorin/GOSpeak/packages/server/internal/signal/hub.go:65: [Signal] client connected: 97
2026/05/28 00:16:08.861428 /Users/noelorin/GOSpeak/packages/server/internal/signal/hub.go:85: [Signal] client disconnected: 97, reason: client namespace disconnect
2026/05/28 00:16:09.641594 /Users/noelorin/GOSpeak/packages/server/internal/signal/hub.go:65: [Signal] client connected: 98
2026/05/28 00:16:09.644311 /Users/noelorin/GOSpeak/packages/server/internal/signal/hub.go:65: [Signal] client connected: 98
2026/05/28 00:16:09.645653 /Users/noelorin/GOSpeak/packages/server/internal/signal/hub.go:85: [Signal] client disconnected: 98, reason: client namespace disconnect
2026/05/28 00:16:10.817652 /Users/noelorin/GOSpeak/packages/server/internal/signal/hub.go:65: [Signal] client connected: 99
2026/05/28 00:16:10.819418 /Users/noelorin/GOSpeak/packages/server/internal/signal/hub.go:65: [Signal] client connected: 99
2026/05/28 00:16:10.819967 /Users/noelorin/GOSpeak/packages/server/internal/signal/hub.go:85: [Signal] client disconnected: 99, reason: client namespace disconnect
2026/05/28 00:16:12.021153 /Users/noelorin/GOSpeak/packages/server/internal/signal/hub.go:65: [Signal] client connected: 9a
2026/05/28 00:16:12.024274 /Users/noelorin/GOSpeak/packages/server/internal/signal/hub.go:65: [Signal] client connected: 9a
2026/05/28 00:16:12.025346 /Users/noelorin/GOSpeak/packages/server/internal/signal/hub.go:85: [Signal] client disconnected: 9a, reason: client namespace disconnect
2026/05/28 00:16:13.313033 /Users/noelorin/GOSpeak/packages/server/internal/signal/hub.go:65: [Signal] client connected: 9b
2026/05/28 00:16:13.315149 /Users/noelorin/GOSpeak/packages/server/internal/signal/hub.go:65: [Signal] client connected: 9b
2026/05/28 00:16:13.316109 /Users/noelorin/GOSpeak/packages/server/internal/signal/hub.go:85: [Signal] client disconnected: 9b, reason: client namespace disconnect
2026/05/28 00:16:14.283241 /Users/noelorin/GOSpeak/packages/server/internal/signal/hub.go:65: [Signal] client connected: 9c
2026/05/28 00:16:14.284991 /Users/noelorin/GOSpeak/packages/server/internal/signal/hub.go:65: [Signal] client connected: 9c
2026/05/28 00:16:14.285456 /Users/noelorin/GOSpeak/packages/server/internal/signal/hub.go:85: [Signal] client disconnected: 9c, reason: client namespace disconnect
2026/05/28 00:16:15.048571 /Users/noelorin/GOSpeak/packages/server/internal/signal/hub.go:65: [Signal] client connected: 9d
2026/05/28 00:16:15.050648 /Users/noelorin/GOSpeak/packages/server/internal/signal/hub.go:65: [Signal] client connected: 9d
2026/05/28 00:16:15.051560 /Users/noelorin/GOSpeak/packages/server/internal/signal/hub.go:85: [Signal] client disconnected: 9d, reason: client namespace disconnect
2026/05/28 00:16:16.538870 /Users/noelorin/GOSpeak/packages/server/internal/signal/hub.go:65: [Signal] client connected: 9e
2026/05/28 00:16:16.541018 /Users/noelorin/GOSpeak/packages/server/internal/signal/hub.go:65: [Signal] client connected: 9e
2026/05/28 00:16:16.541524 /Users/noelorin/GOSpeak/packages/server/internal/signal/hub.go:85: [Signal] client disconnected: 9e, reason: client namespace disconnect
2026/05/28 00:16:17.837022 /Users/noelorin/GOSpeak/packages/server/internal/signal/hub.go:65: [Signal] client connected: 9f
2026/05/28 00:16:17.838541 /Users/noelorin/GOSpeak/packages/server/internal/signal/hub.go:65: [Signal] client connected: 9f
2026/05/28 00:16:17.839590 /Users/noelorin/GOSpeak/packages/server/internal/signal/hub.go:85: [Signal] client disconnected: 9f, reason: client namespace disconnect
2026/05/28 00:16:18.401841 /Users/noelorin/GOSpeak/packages/server/internal/signal/hub.go:65: [Signal] client connected: 9g
2026/05/28 00:16:18.403827 /Users/noelorin/GOSpeak/packages/server/internal/signal/hub.go:65: [Signal] client connected: 9g
2026/05/28 00:16:18.404632 /Users/noelorin/GOSpeak/packages/server/internal/signal/hub.go:85: [Signal] client disconnected: 9g, reason: client namespace disconnect
2026/05/28 00:16:19.301407 /Users/noelorin/GOSpeak/packages/server/internal/signal/hub.go:65: [Signal] client connected: 9h
2026/05/28 00:16:19.303475 /Users/noelorin/GOSpeak/packages/server/internal/signal/hub.go:65: [Signal] client connected: 9h
2026/05/28 00:16:19.304256 /Users/noelorin/GOSpeak/packages/server/internal/signal/hub.go:85: [Signal] client disconnected: 9h, reason: client namespace disconnect
2026/05/28 00:16:20.481558 /Users/noelorin/GOSpeak/packages/server/internal/signal/hub.go:65: [Signal] client connected: 9i
2026/05/28 00:16:20.483055 /Users/noelorin/GOSpeak/packages/server/internal/signal/hub.go:65: [Signal] client connected: 9i
2026/05/28 00:16:20.483790 /Users/noelorin/GOSpeak/packages/server/internal/signal/hub.go:85: [Signal] client disconnected: 9i, reason: client namespace disconnect
2026/05/28 00:16:21.959732 /Users/noelorin/GOSpeak/packages/server/internal/signal/hub.go:65: [Signal] client connected: 9j
2026/05/28 00:16:21.963148 /Users/noelorin/GOSpeak/packages/server/internal/signal/hub.go:65: [Signal] client connected: 9j
2026/05/28 00:16:21.964091 /Users/noelorin/GOSpeak/packages/server/internal/signal/hub.go:85: [Signal] client disconnected: 9j, reason: client namespace disconnect
2026/05/28 00:16:23.039305 /Users/noelorin/GOSpeak/packages/server/internal/signal/hub.go:65: [Signal] client connected: 9k
2026/05/28 00:16:23.041501 /Users/noelorin/GOSpeak/packages/server/internal/signal/hub.go:65: [Signal] client connected: 9k
2026/05/28 00:16:23.042083 /Users/noelorin/GOSpeak/packages/server/internal/signal/hub.go:85: [Signal] client disconnected: 9k, reason: client namespace disconnect
2026/05/28 00:16:24.544837 /Users/noelorin/GOSpeak/packages/server/internal/signal/hub.go:65: [Signal] client connected: 9l
2026/05/28 00:16:24.546989 /Users/noelorin/GOSpeak/packages/server/internal/signal/hub.go:65: [Signal] client connected: 9l
2026/05/28 00:16:24.547773 /Users/noelorin/GOSpeak/packages/server/internal/signal/hub.go:85: [Signal] client disconnected: 9l, reason: client namespace disconnect
2026/05/28 00:16:25.649751 /Users/noelorin/GOSpeak/packages/server/internal/signal/hub.go:65: [Signal] client connected: 9m
2026/05/28 00:16:25.652412 /Users/noelorin/GOSpeak/packages/server/internal/signal/hub.go:65: [Signal] client connected: 9m
2026/05/28 00:16:25.653354 /Users/noelorin/GOSpeak/packages/server/internal/signal/hub.go:85: [Signal] client disconnected: 9m, reason: client namespace disconnect
2026/05/28 00:16:27.014393 /Users/noelorin/GOSpeak/packages/server/internal/signal/hub.go:65: [Signal] client connected: 9n
2026/05/28 00:16:27.016291 /Users/noelorin/GOSpeak/packages/server/internal/signal/hub.go:65: [Signal] client connected: 9n
2026/05/28 00:16:27.016968 /Users/noelorin/GOSpeak/packages/server/internal/signal/hub.go:85: [Signal] client disconnected: 9n, reason: client namespace disconnect
2026/05/28 00:16:28.112082 /Users/noelorin/GOSpeak/packages/server/internal/signal/hub.go:65: [Signal] client connected: 9o
2026/05/28 00:16:28.114188 /Users/noelorin/GOSpeak/packages/server/internal/signal/hub.go:65: [Signal] client connected: 9o
2026/05/28 00:16:28.114680 /Users/noelorin/GOSpeak/packages/server/internal/signal/hub.go:85: [Signal] client disconnected: 9o, reason: client namespace disconnect
2026/05/28 00:16:28.993993 /Users/noelorin/GOSpeak/packages/server/internal/signal/hub.go:65: [Signal] client connected: 9p
2026/05/28 00:16:28.995963 /Users/noelorin/GOSpeak/packages/server/internal/signal/hub.go:65: [Signal] client connected: 9p
2026/05/28 00:16:28.996682 /Users/noelorin/GOSpeak/packages/server/internal/signal/hub.go:85: [Signal] client disconnected: 9p, reason: client namespace disconnect
2026/05/28 00:16:29.854345 /Users/noelorin/GOSpeak/packages/server/internal/signal/hub.go:65: [Signal] client connected: 9q
2026/05/28 00:16:29.856863 /Users/noelorin/GOSpeak/packages/server/internal/signal/hub.go:65: [Signal] client connected: 9q
2026/05/28 00:16:29.857736 /Users/noelorin/GOSpeak/packages/server/internal/signal/hub.go:85: [Signal] client disconnected: 9q, reason: client namespace disconnect
2026/05/28 00:16:31.260177 /Users/noelorin/GOSpeak/packages/server/internal/signal/hub.go:65: [Signal] client connected: 9r
2026/05/28 00:16:31.262293 /Users/noelorin/GOSpeak/packages/server/internal/signal/hub.go:65: [Signal] client connected: 9r
2026/05/28 00:16:31.262798 /Users/noelorin/GOSpeak/packages/server/internal/signal/hub.go:85: [Signal] client disconnected: 9r, reason: client namespace disconnect
2026/05/28 00:16:32.734731 /Users/noelorin/GOSpeak/packages/server/internal/signal/hub.go:65: [Signal] client connected: 9s
2026/05/28 00:16:32.737327 /Users/noelorin/GOSpeak/packages/server/internal/signal/hub.go:65: [Signal] client connected: 9s
2026/05/28 00:16:32.738222 /Users/noelorin/GOSpeak/packages/server/internal/signal/hub.go:85: [Signal] client disconnected: 9s, reason: client namespace disconnect
2026/05/28 00:16:33.351417 /Users/noelorin/GOSpeak/packages/server/internal/signal/hub.go:65: [Signal] client connected: 9t
2026/05/28 00:16:33.354358 /Users/noelorin/GOSpeak/packages/server/internal/signal/hub.go:65: [Signal] client connected: 9t
2026/05/28 00:16:33.354892 /Users/noelorin/GOSpeak/packages/server/internal/signal/hub.go:85: [Signal] client disconnected: 9t, reason: client namespace disconnect
2026/05/28 00:16:34.331595 /Users/noelorin/GOSpeak/packages/server/internal/signal/hub.go:65: [Signal] client connected: 9u
2026/05/28 00:16:34.332791 /Users/noelorin/GOSpeak/packages/server/internal/signal/hub.go:65: [Signal] client connected: 9u
2026/05/28 00:16:34.333403 /Users/noelorin/GOSpeak/packages/server/internal/signal/hub.go:85: [Signal] client disconnected: 9u, reason: client namespace disconnect
2026/05/28 00:16:35.216110 /Users/noelorin/GOSpeak/packages/server/internal/signal/hub.go:65: [Signal] client connected: 9v
2026/05/28 00:16:35.218449 /Users/noelorin/GOSpeak/packages/server/internal/signal/hub.go:65: [Signal] client connected: 9v
2026/05/28 00:16:35.219096 /Users/noelorin/GOSpeak/packages/server/internal/signal/hub.go:85: [Signal] client disconnected: 9v, reason: client namespace disconnect
2026/05/28 00:16:36.100316 /Users/noelorin/GOSpeak/packages/server/internal/signal/hub.go:65: [Signal] client connected: 9w
2026/05/28 00:16:36.101783 /Users/noelorin/GOSpeak/packages/server/internal/signal/hub.go:65: [Signal] client connected: 9w
2026/05/28 00:16:36.102563 /Users/noelorin/GOSpeak/packages/server/internal/signal/hub.go:85: [Signal] client disconnected: 9w, reason: client namespace disconnect
2026/05/28 00:16:37.576433 /Users/noelorin/GOSpeak/packages/server/internal/signal/hub.go:65: [Signal] client connected: 9x
2026/05/28 00:16:37.578888 /Users/noelorin/GOSpeak/packages/server/internal/signal/hub.go:65: [Signal] client connected: 9x
2026/05/28 00:16:37.579458 /Users/noelorin/GOSpeak/packages/server/internal/signal/hub.go:85: [Signal] client disconnected: 9x, reason: client namespace disconnect
2026/05/28 00:16:38.854683 /Users/noelorin/GOSpeak/packages/server/internal/signal/hub.go:65: [Signal] client connected: 9y
2026/05/28 00:16:38.856819 /Users/noelorin/GOSpeak/packages/server/internal/signal/hub.go:65: [Signal] client connected: 9y
2026/05/28 00:16:38.857854 /Users/noelorin/GOSpeak/packages/server/internal/signal/hub.go:85: [Signal] client disconnected: 9y, reason: client namespace disconnect
2026/05/28 00:16:40.325464 /Users/noelorin/GOSpeak/packages/server/internal/signal/hub.go:65: [Signal] client connected: 9z
2026/05/28 00:16:40.327287 /Users/noelorin/GOSpeak/packages/server/internal/signal/hub.go:65: [Signal] client connected: 9z
2026/05/28 00:16:40.328145 /Users/noelorin/GOSpeak/packages/server/internal/signal/hub.go:85: [Signal] client disconnected: 9z, reason: client namespace disconnect
2026/05/28 00:16:40.907360 /Users/noelorin/GOSpeak/packages/server/internal/signal/hub.go:65: [Signal] client connected: a0
2026/05/28 00:16:40.909126 /Users/noelorin/GOSpeak/packages/server/internal/signal/hub.go:65: [Signal] client connected: a0
2026/05/28 00:16:40.913034 /Users/noelorin/GOSpeak/packages/server/internal/signal/hub.go:85: [Signal] client disconnected: a0, reason: client namespace disconnect
2026/05/28 00:16:41.897332 /Users/noelorin/GOSpeak/packages/server/internal/signal/hub.go:65: [Signal] client connected: a1
2026/05/28 00:16:41.899333 /Users/noelorin/GOSpeak/packages/server/internal/signal/hub.go:65: [Signal] client connected: a1
2026/05/28 00:16:41.900249 /Users/noelorin/GOSpeak/packages/server/internal/signal/hub.go:85: [Signal] client disconnected: a1, reason: client namespace disconnect
2026/05/28 00:16:42.490309 /Users/noelorin/GOSpeak/packages/server/internal/signal/hub.go:65: [Signal] client connected: a2
2026/05/28 00:16:42.492333 /Users/noelorin/GOSpeak/packages/server/internal/signal/hub.go:65: [Signal] client connected: a2
2026/05/28 00:16:42.494968 /Users/noelorin/GOSpeak/packages/server/internal/signal/hub.go:85: [Signal] client disconnected: a2, reason: client namespace disconnect
2026/05/28 00:16:43.264230 /Users/noelorin/GOSpeak/packages/server/internal/signal/hub.go:65: [Signal] client connected: a3
2026/05/28 00:16:43.266380 /Users/noelorin/GOSpeak/packages/server/internal/signal/hub.go:65: [Signal] client connected: a3
2026/05/28 00:16:43.267292 /Users/noelorin/GOSpeak/packages/server/internal/signal/hub.go:85: [Signal] client disconnected: a3, reason: client namespace disconnect
2026/05/28 00:16:44.048029 /Users/noelorin/GOSpeak/packages/server/internal/signal/hub.go:65: [Signal] client connected: a4
2026/05/28 00:16:44.049089 /Users/noelorin/GOSpeak/packages/server/internal/signal/hub.go:65: [Signal] client connected: a4
2026/05/28 00:16:44.049491 /Users/noelorin/GOSpeak/packages/server/internal/signal/hub.go:85: [Signal] client disconnected: a4, reason: client namespace disconnect
2026/05/28 00:16:44.720037 /Users/noelorin/GOSpeak/packages/server/internal/signal/hub.go:65: [Signal] client connected: a5
2026/05/28 00:16:44.721276 /Users/noelorin/GOSpeak/packages/server/internal/signal/hub.go:65: [Signal] client connected: a5
2026/05/28 00:16:44.721771 /Users/noelorin/GOSpeak/packages/server/internal/signal/hub.go:85: [Signal] client disconnected: a5, reason: client namespace disconnect
2026/05/28 00:16:45.781559 /Users/noelorin/GOSpeak/packages/server/internal/signal/hub.go:65: [Signal] client connected: a6
2026/05/28 00:16:45.783139 /Users/noelorin/GOSpeak/packages/server/internal/signal/hub.go:65: [Signal] client connected: a6
2026/05/28 00:16:45.783686 /Users/noelorin/GOSpeak/packages/server/internal/signal/hub.go:85: [Signal] client disconnected: a6, reason: client namespace disconnect
2026/05/28 00:16:46.350021 /Users/noelorin/GOSpeak/packages/server/internal/signal/hub.go:65: [Signal] client connected: a7
2026/05/28 00:16:46.351191 /Users/noelorin/GOSpeak/packages/server/internal/signal/hub.go:65: [Signal] client connected: a7
2026/05/28 00:16:46.351869 /Users/noelorin/GOSpeak/packages/server/internal/signal/hub.go:85: [Signal] client disconnected: a7, reason: client namespace disconnect
2026/05/28 00:16:47.126685 /Users/noelorin/GOSpeak/packages/server/internal/signal/hub.go:65: [Signal] client connected: a8
2026/05/28 00:16:47.132595 /Users/noelorin/GOSpeak/packages/server/internal/signal/hub.go:65: [Signal] client connected: a8
2026/05/28 00:16:47.133872 /Users/noelorin/GOSpeak/packages/server/internal/signal/hub.go:85: [Signal] client disconnected: a8, reason: client namespace disconnect
2026/05/28 00:16:48.230897 /Users/noelorin/GOSpeak/packages/server/internal/signal/hub.go:65: [Signal] client connected: a9
2026/05/28 00:16:48.232569 /Users/noelorin/GOSpeak/packages/server/internal/signal/hub.go:65: [Signal] client connected: a9
2026/05/28 00:16:48.233074 /Users/noelorin/GOSpeak/packages/server/internal/signal/hub.go:85: [Signal] client disconnected: a9, reason: client namespace disconnect
2026/05/28 00:16:49.403571 /Users/noelorin/GOSpeak/packages/server/internal/signal/hub.go:65: [Signal] client connected: aa
2026/05/28 00:16:49.406051 /Users/noelorin/GOSpeak/packages/server/internal/signal/hub.go:65: [Signal] client connected: aa
2026/05/28 00:16:49.406930 /Users/noelorin/GOSpeak/packages/server/internal/signal/hub.go:85: [Signal] client disconnected: aa, reason: client namespace disconnect
2026/05/28 00:16:49.968081 /Users/noelorin/GOSpeak/packages/server/internal/signal/hub.go:65: [Signal] client connected: ab
2026/05/28 00:16:49.969774 /Users/noelorin/GOSpeak/packages/server/internal/signal/hub.go:65: [Signal] client connected: ab
2026/05/28 00:16:49.970496 /Users/noelorin/GOSpeak/packages/server/internal/signal/hub.go:85: [Signal] client disconnected: ab, reason: client namespace disconnect
2026/05/28 00:16:51.070602 /Users/noelorin/GOSpeak/packages/server/internal/signal/hub.go:65: [Signal] client connected: ac
2026/05/28 00:16:51.072680 /Users/noelorin/GOSpeak/packages/server/internal/signal/hub.go:65: [Signal] client connected: ac
2026/05/28 00:16:51.073345 /Users/noelorin/GOSpeak/packages/server/internal/signal/hub.go:85: [Signal] client disconnected: ac, reason: client namespace disconnect
2026/05/28 00:16:51.950209 /Users/noelorin/GOSpeak/packages/server/internal/signal/hub.go:65: [Signal] client connected: ad
2026/05/28 00:16:51.952205 /Users/noelorin/GOSpeak/packages/server/internal/signal/hub.go:65: [Signal] client connected: ad
2026/05/28 00:16:51.953208 /Users/noelorin/GOSpeak/packages/server/internal/signal/hub.go:85: [Signal] client disconnected: ad, reason: client namespace disconnect
2026/05/28 00:16:53.350345 /Users/noelorin/GOSpeak/packages/server/internal/signal/hub.go:65: [Signal] client connected: ae
2026/05/28 00:16:53.351933 /Users/noelorin/GOSpeak/packages/server/internal/signal/hub.go:65: [Signal] client connected: ae
2026/05/28 00:16:53.353265 /Users/noelorin/GOSpeak/packages/server/internal/signal/hub.go:85: [Signal] client disconnected: ae, reason: client namespace disconnect
2026/05/28 00:16:54.025259 /Users/noelorin/GOSpeak/packages/server/internal/signal/hub.go:65: [Signal] client connected: af
2026/05/28 00:16:54.028543 /Users/noelorin/GOSpeak/packages/server/internal/signal/hub.go:65: [Signal] client connected: af
2026/05/28 00:16:54.028992 /Users/noelorin/GOSpeak/packages/server/internal/signal/hub.go:85: [Signal] client disconnected: af, reason: client namespace disconnect
2026/05/28 00:16:54.589698 /Users/noelorin/GOSpeak/packages/server/internal/signal/hub.go:65: [Signal] client connected: ag
2026/05/28 00:16:54.592406 /Users/noelorin/GOSpeak/packages/server/internal/signal/hub.go:65: [Signal] client connected: ag
2026/05/28 00:16:54.594826 /Users/noelorin/GOSpeak/packages/server/internal/signal/hub.go:85: [Signal] client disconnected: ag, reason: client namespace disconnect
2026/05/28 00:16:55.276788 /Users/noelorin/GOSpeak/packages/server/internal/signal/hub.go:65: [Signal] client connected: ah
2026/05/28 00:16:55.280583 /Users/noelorin/GOSpeak/packages/server/internal/signal/hub.go:65: [Signal] client connected: ah
2026/05/28 00:16:55.281111 /Users/noelorin/GOSpeak/packages/server/internal/signal/hub.go:85: [Signal] client disconnected: ah, reason: client namespace disconnect
2026/05/28 00:16:56.078660 /Users/noelorin/GOSpeak/packages/server/internal/signal/hub.go:65: [Signal] client connected: ai
2026/05/28 00:16:56.081186 /Users/noelorin/GOSpeak/packages/server/internal/signal/hub.go:65: [Signal] client connected: ai
2026/05/28 00:16:56.082255 /Users/noelorin/GOSpeak/packages/server/internal/signal/hub.go:85: [Signal] client disconnected: ai, reason: client namespace disconnect
2026/05/28 00:16:57.067295 /Users/noelorin/GOSpeak/packages/server/internal/signal/hub.go:65: [Signal] client connected: aj
2026/05/28 00:16:57.070411 /Users/noelorin/GOSpeak/packages/server/internal/signal/hub.go:65: [Signal] client connected: aj
2026/05/28 00:16:57.071097 /Users/noelorin/GOSpeak/packages/server/internal/signal/hub.go:85: [Signal] client disconnected: aj, reason: client namespace disconnect
2026/05/28 00:16:57.842644 /Users/noelorin/GOSpeak/packages/server/internal/signal/hub.go:65: [Signal] client connected: ak
2026/05/28 00:16:57.845860 /Users/noelorin/GOSpeak/packages/server/internal/signal/hub.go:65: [Signal] client connected: ak
2026/05/28 00:16:57.846456 /Users/noelorin/GOSpeak/packages/server/internal/signal/hub.go:85: [Signal] client disconnected: ak, reason: client namespace disconnect
2026/05/28 00:16:58.850701 /Users/noelorin/GOSpeak/packages/server/internal/signal/hub.go:65: [Signal] client connected: al
2026/05/28 00:16:58.852701 /Users/noelorin/GOSpeak/packages/server/internal/signal/hub.go:65: [Signal] client connected: al
2026/05/28 00:16:58.853440 /Users/noelorin/GOSpeak/packages/server/internal/signal/hub.go:85: [Signal] client disconnected: al, reason: client namespace disconnect
2026/05/28 00:16:59.516453 /Users/noelorin/GOSpeak/packages/server/internal/signal/hub.go:65: [Signal] client connected: am
2026/05/28 00:16:59.517809 /Users/noelorin/GOSpeak/packages/server/internal/signal/hub.go:65: [Signal] client connected: am
2026/05/28 00:16:59.518625 /Users/noelorin/GOSpeak/packages/server/internal/signal/hub.go:85: [Signal] client disconnected: am, reason: client namespace disconnect
2026/05/28 00:17:00.124803 /Users/noelorin/GOSpeak/packages/server/internal/signal/hub.go:65: [Signal] client connected: an
2026/05/28 00:17:00.126083 /Users/noelorin/GOSpeak/packages/server/internal/signal/hub.go:65: [Signal] client connected: an
2026/05/28 00:17:00.126730 /Users/noelorin/GOSpeak/packages/server/internal/signal/hub.go:85: [Signal] client disconnected: an, reason: client namespace disconnect
2026/05/28 00:17:01.183312 /Users/noelorin/GOSpeak/packages/server/internal/signal/hub.go:65: [Signal] client connected: ao
2026/05/28 00:17:01.185492 /Users/noelorin/GOSpeak/packages/server/internal/signal/hub.go:65: [Signal] client connected: ao
2026/05/28 00:17:01.187090 /Users/noelorin/GOSpeak/packages/server/internal/signal/hub.go:85: [Signal] client disconnected: ao, reason: client namespace disconnect
2026/05/28 00:17:02.593951 /Users/noelorin/GOSpeak/packages/server/internal/signal/hub.go:65: [Signal] client connected: ap
2026/05/28 00:17:02.659064 /Users/noelorin/GOSpeak/packages/server/internal/signal/hub.go:65: [Signal] client connected: ap
2026/05/28 00:17:02.712530 /Users/noelorin/GOSpeak/packages/server/internal/signal/hub.go:85: [Signal] client disconnected: ap, reason: client namespace disconnect
2026/05/28 00:17:03.921792 /Users/noelorin/GOSpeak/packages/server/internal/signal/hub.go:65: [Signal] client connected: aq
2026/05/28 00:17:03.923944 /Users/noelorin/GOSpeak/packages/server/internal/signal/hub.go:65: [Signal] client connected: aq
2026/05/28 00:17:03.924626 /Users/noelorin/GOSpeak/packages/server/internal/signal/hub.go:85: [Signal] client disconnected: aq, reason: client namespace disconnect
2026/05/28 00:17:05.229396 /Users/noelorin/GOSpeak/packages/server/internal/signal/hub.go:65: [Signal] client connected: ar
2026/05/28 00:17:05.231484 /Users/noelorin/GOSpeak/packages/server/internal/signal/hub.go:65: [Signal] client connected: ar
2026/05/28 00:17:05.231955 /Users/noelorin/GOSpeak/packages/server/internal/signal/hub.go:85: [Signal] client disconnected: ar, reason: client namespace disconnect
2026/05/28 00:17:05.937917 /Users/noelorin/GOSpeak/packages/server/internal/signal/hub.go:65: [Signal] client connected: as
2026/05/28 00:17:05.940721 /Users/noelorin/GOSpeak/packages/server/internal/signal/hub.go:65: [Signal] client connected: as
2026/05/28 00:17:05.942336 /Users/noelorin/GOSpeak/packages/server/internal/signal/hub.go:85: [Signal] client disconnected: as, reason: client namespace disconnect
2026/05/28 00:17:07.245244 /Users/noelorin/GOSpeak/packages/server/internal/signal/hub.go:65: [Signal] client connected: at
2026/05/28 00:17:07.247467 /Users/noelorin/GOSpeak/packages/server/internal/signal/hub.go:65: [Signal] client connected: at
2026/05/28 00:17:07.248139 /Users/noelorin/GOSpeak/packages/server/internal/signal/hub.go:85: [Signal] client disconnected: at, reason: client namespace disconnect
2026/05/28 00:17:08.648333 /Users/noelorin/GOSpeak/packages/server/internal/signal/hub.go:65: [Signal] client connected: au
2026/05/28 00:17:08.656007 /Users/noelorin/GOSpeak/packages/server/internal/signal/hub.go:65: [Signal] client connected: au
2026/05/28 00:17:08.665012 /Users/noelorin/GOSpeak/packages/server/internal/signal/hub.go:85: [Signal] client disconnected: au, reason: client namespace disconnect
2026/05/28 00:17:09.316828 /Users/noelorin/GOSpeak/packages/server/internal/signal/hub.go:65: [Signal] client connected: av
2026/05/28 00:17:09.318517 /Users/noelorin/GOSpeak/packages/server/internal/signal/hub.go:65: [Signal] client connected: av
2026/05/28 00:17:09.319142 /Users/noelorin/GOSpeak/packages/server/internal/signal/hub.go:85: [Signal] client disconnected: av, reason: client namespace disconnect
2026/05/28 00:17:10.597897 /Users/noelorin/GOSpeak/packages/server/internal/signal/hub.go:65: [Signal] client connected: aw
2026/05/28 00:17:10.599663 /Users/noelorin/GOSpeak/packages/server/internal/signal/hub.go:65: [Signal] client connected: aw
2026/05/28 00:17:10.600235 /Users/noelorin/GOSpeak/packages/server/internal/signal/hub.go:85: [Signal] client disconnected: aw, reason: client namespace disconnect
2026/05/28 00:17:11.489137 /Users/noelorin/GOSpeak/packages/server/internal/signal/hub.go:65: [Signal] client connected: ax
2026/05/28 00:17:11.491467 /Users/noelorin/GOSpeak/packages/server/internal/signal/hub.go:65: [Signal] client connected: ax
2026/05/28 00:17:11.492479 /Users/noelorin/GOSpeak/packages/server/internal/signal/hub.go:85: [Signal] client disconnected: ax, reason: client namespace disconnect
2026/05/28 00:17:12.755338 /Users/noelorin/GOSpeak/packages/server/internal/signal/hub.go:65: [Signal] client connected: ay
2026/05/28 00:17:12.757597 /Users/noelorin/GOSpeak/packages/server/internal/signal/hub.go:65: [Signal] client connected: ay
2026/05/28 00:17:12.758288 /Users/noelorin/GOSpeak/packages/server/internal/signal/hub.go:85: [Signal] client disconnected: ay, reason: client namespace disconnect
2026/05/28 00:17:13.633129 /Users/noelorin/GOSpeak/packages/server/internal/signal/hub.go:65: [Signal] client connected: az
2026/05/28 00:17:13.635165 /Users/noelorin/GOSpeak/packages/server/internal/signal/hub.go:65: [Signal] client connected: az
2026/05/28 00:17:13.636049 /Users/noelorin/GOSpeak/packages/server/internal/signal/hub.go:85: [Signal] client disconnected: az, reason: client namespace disconnect
2026/05/28 00:17:14.836831 /Users/noelorin/GOSpeak/packages/server/internal/signal/hub.go:65: [Signal] client connected: b0
2026/05/28 00:17:14.838854 /Users/noelorin/GOSpeak/packages/server/internal/signal/hub.go:65: [Signal] client connected: b0
2026/05/28 00:17:14.839343 /Users/noelorin/GOSpeak/packages/server/internal/signal/hub.go:85: [Signal] client disconnected: b0, reason: client namespace disconnect
2026/05/28 00:17:15.913271 /Users/noelorin/GOSpeak/packages/server/internal/signal/hub.go:65: [Signal] client connected: b1
2026/05/28 00:17:15.914153 /Users/noelorin/GOSpeak/packages/server/internal/signal/hub.go:65: [Signal] client connected: b1
2026/05/28 00:17:15.914558 /Users/noelorin/GOSpeak/packages/server/internal/signal/hub.go:85: [Signal] client disconnected: b1, reason: client namespace disconnect
2026/05/28 00:17:16.783137 /Users/noelorin/GOSpeak/packages/server/internal/signal/hub.go:65: [Signal] client connected: b2
2026/05/28 00:17:16.784893 /Users/noelorin/GOSpeak/packages/server/internal/signal/hub.go:65: [Signal] client connected: b2
2026/05/28 00:17:16.785461 /Users/noelorin/GOSpeak/packages/server/internal/signal/hub.go:85: [Signal] client disconnected: b2, reason: client namespace disconnect
2026/05/28 00:17:17.346524 /Users/noelorin/GOSpeak/packages/server/internal/signal/hub.go:65: [Signal] client connected: b3
2026/05/28 00:17:17.349071 /Users/noelorin/GOSpeak/packages/server/internal/signal/hub.go:65: [Signal] client connected: b3
2026/05/28 00:17:17.349887 /Users/noelorin/GOSpeak/packages/server/internal/signal/hub.go:85: [Signal] client disconnected: b3, reason: client namespace disconnect
2026/05/28 00:17:18.207616 /Users/noelorin/GOSpeak/packages/server/internal/signal/hub.go:65: [Signal] client connected: b4
2026/05/28 00:17:18.213499 /Users/noelorin/GOSpeak/packages/server/internal/signal/hub.go:65: [Signal] client connected: b4
2026/05/28 00:17:18.214067 /Users/noelorin/GOSpeak/packages/server/internal/signal/hub.go:85: [Signal] client disconnected: b4, reason: client namespace disconnect
2026/05/28 00:17:18.834795 /Users/noelorin/GOSpeak/packages/server/internal/signal/hub.go:65: [Signal] client connected: b5
2026/05/28 00:17:18.836358 /Users/noelorin/GOSpeak/packages/server/internal/signal/hub.go:65: [Signal] client connected: b5
2026/05/28 00:17:18.837021 /Users/noelorin/GOSpeak/packages/server/internal/signal/hub.go:85: [Signal] client disconnected: b5, reason: client namespace disconnect
2026/05/28 00:17:19.632078 /Users/noelorin/GOSpeak/packages/server/internal/signal/hub.go:65: [Signal] client connected: b6
2026/05/28 00:17:19.633852 /Users/noelorin/GOSpeak/packages/server/internal/signal/hub.go:65: [Signal] client connected: b6
2026/05/28 00:17:19.634539 /Users/noelorin/GOSpeak/packages/server/internal/signal/hub.go:85: [Signal] client disconnected: b6, reason: client namespace disconnect
2026/05/28 00:17:21.017173 /Users/noelorin/GOSpeak/packages/server/internal/signal/hub.go:65: [Signal] client connected: b7
2026/05/28 00:17:21.019123 /Users/noelorin/GOSpeak/packages/server/internal/signal/hub.go:65: [Signal] client connected: b7
2026/05/28 00:17:21.019845 /Users/noelorin/GOSpeak/packages/server/internal/signal/hub.go:85: [Signal] client disconnected: b7, reason: client namespace disconnect
2026/05/28 00:17:22.401189 /Users/noelorin/GOSpeak/packages/server/internal/signal/hub.go:65: [Signal] client connected: b8
2026/05/28 00:17:22.403628 /Users/noelorin/GOSpeak/packages/server/internal/signal/hub.go:65: [Signal] client connected: b8
2026/05/28 00:17:22.404287 /Users/noelorin/GOSpeak/packages/server/internal/signal/hub.go:85: [Signal] client disconnected: b8, reason: client namespace disconnect
2026/05/28 00:17:22.998179 /Users/noelorin/GOSpeak/packages/server/internal/signal/hub.go:65: [Signal] client connected: b9
2026/05/28 00:17:22.999653 /Users/noelorin/GOSpeak/packages/server/internal/signal/hub.go:65: [Signal] client connected: b9
2026/05/28 00:17:23.000137 /Users/noelorin/GOSpeak/packages/server/internal/signal/hub.go:85: [Signal] client disconnected: b9, reason: client namespace disconnect
2026/05/28 00:17:24.388152 /Users/noelorin/GOSpeak/packages/server/internal/signal/hub.go:65: [Signal] client connected: ba
2026/05/28 00:17:24.390727 /Users/noelorin/GOSpeak/packages/server/internal/signal/hub.go:65: [Signal] client connected: ba
2026/05/28 00:17:24.391211 /Users/noelorin/GOSpeak/packages/server/internal/signal/hub.go:85: [Signal] client disconnected: ba, reason: client namespace disconnect
2026/05/28 00:17:25.074865 /Users/noelorin/GOSpeak/packages/server/internal/signal/hub.go:65: [Signal] client connected: bb
2026/05/28 00:17:25.078786 /Users/noelorin/GOSpeak/packages/server/internal/signal/hub.go:65: [Signal] client connected: bb
2026/05/28 00:17:25.079414 /Users/noelorin/GOSpeak/packages/server/internal/signal/hub.go:85: [Signal] client disconnected: bb, reason: client namespace disconnect
2026/05/28 00:17:26.450442 /Users/noelorin/GOSpeak/packages/server/internal/signal/hub.go:65: [Signal] client connected: bc
2026/05/28 00:17:26.453281 /Users/noelorin/GOSpeak/packages/server/internal/signal/hub.go:65: [Signal] client connected: bc
2026/05/28 00:17:26.454128 /Users/noelorin/GOSpeak/packages/server/internal/signal/hub.go:85: [Signal] client disconnected: bc, reason: client namespace disconnect
2026/05/28 00:17:27.532517 /Users/noelorin/GOSpeak/packages/server/internal/signal/hub.go:65: [Signal] client connected: bd
2026/05/28 00:17:27.534459 /Users/noelorin/GOSpeak/packages/server/internal/signal/hub.go:65: [Signal] client connected: bd
2026/05/28 00:17:27.536237 /Users/noelorin/GOSpeak/packages/server/internal/signal/hub.go:85: [Signal] client disconnected: bd, reason: client namespace disconnect
2026/05/28 00:17:28.601950 /Users/noelorin/GOSpeak/packages/server/internal/signal/hub.go:65: [Signal] client connected: be
2026/05/28 00:17:28.603781 /Users/noelorin/GOSpeak/packages/server/internal/signal/hub.go:65: [Signal] client connected: be
2026/05/28 00:17:28.604295 /Users/noelorin/GOSpeak/packages/server/internal/signal/hub.go:85: [Signal] client disconnected: be, reason: client namespace disconnect
2026/05/28 00:17:29.764886 /Users/noelorin/GOSpeak/packages/server/internal/signal/hub.go:65: [Signal] client connected: bf
2026/05/28 00:17:29.766697 /Users/noelorin/GOSpeak/packages/server/internal/signal/hub.go:65: [Signal] client connected: bf
2026/05/28 00:17:29.767538 /Users/noelorin/GOSpeak/packages/server/internal/signal/hub.go:85: [Signal] client disconnected: bf, reason: client namespace disconnect
2026/05/28 00:17:30.947643 /Users/noelorin/GOSpeak/packages/server/internal/signal/hub.go:65: [Signal] client connected: bg
2026/05/28 00:17:30.949410 /Users/noelorin/GOSpeak/packages/server/internal/signal/hub.go:65: [Signal] client connected: bg
2026/05/28 00:17:30.949859 /Users/noelorin/GOSpeak/packages/server/internal/signal/hub.go:85: [Signal] client disconnected: bg, reason: client namespace disconnect
2026/05/28 00:17:31.751720 /Users/noelorin/GOSpeak/packages/server/internal/signal/hub.go:65: [Signal] client connected: bh
2026/05/28 00:17:31.754273 /Users/noelorin/GOSpeak/packages/server/internal/signal/hub.go:65: [Signal] client connected: bh
2026/05/28 00:17:31.754685 /Users/noelorin/GOSpeak/packages/server/internal/signal/hub.go:85: [Signal] client disconnected: bh, reason: client namespace disconnect
2026/05/28 00:17:33.053899 /Users/noelorin/GOSpeak/packages/server/internal/signal/hub.go:65: [Signal] client connected: bi
2026/05/28 00:17:33.055785 /Users/noelorin/GOSpeak/packages/server/internal/signal/hub.go:65: [Signal] client connected: bi
2026/05/28 00:17:33.056384 /Users/noelorin/GOSpeak/packages/server/internal/signal/hub.go:85: [Signal] client disconnected: bi, reason: client namespace disconnect
2026/05/28 00:17:34.447197 /Users/noelorin/GOSpeak/packages/server/internal/signal/hub.go:65: [Signal] client connected: bj
2026/05/28 00:17:34.449160 /Users/noelorin/GOSpeak/packages/server/internal/signal/hub.go:65: [Signal] client connected: bj
2026/05/28 00:17:34.450228 /Users/noelorin/GOSpeak/packages/server/internal/signal/hub.go:85: [Signal] client disconnected: bj, reason: client namespace disconnect
2026/05/28 00:17:35.608991 /Users/noelorin/GOSpeak/packages/server/internal/signal/hub.go:65: [Signal] client connected: bk
2026/05/28 00:17:35.612297 /Users/noelorin/GOSpeak/packages/server/internal/signal/hub.go:65: [Signal] client connected: bk
2026/05/28 00:17:35.613562 /Users/noelorin/GOSpeak/packages/server/internal/signal/hub.go:85: [Signal] client disconnected: bk, reason: client namespace disconnect
2026/05/28 00:17:36.792186 /Users/noelorin/GOSpeak/packages/server/internal/signal/hub.go:65: [Signal] client connected: bl
2026/05/28 00:17:36.795104 /Users/noelorin/GOSpeak/packages/server/internal/signal/hub.go:65: [Signal] client connected: bl
2026/05/28 00:17:36.795559 /Users/noelorin/GOSpeak/packages/server/internal/signal/hub.go:85: [Signal] client disconnected: bl, reason: client namespace disconnect
2026/05/28 00:17:37.385055 /Users/noelorin/GOSpeak/packages/server/internal/signal/hub.go:65: [Signal] client connected: bm
2026/05/28 00:17:37.387412 /Users/noelorin/GOSpeak/packages/server/internal/signal/hub.go:65: [Signal] client connected: bm
2026/05/28 00:17:37.388155 /Users/noelorin/GOSpeak/packages/server/internal/signal/hub.go:85: [Signal] client disconnected: bm, reason: client namespace disconnect
2026/05/28 00:17:38.580018 /Users/noelorin/GOSpeak/packages/server/internal/signal/hub.go:65: [Signal] client connected: bn
2026/05/28 00:17:38.581777 /Users/noelorin/GOSpeak/packages/server/internal/signal/hub.go:65: [Signal] client connected: bn
2026/05/28 00:17:38.582281 /Users/noelorin/GOSpeak/packages/server/internal/signal/hub.go:85: [Signal] client disconnected: bn, reason: client namespace disconnect
2026/05/28 00:17:39.366093 /Users/noelorin/GOSpeak/packages/server/internal/signal/hub.go:65: [Signal] client connected: bo
2026/05/28 00:17:39.367674 /Users/noelorin/GOSpeak/packages/server/internal/signal/hub.go:65: [Signal] client connected: bo
2026/05/28 00:17:39.368250 /Users/noelorin/GOSpeak/packages/server/internal/signal/hub.go:85: [Signal] client disconnected: bo, reason: client namespace disconnect
2026/05/28 00:17:40.730404 /Users/noelorin/GOSpeak/packages/server/internal/signal/hub.go:65: [Signal] client connected: bp
2026/05/28 00:17:40.732388 /Users/noelorin/GOSpeak/packages/server/internal/signal/hub.go:65: [Signal] client connected: bp
2026/05/28 00:17:40.732914 /Users/noelorin/GOSpeak/packages/server/internal/signal/hub.go:85: [Signal] client disconnected: bp, reason: client namespace disconnect
2026/05/28 00:17:41.315307 /Users/noelorin/GOSpeak/packages/server/internal/signal/hub.go:65: [Signal] client connected: bq
2026/05/28 00:17:41.321163 /Users/noelorin/GOSpeak/packages/server/internal/signal/hub.go:65: [Signal] client connected: bq
2026/05/28 00:17:41.322540 /Users/noelorin/GOSpeak/packages/server/internal/signal/hub.go:85: [Signal] client disconnected: bq, reason: client namespace disconnect
2026/05/28 00:17:42.007914 /Users/noelorin/GOSpeak/packages/server/internal/signal/hub.go:65: [Signal] client connected: br
2026/05/28 00:17:42.012814 /Users/noelorin/GOSpeak/packages/server/internal/signal/hub.go:65: [Signal] client connected: br
2026/05/28 00:17:42.013464 /Users/noelorin/GOSpeak/packages/server/internal/signal/hub.go:85: [Signal] client disconnected: br, reason: client namespace disconnect
2026/05/28 00:17:43.071154 /Users/noelorin/GOSpeak/packages/server/internal/signal/hub.go:65: [Signal] client connected: bs
2026/05/28 00:17:43.073550 /Users/noelorin/GOSpeak/packages/server/internal/signal/hub.go:65: [Signal] client connected: bs
2026/05/28 00:17:43.074160 /Users/noelorin/GOSpeak/packages/server/internal/signal/hub.go:85: [Signal] client disconnected: bs, reason: client namespace disconnect
2026/05/28 00:17:44.135256 /Users/noelorin/GOSpeak/packages/server/internal/signal/hub.go:65: [Signal] client connected: bt
2026/05/28 00:17:44.138070 /Users/noelorin/GOSpeak/packages/server/internal/signal/hub.go:65: [Signal] client connected: bt
2026/05/28 00:17:44.138857 /Users/noelorin/GOSpeak/packages/server/internal/signal/hub.go:85: [Signal] client disconnected: bt, reason: client namespace disconnect
2026/05/28 00:17:45.302831 /Users/noelorin/GOSpeak/packages/server/internal/signal/hub.go:65: [Signal] client connected: bu
2026/05/28 00:17:45.304578 /Users/noelorin/GOSpeak/packages/server/internal/signal/hub.go:65: [Signal] client connected: bu
2026/05/28 00:17:45.305380 /Users/noelorin/GOSpeak/packages/server/internal/signal/hub.go:85: [Signal] client disconnected: bu, reason: client namespace disconnect
2026/05/28 00:17:46.073791 /Users/noelorin/GOSpeak/packages/server/internal/signal/hub.go:65: [Signal] client connected: bv
2026/05/28 00:17:46.075048 /Users/noelorin/GOSpeak/packages/server/internal/signal/hub.go:65: [Signal] client connected: bv
2026/05/28 00:17:46.076350 /Users/noelorin/GOSpeak/packages/server/internal/signal/hub.go:85: [Signal] client disconnected: bv, reason: client namespace disconnect
2026/05/28 00:17:47.054901 /Users/noelorin/GOSpeak/packages/server/internal/signal/hub.go:65: [Signal] client connected: bw
2026/05/28 00:17:47.056982 /Users/noelorin/GOSpeak/packages/server/internal/signal/hub.go:65: [Signal] client connected: bw
2026/05/28 00:17:47.057632 /Users/noelorin/GOSpeak/packages/server/internal/signal/hub.go:85: [Signal] client disconnected: bw, reason: client namespace disconnect
2026/05/28 00:17:48.334290 /Users/noelorin/GOSpeak/packages/server/internal/signal/hub.go:65: [Signal] client connected: bx
2026/05/28 00:17:48.335972 /Users/noelorin/GOSpeak/packages/server/internal/signal/hub.go:65: [Signal] client connected: bx
2026/05/28 00:17:48.336743 /Users/noelorin/GOSpeak/packages/server/internal/signal/hub.go:85: [Signal] client disconnected: bx, reason: client namespace disconnect
2026/05/28 00:17:49.538520 /Users/noelorin/GOSpeak/packages/server/internal/signal/hub.go:65: [Signal] client connected: by
2026/05/28 00:17:49.540216 /Users/noelorin/GOSpeak/packages/server/internal/signal/hub.go:65: [Signal] client connected: by
2026/05/28 00:17:49.540733 /Users/noelorin/GOSpeak/packages/server/internal/signal/hub.go:85: [Signal] client disconnected: by, reason: client namespace disconnect
2026/05/28 00:17:50.407900 /Users/noelorin/GOSpeak/packages/server/internal/signal/hub.go:65: [Signal] client connected: bz
2026/05/28 00:17:50.412018 /Users/noelorin/GOSpeak/packages/server/internal/signal/hub.go:65: [Signal] client connected: bz
2026/05/28 00:17:50.412648 /Users/noelorin/GOSpeak/packages/server/internal/signal/hub.go:85: [Signal] client disconnected: bz, reason: client namespace disconnect
2026/05/28 00:17:51.300727 /Users/noelorin/GOSpeak/packages/server/internal/signal/hub.go:65: [Signal] client connected: c0
2026/05/28 00:17:51.302268 /Users/noelorin/GOSpeak/packages/server/internal/signal/hub.go:65: [Signal] client connected: c0
2026/05/28 00:17:51.302797 /Users/noelorin/GOSpeak/packages/server/internal/signal/hub.go:85: [Signal] client disconnected: c0, reason: client namespace disconnect
2026/05/28 00:17:52.783033 /Users/noelorin/GOSpeak/packages/server/internal/signal/hub.go:65: [Signal] client connected: c1
2026/05/28 00:17:52.785866 /Users/noelorin/GOSpeak/packages/server/internal/signal/hub.go:65: [Signal] client connected: c1
2026/05/28 00:17:52.786776 /Users/noelorin/GOSpeak/packages/server/internal/signal/hub.go:85: [Signal] client disconnected: c1, reason: client namespace disconnect
2026/05/28 00:17:53.463871 /Users/noelorin/GOSpeak/packages/server/internal/signal/hub.go:65: [Signal] client connected: c2
2026/05/28 00:17:53.466068 /Users/noelorin/GOSpeak/packages/server/internal/signal/hub.go:65: [Signal] client connected: c2
2026/05/28 00:17:53.466818 /Users/noelorin/GOSpeak/packages/server/internal/signal/hub.go:85: [Signal] client disconnected: c2, reason: client namespace disconnect
2026/05/28 00:17:54.629615 /Users/noelorin/GOSpeak/packages/server/internal/signal/hub.go:65: [Signal] client connected: c3
2026/05/28 00:17:54.631273 /Users/noelorin/GOSpeak/packages/server/internal/signal/hub.go:65: [Signal] client connected: c3
2026/05/28 00:17:54.632006 /Users/noelorin/GOSpeak/packages/server/internal/signal/hub.go:85: [Signal] client disconnected: c3, reason: client namespace disconnect
2026/05/28 00:17:55.513988 /Users/noelorin/GOSpeak/packages/server/internal/signal/hub.go:65: [Signal] client connected: c4
2026/05/28 00:17:55.515909 /Users/noelorin/GOSpeak/packages/server/internal/signal/hub.go:65: [Signal] client connected: c4
2026/05/28 00:17:55.516727 /Users/noelorin/GOSpeak/packages/server/internal/signal/hub.go:85: [Signal] client disconnected: c4, reason: client namespace disconnect
2026/05/28 00:17:56.884993 /Users/noelorin/GOSpeak/packages/server/internal/signal/hub.go:65: [Signal] client connected: c5
2026/05/28 00:17:56.886635 /Users/noelorin/GOSpeak/packages/server/internal/signal/hub.go:65: [Signal] client connected: c5
2026/05/28 00:17:56.887331 /Users/noelorin/GOSpeak/packages/server/internal/signal/hub.go:85: [Signal] client disconnected: c5, reason: client namespace disconnect
2026/05/28 00:17:58.263906 /Users/noelorin/GOSpeak/packages/server/internal/signal/hub.go:65: [Signal] client connected: c6
2026/05/28 00:17:58.265705 /Users/noelorin/GOSpeak/packages/server/internal/signal/hub.go:65: [Signal] client connected: c6
2026/05/28 00:17:58.266800 /Users/noelorin/GOSpeak/packages/server/internal/signal/hub.go:85: [Signal] client disconnected: c6, reason: client namespace disconnect
2026/05/28 00:17:59.640043 /Users/noelorin/GOSpeak/packages/server/internal/signal/hub.go:65: [Signal] client connected: c7
2026/05/28 00:17:59.641595 /Users/noelorin/GOSpeak/packages/server/internal/signal/hub.go:65: [Signal] client connected: c7
2026/05/28 00:17:59.642160 /Users/noelorin/GOSpeak/packages/server/internal/signal/hub.go:85: [Signal] client disconnected: c7, reason: client namespace disconnect
2026/05/28 00:18:00.325277 /Users/noelorin/GOSpeak/packages/server/internal/signal/hub.go:65: [Signal] client connected: c8
2026/05/28 00:18:00.328853 /Users/noelorin/GOSpeak/packages/server/internal/signal/hub.go:65: [Signal] client connected: c8
2026/05/28 00:18:00.329404 /Users/noelorin/GOSpeak/packages/server/internal/signal/hub.go:85: [Signal] client disconnected: c8, reason: client namespace disconnect
2026/05/28 00:18:01.318819 /Users/noelorin/GOSpeak/packages/server/internal/signal/hub.go:65: [Signal] client connected: c9
2026/05/28 00:18:01.318957 /Users/noelorin/GOSpeak/packages/server/internal/signal/hub.go:65: [Signal] client connected: c9
2026/05/28 00:18:01.325207 /Users/noelorin/GOSpeak/packages/server/internal/signal/hub.go:85: [Signal] client disconnected: c9, reason: client namespace disconnect
2026/05/28 00:18:02.312510 /Users/noelorin/GOSpeak/packages/server/internal/signal/hub.go:65: [Signal] client connected: ca
2026/05/28 00:18:02.314669 /Users/noelorin/GOSpeak/packages/server/internal/signal/hub.go:65: [Signal] client connected: ca
2026/05/28 00:18:02.315557 /Users/noelorin/GOSpeak/packages/server/internal/signal/hub.go:85: [Signal] client disconnected: ca, reason: client namespace disconnect
2026/05/28 00:18:03.399843 /Users/noelorin/GOSpeak/packages/server/internal/signal/hub.go:65: [Signal] client connected: cb
2026/05/28 00:18:03.401191 /Users/noelorin/GOSpeak/packages/server/internal/signal/hub.go:65: [Signal] client connected: cb
2026/05/28 00:18:03.401731 /Users/noelorin/GOSpeak/packages/server/internal/signal/hub.go:85: [Signal] client disconnected: cb, reason: client namespace disconnect
2026/05/28 00:18:04.097813 /Users/noelorin/GOSpeak/packages/server/internal/signal/hub.go:65: [Signal] client connected: cc
2026/05/28 00:18:04.099773 /Users/noelorin/GOSpeak/packages/server/internal/signal/hub.go:65: [Signal] client connected: cc
2026/05/28 00:18:04.100471 /Users/noelorin/GOSpeak/packages/server/internal/signal/hub.go:85: [Signal] client disconnected: cc, reason: client namespace disconnect
2026/05/28 00:18:04.963431 /Users/noelorin/GOSpeak/packages/server/internal/signal/hub.go:65: [Signal] client connected: cd
2026/05/28 00:18:04.965136 /Users/noelorin/GOSpeak/packages/server/internal/signal/hub.go:65: [Signal] client connected: cd
2026/05/28 00:18:04.965585 /Users/noelorin/GOSpeak/packages/server/internal/signal/hub.go:85: [Signal] client disconnected: cd, reason: client namespace disconnect
2026/05/28 00:18:05.948574 /Users/noelorin/GOSpeak/packages/server/internal/signal/hub.go:65: [Signal] client connected: ce
2026/05/28 00:18:05.951060 /Users/noelorin/GOSpeak/packages/server/internal/signal/hub.go:65: [Signal] client connected: ce
2026/05/28 00:18:05.951873 /Users/noelorin/GOSpeak/packages/server/internal/signal/hub.go:85: [Signal] client disconnected: ce, reason: client namespace disconnect
2026/05/28 00:18:07.455813 /Users/noelorin/GOSpeak/packages/server/internal/signal/hub.go:65: [Signal] client connected: cf
2026/05/28 00:18:07.458350 /Users/noelorin/GOSpeak/packages/server/internal/signal/hub.go:65: [Signal] client connected: cf
2026/05/28 00:18:07.459949 /Users/noelorin/GOSpeak/packages/server/internal/signal/hub.go:85: [Signal] client disconnected: cf, reason: client namespace disconnect
2026/05/28 00:18:08.527496 /Users/noelorin/GOSpeak/packages/server/internal/signal/hub.go:65: [Signal] client connected: cg
2026/05/28 00:18:08.529303 /Users/noelorin/GOSpeak/packages/server/internal/signal/hub.go:65: [Signal] client connected: cg
2026/05/28 00:18:08.529926 /Users/noelorin/GOSpeak/packages/server/internal/signal/hub.go:85: [Signal] client disconnected: cg, reason: client namespace disconnect
2026/05/28 00:18:09.218175 /Users/noelorin/GOSpeak/packages/server/internal/signal/hub.go:65: [Signal] client connected: ch
2026/05/28 00:18:09.220363 /Users/noelorin/GOSpeak/packages/server/internal/signal/hub.go:65: [Signal] client connected: ch
2026/05/28 00:18:09.221113 /Users/noelorin/GOSpeak/packages/server/internal/signal/hub.go:85: [Signal] client disconnected: ch, reason: client namespace disconnect
2026/05/28 00:18:09.822628 /Users/noelorin/GOSpeak/packages/server/internal/signal/hub.go:65: [Signal] client connected: ci
2026/05/28 00:18:09.825073 /Users/noelorin/GOSpeak/packages/server/internal/signal/hub.go:65: [Signal] client connected: ci
2026/05/28 00:18:09.828754 /Users/noelorin/GOSpeak/packages/server/internal/signal/hub.go:85: [Signal] client disconnected: ci, reason: client namespace disconnect
2026/05/28 00:18:11.300969 /Users/noelorin/GOSpeak/packages/server/internal/signal/hub.go:65: [Signal] client connected: cj
2026/05/28 00:18:11.302935 /Users/noelorin/GOSpeak/packages/server/internal/signal/hub.go:65: [Signal] client connected: cj
2026/05/28 00:18:11.303621 /Users/noelorin/GOSpeak/packages/server/internal/signal/hub.go:85: [Signal] client disconnected: cj, reason: client namespace disconnect
2026/05/28 00:18:11.967776 /Users/noelorin/GOSpeak/packages/server/internal/signal/hub.go:65: [Signal] client connected: ck
2026/05/28 00:18:11.970589 /Users/noelorin/GOSpeak/packages/server/internal/signal/hub.go:65: [Signal] client connected: ck
2026/05/28 00:18:11.971141 /Users/noelorin/GOSpeak/packages/server/internal/signal/hub.go:85: [Signal] client disconnected: ck, reason: client namespace disconnect
2026/05/28 00:18:12.859403 /Users/noelorin/GOSpeak/packages/server/internal/signal/hub.go:65: [Signal] client connected: cl
2026/05/28 00:18:12.862397 /Users/noelorin/GOSpeak/packages/server/internal/signal/hub.go:65: [Signal] client connected: cl
2026/05/28 00:18:12.862860 /Users/noelorin/GOSpeak/packages/server/internal/signal/hub.go:85: [Signal] client disconnected: cl, reason: client namespace disconnect
2026/05/28 00:18:14.331840 /Users/noelorin/GOSpeak/packages/server/internal/signal/hub.go:65: [Signal] client connected: cm
2026/05/28 00:18:14.334732 /Users/noelorin/GOSpeak/packages/server/internal/signal/hub.go:65: [Signal] client connected: cm
2026/05/28 00:18:14.335452 /Users/noelorin/GOSpeak/packages/server/internal/signal/hub.go:85: [Signal] client disconnected: cm, reason: client namespace disconnect
2026/05/28 00:18:15.391804 /Users/noelorin/GOSpeak/packages/server/internal/signal/hub.go:65: [Signal] client connected: cn
2026/05/28 00:18:15.394813 /Users/noelorin/GOSpeak/packages/server/internal/signal/hub.go:65: [Signal] client connected: cn
2026/05/28 00:18:15.395291 /Users/noelorin/GOSpeak/packages/server/internal/signal/hub.go:85: [Signal] client disconnected: cn, reason: client namespace disconnect
2026/05/28 00:18:15.981137 /Users/noelorin/GOSpeak/packages/server/internal/signal/hub.go:65: [Signal] client connected: co
2026/05/28 00:18:15.982847 /Users/noelorin/GOSpeak/packages/server/internal/signal/hub.go:65: [Signal] client connected: co
2026/05/28 00:18:15.983931 /Users/noelorin/GOSpeak/packages/server/internal/signal/hub.go:85: [Signal] client disconnected: co, reason: client namespace disconnect
2026/05/28 00:18:16.662664 /Users/noelorin/GOSpeak/packages/server/internal/signal/hub.go:65: [Signal] client connected: cp
2026/05/28 00:18:16.664231 /Users/noelorin/GOSpeak/packages/server/internal/signal/hub.go:65: [Signal] client connected: cp
2026/05/28 00:18:16.664756 /Users/noelorin/GOSpeak/packages/server/internal/signal/hub.go:85: [Signal] client disconnected: cp, reason: client namespace disconnect
2026/05/28 00:18:17.962599 /Users/noelorin/GOSpeak/packages/server/internal/signal/hub.go:65: [Signal] client connected: cq
2026/05/28 00:18:17.964057 /Users/noelorin/GOSpeak/packages/server/internal/signal/hub.go:65: [Signal] client connected: cq
2026/05/28 00:18:17.964594 /Users/noelorin/GOSpeak/packages/server/internal/signal/hub.go:85: [Signal] client disconnected: cq, reason: client namespace disconnect
2026/05/28 00:18:19.123436 /Users/noelorin/GOSpeak/packages/server/internal/signal/hub.go:65: [Signal] client connected: cr
2026/05/28 00:18:19.125260 /Users/noelorin/GOSpeak/packages/server/internal/signal/hub.go:65: [Signal] client connected: cr
2026/05/28 00:18:19.127208 /Users/noelorin/GOSpeak/packages/server/internal/signal/hub.go:85: [Signal] client disconnected: cr, reason: client namespace disconnect
2026/05/28 00:18:20.383616 /Users/noelorin/GOSpeak/packages/server/internal/signal/hub.go:65: [Signal] client connected: cs
2026/05/28 00:18:20.385340 /Users/noelorin/GOSpeak/packages/server/internal/signal/hub.go:65: [Signal] client connected: cs
2026/05/28 00:18:20.385885 /Users/noelorin/GOSpeak/packages/server/internal/signal/hub.go:85: [Signal] client disconnected: cs, reason: client namespace disconnect
2026/05/28 00:18:21.765371 /Users/noelorin/GOSpeak/packages/server/internal/signal/hub.go:65: [Signal] client connected: ct
2026/05/28 00:18:21.767826 /Users/noelorin/GOSpeak/packages/server/internal/signal/hub.go:65: [Signal] client connected: ct
2026/05/28 00:18:21.768754 /Users/noelorin/GOSpeak/packages/server/internal/signal/hub.go:85: [Signal] client disconnected: ct, reason: client namespace disconnect
2026/05/28 00:18:22.753040 /Users/noelorin/GOSpeak/packages/server/internal/signal/hub.go:65: [Signal] client connected: cu
2026/05/28 00:18:22.754873 /Users/noelorin/GOSpeak/packages/server/internal/signal/hub.go:65: [Signal] client connected: cu
2026/05/28 00:18:22.755465 /Users/noelorin/GOSpeak/packages/server/internal/signal/hub.go:85: [Signal] client disconnected: cu, reason: client namespace disconnect
2026/05/28 00:18:23.413658 /Users/noelorin/GOSpeak/packages/server/internal/signal/hub.go:65: [Signal] client connected: cv
2026/05/28 00:18:23.415790 /Users/noelorin/GOSpeak/packages/server/internal/signal/hub.go:65: [Signal] client connected: cv
2026/05/28 00:18:23.416568 /Users/noelorin/GOSpeak/packages/server/internal/signal/hub.go:85: [Signal] client disconnected: cv, reason: client namespace disconnect
2026/05/28 00:18:24.187597 /Users/noelorin/GOSpeak/packages/server/internal/signal/hub.go:65: [Signal] client connected: cw
2026/05/28 00:18:24.189411 /Users/noelorin/GOSpeak/packages/server/internal/signal/hub.go:65: [Signal] client connected: cw
2026/05/28 00:18:24.190006 /Users/noelorin/GOSpeak/packages/server/internal/signal/hub.go:85: [Signal] client disconnected: cw, reason: client namespace disconnect
2026/05/28 00:18:25.351255 /Users/noelorin/GOSpeak/packages/server/internal/signal/hub.go:65: [Signal] client connected: cx
2026/05/28 00:18:25.353590 /Users/noelorin/GOSpeak/packages/server/internal/signal/hub.go:65: [Signal] client connected: cx
2026/05/28 00:18:25.354419 /Users/noelorin/GOSpeak/packages/server/internal/signal/hub.go:85: [Signal] client disconnected: cx, reason: client namespace disconnect
2026/05/28 00:18:26.435579 /Users/noelorin/GOSpeak/packages/server/internal/signal/hub.go:65: [Signal] client connected: cy
2026/05/28 00:18:26.437359 /Users/noelorin/GOSpeak/packages/server/internal/signal/hub.go:65: [Signal] client connected: cy
2026/05/28 00:18:26.438129 /Users/noelorin/GOSpeak/packages/server/internal/signal/hub.go:85: [Signal] client disconnected: cy, reason: client namespace disconnect
2026/05/28 00:18:27.841037 /Users/noelorin/GOSpeak/packages/server/internal/signal/hub.go:65: [Signal] client connected: cz
2026/05/28 00:18:27.843823 /Users/noelorin/GOSpeak/packages/server/internal/signal/hub.go:65: [Signal] client connected: cz
2026/05/28 00:18:27.844493 /Users/noelorin/GOSpeak/packages/server/internal/signal/hub.go:85: [Signal] client disconnected: cz, reason: client namespace disconnect
2026/05/28 00:18:28.733579 /Users/noelorin/GOSpeak/packages/server/internal/signal/hub.go:65: [Signal] client connected: d0
2026/05/28 00:18:28.735893 /Users/noelorin/GOSpeak/packages/server/internal/signal/hub.go:65: [Signal] client connected: d0
2026/05/28 00:18:28.737055 /Users/noelorin/GOSpeak/packages/server/internal/signal/hub.go:85: [Signal] client disconnected: d0, reason: client namespace disconnect
2026/05/28 00:18:29.732637 /Users/noelorin/GOSpeak/packages/server/internal/signal/hub.go:65: [Signal] client connected: d1
2026/05/28 00:18:29.734348 /Users/noelorin/GOSpeak/packages/server/internal/signal/hub.go:65: [Signal] client connected: d1
2026/05/28 00:18:29.735500 /Users/noelorin/GOSpeak/packages/server/internal/signal/hub.go:85: [Signal] client disconnected: d1, reason: client namespace disconnect
2026/05/28 00:18:30.890941 /Users/noelorin/GOSpeak/packages/server/internal/signal/hub.go:65: [Signal] client connected: d2
2026/05/28 00:18:30.893622 /Users/noelorin/GOSpeak/packages/server/internal/signal/hub.go:65: [Signal] client connected: d2
2026/05/28 00:18:30.894201 /Users/noelorin/GOSpeak/packages/server/internal/signal/hub.go:85: [Signal] client disconnected: d2, reason: client namespace disconnect
2026/05/28 00:18:32.087751 /Users/noelorin/GOSpeak/packages/server/internal/signal/hub.go:65: [Signal] client connected: d3
2026/05/28 00:18:32.089679 /Users/noelorin/GOSpeak/packages/server/internal/signal/hub.go:65: [Signal] client connected: d3
2026/05/28 00:18:32.090208 /Users/noelorin/GOSpeak/packages/server/internal/signal/hub.go:85: [Signal] client disconnected: d3, reason: client namespace disconnect
2026/05/28 00:18:32.847727 /Users/noelorin/GOSpeak/packages/server/internal/signal/hub.go:65: [Signal] client connected: d4
2026/05/28 00:18:32.849241 /Users/noelorin/GOSpeak/packages/server/internal/signal/hub.go:65: [Signal] client connected: d4
2026/05/28 00:18:32.849824 /Users/noelorin/GOSpeak/packages/server/internal/signal/hub.go:85: [Signal] client disconnected: d4, reason: client namespace disconnect
2026/05/28 00:18:34.146559 /Users/noelorin/GOSpeak/packages/server/internal/signal/hub.go:65: [Signal] client connected: d5
2026/05/28 00:18:34.148385 /Users/noelorin/GOSpeak/packages/server/internal/signal/hub.go:65: [Signal] client connected: d5
2026/05/28 00:18:34.148841 /Users/noelorin/GOSpeak/packages/server/internal/signal/hub.go:85: [Signal] client disconnected: d5, reason: client namespace disconnect
2026/05/28 00:18:34.935757 /Users/noelorin/GOSpeak/packages/server/internal/signal/hub.go:65: [Signal] client connected: d6
2026/05/28 00:18:34.937978 /Users/noelorin/GOSpeak/packages/server/internal/signal/hub.go:65: [Signal] client connected: d6
2026/05/28 00:18:34.939224 /Users/noelorin/GOSpeak/packages/server/internal/signal/hub.go:85: [Signal] client disconnected: d6, reason: client namespace disconnect
2026/05/28 00:18:35.746585 /Users/noelorin/GOSpeak/packages/server/internal/signal/hub.go:65: [Signal] client connected: d7
2026/05/28 00:18:35.748554 /Users/noelorin/GOSpeak/packages/server/internal/signal/hub.go:65: [Signal] client connected: d7
2026/05/28 00:18:35.749544 /Users/noelorin/GOSpeak/packages/server/internal/signal/hub.go:85: [Signal] client disconnected: d7, reason: client namespace disconnect
2026/05/28 00:18:36.618977 /Users/noelorin/GOSpeak/packages/server/internal/signal/hub.go:65: [Signal] client connected: d8
2026/05/28 00:18:36.621327 /Users/noelorin/GOSpeak/packages/server/internal/signal/hub.go:65: [Signal] client connected: d8
2026/05/28 00:18:36.621991 /Users/noelorin/GOSpeak/packages/server/internal/signal/hub.go:85: [Signal] client disconnected: d8, reason: client namespace disconnect
2026/05/28 00:18:37.490107 /Users/noelorin/GOSpeak/packages/server/internal/signal/hub.go:65: [Signal] client connected: d9
2026/05/28 00:18:37.493887 /Users/noelorin/GOSpeak/packages/server/internal/signal/hub.go:65: [Signal] client connected: d9
2026/05/28 00:18:37.494706 /Users/noelorin/GOSpeak/packages/server/internal/signal/hub.go:85: [Signal] client disconnected: d9, reason: client namespace disconnect
2026/05/28 00:18:38.987591 /Users/noelorin/GOSpeak/packages/server/internal/signal/hub.go:65: [Signal] client connected: da
2026/05/28 00:18:38.990248 /Users/noelorin/GOSpeak/packages/server/internal/signal/hub.go:65: [Signal] client connected: da
2026/05/28 00:18:38.990988 /Users/noelorin/GOSpeak/packages/server/internal/signal/hub.go:85: [Signal] client disconnected: da, reason: client namespace disconnect
2026/05/28 00:18:39.763756 /Users/noelorin/GOSpeak/packages/server/internal/signal/hub.go:65: [Signal] client connected: db
2026/05/28 00:18:39.765489 /Users/noelorin/GOSpeak/packages/server/internal/signal/hub.go:65: [Signal] client connected: db
2026/05/28 00:18:39.766409 /Users/noelorin/GOSpeak/packages/server/internal/signal/hub.go:85: [Signal] client disconnected: db, reason: client namespace disconnect
2026/05/28 00:18:41.149741 /Users/noelorin/GOSpeak/packages/server/internal/signal/hub.go:65: [Signal] client connected: dc
2026/05/28 00:18:41.151771 /Users/noelorin/GOSpeak/packages/server/internal/signal/hub.go:65: [Signal] client connected: dc
2026/05/28 00:18:41.152772 /Users/noelorin/GOSpeak/packages/server/internal/signal/hub.go:85: [Signal] client disconnected: dc, reason: client namespace disconnect
2026/05/28 00:18:42.016958 /Users/noelorin/GOSpeak/packages/server/internal/signal/hub.go:65: [Signal] client connected: dd
2026/05/28 00:18:42.019666 /Users/noelorin/GOSpeak/packages/server/internal/signal/hub.go:65: [Signal] client connected: dd
2026/05/28 00:18:42.020253 /Users/noelorin/GOSpeak/packages/server/internal/signal/hub.go:85: [Signal] client disconnected: dd, reason: client namespace disconnect
2026/05/28 00:18:42.996398 /Users/noelorin/GOSpeak/packages/server/internal/signal/hub.go:65: [Signal] client connected: de
2026/05/28 00:18:42.998198 /Users/noelorin/GOSpeak/packages/server/internal/signal/hub.go:65: [Signal] client connected: de
2026/05/28 00:18:42.999042 /Users/noelorin/GOSpeak/packages/server/internal/signal/hub.go:85: [Signal] client disconnected: de, reason: client namespace disconnect
2026/05/28 00:18:43.887521 /Users/noelorin/GOSpeak/packages/server/internal/signal/hub.go:65: [Signal] client connected: df
2026/05/28 00:18:43.889815 /Users/noelorin/GOSpeak/packages/server/internal/signal/hub.go:65: [Signal] client connected: df
2026/05/28 00:18:43.890299 /Users/noelorin/GOSpeak/packages/server/internal/signal/hub.go:85: [Signal] client disconnected: df, reason: client namespace disconnect
2026/05/28 00:18:44.980632 /Users/noelorin/GOSpeak/packages/server/internal/signal/hub.go:65: [Signal] client connected: dg
2026/05/28 00:18:44.981690 /Users/noelorin/GOSpeak/packages/server/internal/signal/hub.go:65: [Signal] client connected: dg
2026/05/28 00:18:44.982156 /Users/noelorin/GOSpeak/packages/server/internal/signal/hub.go:85: [Signal] client disconnected: dg, reason: client namespace disconnect
2026/05/28 00:18:45.580367 /Users/noelorin/GOSpeak/packages/server/internal/signal/hub.go:65: [Signal] client connected: dh
2026/05/28 00:18:45.581931 /Users/noelorin/GOSpeak/packages/server/internal/signal/hub.go:65: [Signal] client connected: dh
2026/05/28 00:18:45.583013 /Users/noelorin/GOSpeak/packages/server/internal/signal/hub.go:85: [Signal] client disconnected: dh, reason: client namespace disconnect
2026/05/28 00:18:46.876546 /Users/noelorin/GOSpeak/packages/server/internal/signal/hub.go:65: [Signal] client connected: di
2026/05/28 00:18:46.879104 /Users/noelorin/GOSpeak/packages/server/internal/signal/hub.go:65: [Signal] client connected: di
2026/05/28 00:18:46.879625 /Users/noelorin/GOSpeak/packages/server/internal/signal/hub.go:85: [Signal] client disconnected: di, reason: client namespace disconnect
2026/05/28 00:18:48.370916 /Users/noelorin/GOSpeak/packages/server/internal/signal/hub.go:65: [Signal] client connected: dj
2026/05/28 00:18:48.372872 /Users/noelorin/GOSpeak/packages/server/internal/signal/hub.go:65: [Signal] client connected: dj
2026/05/28 00:18:48.373468 /Users/noelorin/GOSpeak/packages/server/internal/signal/hub.go:85: [Signal] client disconnected: dj, reason: client namespace disconnect
2026/05/28 00:18:49.760247 /Users/noelorin/GOSpeak/packages/server/internal/signal/hub.go:65: [Signal] client connected: dk
2026/05/28 00:18:49.761866 /Users/noelorin/GOSpeak/packages/server/internal/signal/hub.go:65: [Signal] client connected: dk
2026/05/28 00:18:49.762478 /Users/noelorin/GOSpeak/packages/server/internal/signal/hub.go:85: [Signal] client disconnected: dk, reason: client namespace disconnect
2026/05/28 00:18:50.531663 /Users/noelorin/GOSpeak/packages/server/internal/signal/hub.go:65: [Signal] client connected: dl
2026/05/28 00:18:50.534603 /Users/noelorin/GOSpeak/packages/server/internal/signal/hub.go:65: [Signal] client connected: dl
2026/05/28 00:18:50.535567 /Users/noelorin/GOSpeak/packages/server/internal/signal/hub.go:85: [Signal] client disconnected: dl, reason: client namespace disconnect
2026/05/28 00:18:51.098902 /Users/noelorin/GOSpeak/packages/server/internal/signal/hub.go:65: [Signal] client connected: dm
2026/05/28 00:18:51.101057 /Users/noelorin/GOSpeak/packages/server/internal/signal/hub.go:65: [Signal] client connected: dm
2026/05/28 00:18:51.101907 /Users/noelorin/GOSpeak/packages/server/internal/signal/hub.go:85: [Signal] client disconnected: dm, reason: client namespace disconnect
2026/05/28 00:18:52.271617 /Users/noelorin/GOSpeak/packages/server/internal/signal/hub.go:65: [Signal] client connected: dn
2026/05/28 00:18:52.273557 /Users/noelorin/GOSpeak/packages/server/internal/signal/hub.go:65: [Signal] client connected: dn
2026/05/28 00:18:52.274005 /Users/noelorin/GOSpeak/packages/server/internal/signal/hub.go:85: [Signal] client disconnected: dn, reason: client namespace disconnect
2026/05/28 00:18:53.629933 /Users/noelorin/GOSpeak/packages/server/internal/signal/hub.go:65: [Signal] client connected: do
2026/05/28 00:18:53.631696 /Users/noelorin/GOSpeak/packages/server/internal/signal/hub.go:65: [Signal] client connected: do
2026/05/28 00:18:53.632168 /Users/noelorin/GOSpeak/packages/server/internal/signal/hub.go:85: [Signal] client disconnected: do, reason: client namespace disconnect
2026/05/28 00:18:54.531150 /Users/noelorin/GOSpeak/packages/server/internal/signal/hub.go:65: [Signal] client connected: dp
2026/05/28 00:18:54.533024 /Users/noelorin/GOSpeak/packages/server/internal/signal/hub.go:65: [Signal] client connected: dp
2026/05/28 00:18:54.533778 /Users/noelorin/GOSpeak/packages/server/internal/signal/hub.go:85: [Signal] client disconnected: dp, reason: client namespace disconnect
2026/05/28 00:18:55.836727 /Users/noelorin/GOSpeak/packages/server/internal/signal/hub.go:65: [Signal] client connected: dq
2026/05/28 00:18:55.838521 /Users/noelorin/GOSpeak/packages/server/internal/signal/hub.go:65: [Signal] client connected: dq
2026/05/28 00:18:55.839089 /Users/noelorin/GOSpeak/packages/server/internal/signal/hub.go:85: [Signal] client disconnected: dq, reason: client namespace disconnect
2026/05/28 00:18:57.212517 /Users/noelorin/GOSpeak/packages/server/internal/signal/hub.go:65: [Signal] client connected: dr
2026/05/28 00:18:57.214256 /Users/noelorin/GOSpeak/packages/server/internal/signal/hub.go:65: [Signal] client connected: dr
2026/05/28 00:18:57.214870 /Users/noelorin/GOSpeak/packages/server/internal/signal/hub.go:85: [Signal] client disconnected: dr, reason: client namespace disconnect
2026/05/28 00:18:58.084010 /Users/noelorin/GOSpeak/packages/server/internal/signal/hub.go:65: [Signal] client connected: ds
2026/05/28 00:18:58.086686 /Users/noelorin/GOSpeak/packages/server/internal/signal/hub.go:65: [Signal] client connected: ds
2026/05/28 00:18:58.089715 /Users/noelorin/GOSpeak/packages/server/internal/signal/hub.go:85: [Signal] client disconnected: ds, reason: client namespace disconnect
2026/05/28 00:18:59.068943 /Users/noelorin/GOSpeak/packages/server/internal/signal/hub.go:65: [Signal] client connected: dt
2026/05/28 00:18:59.071002 /Users/noelorin/GOSpeak/packages/server/internal/signal/hub.go:65: [Signal] client connected: dt
2026/05/28 00:18:59.071744 /Users/noelorin/GOSpeak/packages/server/internal/signal/hub.go:85: [Signal] client disconnected: dt, reason: client namespace disconnect
2026/05/28 00:19:00.065203 /Users/noelorin/GOSpeak/packages/server/internal/signal/hub.go:65: [Signal] client connected: du
2026/05/28 00:19:00.066097 /Users/noelorin/GOSpeak/packages/server/internal/signal/hub.go:65: [Signal] client connected: du
2026/05/28 00:19:00.066497 /Users/noelorin/GOSpeak/packages/server/internal/signal/hub.go:85: [Signal] client disconnected: du, reason: client namespace disconnect
2026/05/28 00:19:00.762995 /Users/noelorin/GOSpeak/packages/server/internal/signal/hub.go:65: [Signal] client connected: dv
2026/05/28 00:19:00.764859 /Users/noelorin/GOSpeak/packages/server/internal/signal/hub.go:65: [Signal] client connected: dv
2026/05/28 00:19:00.765485 /Users/noelorin/GOSpeak/packages/server/internal/signal/hub.go:85: [Signal] client disconnected: dv, reason: client namespace disconnect
2026/05/28 00:19:01.430275 /Users/noelorin/GOSpeak/packages/server/internal/signal/hub.go:65: [Signal] client connected: dw
2026/05/28 00:19:01.431963 /Users/noelorin/GOSpeak/packages/server/internal/signal/hub.go:65: [Signal] client connected: dw
2026/05/28 00:19:01.433352 /Users/noelorin/GOSpeak/packages/server/internal/signal/hub.go:85: [Signal] client disconnected: dw, reason: client namespace disconnect
2026/05/28 00:19:02.527457 /Users/noelorin/GOSpeak/packages/server/internal/signal/hub.go:65: [Signal] client connected: dx
2026/05/28 00:19:02.529111 /Users/noelorin/GOSpeak/packages/server/internal/signal/hub.go:65: [Signal] client connected: dx
2026/05/28 00:19:02.529657 /Users/noelorin/GOSpeak/packages/server/internal/signal/hub.go:85: [Signal] client disconnected: dx, reason: client namespace disconnect
2026/05/28 00:19:04.013977 /Users/noelorin/GOSpeak/packages/server/internal/signal/hub.go:65: [Signal] client connected: dy
2026/05/28 00:19:04.015525 /Users/noelorin/GOSpeak/packages/server/internal/signal/hub.go:65: [Signal] client connected: dy
2026/05/28 00:19:04.016513 /Users/noelorin/GOSpeak/packages/server/internal/signal/hub.go:85: [Signal] client disconnected: dy, reason: client namespace disconnect
2026/05/28 00:19:04.627228 /Users/noelorin/GOSpeak/packages/server/internal/signal/hub.go:65: [Signal] client connected: dz
2026/05/28 00:19:04.627460 /Users/noelorin/GOSpeak/packages/server/internal/signal/hub.go:65: [Signal] client connected: dz
2026/05/28 00:19:04.628700 /Users/noelorin/GOSpeak/packages/server/internal/signal/hub.go:85: [Signal] client disconnected: dz, reason: client namespace disconnect
2026/05/28 00:19:05.804702 /Users/noelorin/GOSpeak/packages/server/internal/signal/hub.go:65: [Signal] client connected: e0
2026/05/28 00:19:05.806961 /Users/noelorin/GOSpeak/packages/server/internal/signal/hub.go:65: [Signal] client connected: e0
2026/05/28 00:19:05.807673 /Users/noelorin/GOSpeak/packages/server/internal/signal/hub.go:85: [Signal] client disconnected: e0, reason: client namespace disconnect
2026/05/28 00:19:06.505520 /Users/noelorin/GOSpeak/packages/server/internal/signal/hub.go:65: [Signal] client connected: e1
2026/05/28 00:19:06.508139 /Users/noelorin/GOSpeak/packages/server/internal/signal/hub.go:65: [Signal] client connected: e1
2026/05/28 00:19:06.509970 /Users/noelorin/GOSpeak/packages/server/internal/signal/hub.go:85: [Signal] client disconnected: e1, reason: client namespace disconnect
2026/05/28 00:19:07.511636 /Users/noelorin/GOSpeak/packages/server/internal/signal/hub.go:65: [Signal] client connected: e2
2026/05/28 00:19:07.513988 /Users/noelorin/GOSpeak/packages/server/internal/signal/hub.go:65: [Signal] client connected: e2
2026/05/28 00:19:07.514986 /Users/noelorin/GOSpeak/packages/server/internal/signal/hub.go:85: [Signal] client disconnected: e2, reason: client namespace disconnect
2026/05/28 00:19:08.106126 /Users/noelorin/GOSpeak/packages/server/internal/signal/hub.go:65: [Signal] client connected: e3
2026/05/28 00:19:08.107784 /Users/noelorin/GOSpeak/packages/server/internal/signal/hub.go:65: [Signal] client connected: e3
2026/05/28 00:19:08.109350 /Users/noelorin/GOSpeak/packages/server/internal/signal/hub.go:85: [Signal] client disconnected: e3, reason: client namespace disconnect
2026/05/28 00:19:09.311075 /Users/noelorin/GOSpeak/packages/server/internal/signal/hub.go:65: [Signal] client connected: e4
2026/05/28 00:19:09.313341 /Users/noelorin/GOSpeak/packages/server/internal/signal/hub.go:65: [Signal] client connected: e4
2026/05/28 00:19:09.314187 /Users/noelorin/GOSpeak/packages/server/internal/signal/hub.go:85: [Signal] client disconnected: e4, reason: client namespace disconnect
2026/05/28 00:19:09.999314 /Users/noelorin/GOSpeak/packages/server/internal/signal/hub.go:65: [Signal] client connected: e5
2026/05/28 00:19:10.001202 /Users/noelorin/GOSpeak/packages/server/internal/signal/hub.go:65: [Signal] client connected: e5
2026/05/28 00:19:10.001943 /Users/noelorin/GOSpeak/packages/server/internal/signal/hub.go:85: [Signal] client disconnected: e5, reason: client namespace disconnect
2026/05/28 00:19:11.463766 /Users/noelorin/GOSpeak/packages/server/internal/signal/hub.go:65: [Signal] client connected: e6
2026/05/28 00:19:11.465443 /Users/noelorin/GOSpeak/packages/server/internal/signal/hub.go:65: [Signal] client connected: e6
2026/05/28 00:19:11.466581 /Users/noelorin/GOSpeak/packages/server/internal/signal/hub.go:85: [Signal] client disconnected: e6, reason: client namespace disconnect
2026/05/28 00:19:12.043107 /Users/noelorin/GOSpeak/packages/server/internal/signal/hub.go:65: [Signal] client connected: e7
2026/05/28 00:19:12.044852 /Users/noelorin/GOSpeak/packages/server/internal/signal/hub.go:65: [Signal] client connected: e7
2026/05/28 00:19:12.045370 /Users/noelorin/GOSpeak/packages/server/internal/signal/hub.go:85: [Signal] client disconnected: e7, reason: client namespace disconnect
2026/05/28 00:19:13.230928 /Users/noelorin/GOSpeak/packages/server/internal/signal/hub.go:65: [Signal] client connected: e8
2026/05/28 00:19:13.233033 /Users/noelorin/GOSpeak/packages/server/internal/signal/hub.go:65: [Signal] client connected: e8
2026/05/28 00:19:13.234086 /Users/noelorin/GOSpeak/packages/server/internal/signal/hub.go:85: [Signal] client disconnected: e8, reason: client namespace disconnect
2026/05/28 00:19:14.295676 /Users/noelorin/GOSpeak/packages/server/internal/signal/hub.go:65: [Signal] client connected: e9
2026/05/28 00:19:14.297511 /Users/noelorin/GOSpeak/packages/server/internal/signal/hub.go:65: [Signal] client connected: e9
2026/05/28 00:19:14.298308 /Users/noelorin/GOSpeak/packages/server/internal/signal/hub.go:85: [Signal] client disconnected: e9, reason: client namespace disconnect
2026/05/28 00:19:15.194924 /Users/noelorin/GOSpeak/packages/server/internal/signal/hub.go:65: [Signal] client connected: ea
2026/05/28 00:19:15.197272 /Users/noelorin/GOSpeak/packages/server/internal/signal/hub.go:65: [Signal] client connected: ea
2026/05/28 00:19:15.198141 /Users/noelorin/GOSpeak/packages/server/internal/signal/hub.go:85: [Signal] client disconnected: ea, reason: client namespace disconnect
2026/05/28 00:19:16.668210 /Users/noelorin/GOSpeak/packages/server/internal/signal/hub.go:65: [Signal] client connected: eb
2026/05/28 00:19:16.669996 /Users/noelorin/GOSpeak/packages/server/internal/signal/hub.go:65: [Signal] client connected: eb
2026/05/28 00:19:16.670974 /Users/noelorin/GOSpeak/packages/server/internal/signal/hub.go:85: [Signal] client disconnected: eb, reason: client namespace disconnect
2026/05/28 00:19:18.172031 /Users/noelorin/GOSpeak/packages/server/internal/signal/hub.go:65: [Signal] client connected: ec
2026/05/28 00:19:18.174064 /Users/noelorin/GOSpeak/packages/server/internal/signal/hub.go:65: [Signal] client connected: ec
2026/05/28 00:19:18.176380 /Users/noelorin/GOSpeak/packages/server/internal/signal/hub.go:85: [Signal] client disconnected: ec, reason: client namespace disconnect
2026/05/28 00:19:19.152865 /Users/noelorin/GOSpeak/packages/server/internal/signal/hub.go:65: [Signal] client connected: ed
2026/05/28 00:19:19.155652 /Users/noelorin/GOSpeak/packages/server/internal/signal/hub.go:65: [Signal] client connected: ed
2026/05/28 00:19:19.156679 /Users/noelorin/GOSpeak/packages/server/internal/signal/hub.go:85: [Signal] client disconnected: ed, reason: client namespace disconnect
2026/05/28 00:19:20.120618 /Users/noelorin/GOSpeak/packages/server/internal/signal/hub.go:65: [Signal] client connected: ee
2026/05/28 00:19:20.123117 /Users/noelorin/GOSpeak/packages/server/internal/signal/hub.go:65: [Signal] client connected: ee
2026/05/28 00:19:20.123823 /Users/noelorin/GOSpeak/packages/server/internal/signal/hub.go:85: [Signal] client disconnected: ee, reason: client namespace disconnect
2026/05/28 00:19:21.391527 /Users/noelorin/GOSpeak/packages/server/internal/signal/hub.go:65: [Signal] client connected: ef
2026/05/28 00:19:21.394292 /Users/noelorin/GOSpeak/packages/server/internal/signal/hub.go:65: [Signal] client connected: ef
2026/05/28 00:19:21.394795 /Users/noelorin/GOSpeak/packages/server/internal/signal/hub.go:85: [Signal] client disconnected: ef, reason: client namespace disconnect
2026/05/28 00:19:22.684060 /Users/noelorin/GOSpeak/packages/server/internal/signal/hub.go:65: [Signal] client connected: eg
2026/05/28 00:19:22.686202 /Users/noelorin/GOSpeak/packages/server/internal/signal/hub.go:65: [Signal] client connected: eg
2026/05/28 00:19:22.687532 /Users/noelorin/GOSpeak/packages/server/internal/signal/hub.go:85: [Signal] client disconnected: eg, reason: client namespace disconnect
2026/05/28 00:19:23.752283 /Users/noelorin/GOSpeak/packages/server/internal/signal/hub.go:65: [Signal] client connected: eh
2026/05/28 00:19:23.755002 /Users/noelorin/GOSpeak/packages/server/internal/signal/hub.go:65: [Signal] client connected: eh
2026/05/28 00:19:23.755955 /Users/noelorin/GOSpeak/packages/server/internal/signal/hub.go:85: [Signal] client disconnected: eh, reason: client namespace disconnect
2026/05/28 00:19:25.037236 /Users/noelorin/GOSpeak/packages/server/internal/signal/hub.go:65: [Signal] client connected: ei
2026/05/28 00:19:25.038113 /Users/noelorin/GOSpeak/packages/server/internal/signal/hub.go:65: [Signal] client connected: ei
2026/05/28 00:19:25.041826 /Users/noelorin/GOSpeak/packages/server/internal/signal/hub.go:85: [Signal] client disconnected: ei, reason: client namespace disconnect
2026/05/28 00:19:26.401984 /Users/noelorin/GOSpeak/packages/server/internal/signal/hub.go:65: [Signal] client connected: ej
2026/05/28 00:19:26.403828 /Users/noelorin/GOSpeak/packages/server/internal/signal/hub.go:65: [Signal] client connected: ej
2026/05/28 00:19:26.404654 /Users/noelorin/GOSpeak/packages/server/internal/signal/hub.go:85: [Signal] client disconnected: ej, reason: client namespace disconnect
2026/05/28 00:19:27.703208 /Users/noelorin/GOSpeak/packages/server/internal/signal/hub.go:65: [Signal] client connected: ek
2026/05/28 00:19:27.705007 /Users/noelorin/GOSpeak/packages/server/internal/signal/hub.go:65: [Signal] client connected: ek
2026/05/28 00:19:27.705983 /Users/noelorin/GOSpeak/packages/server/internal/signal/hub.go:85: [Signal] client disconnected: ek, reason: client namespace disconnect
2026/05/28 00:19:28.764879 /Users/noelorin/GOSpeak/packages/server/internal/signal/hub.go:65: [Signal] client connected: el
2026/05/28 00:19:28.766868 /Users/noelorin/GOSpeak/packages/server/internal/signal/hub.go:65: [Signal] client connected: el
2026/05/28 00:19:28.767745 /Users/noelorin/GOSpeak/packages/server/internal/signal/hub.go:85: [Signal] client disconnected: el, reason: client namespace disconnect
2026/05/28 00:19:30.135549 /Users/noelorin/GOSpeak/packages/server/internal/signal/hub.go:65: [Signal] client connected: em
2026/05/28 00:19:30.137360 /Users/noelorin/GOSpeak/packages/server/internal/signal/hub.go:65: [Signal] client connected: em
2026/05/28 00:19:30.138174 /Users/noelorin/GOSpeak/packages/server/internal/signal/hub.go:85: [Signal] client disconnected: em, reason: client namespace disconnect
2026/05/28 00:19:31.041196 /Users/noelorin/GOSpeak/packages/server/internal/signal/hub.go:65: [Signal] client connected: en
2026/05/28 00:19:31.043957 /Users/noelorin/GOSpeak/packages/server/internal/signal/hub.go:65: [Signal] client connected: en
2026/05/28 00:19:31.044456 /Users/noelorin/GOSpeak/packages/server/internal/signal/hub.go:85: [Signal] client disconnected: en, reason: client namespace disconnect
2026/05/28 00:19:31.629800 /Users/noelorin/GOSpeak/packages/server/internal/signal/hub.go:65: [Signal] client connected: eo
2026/05/28 00:19:31.631505 /Users/noelorin/GOSpeak/packages/server/internal/signal/hub.go:65: [Signal] client connected: eo
2026/05/28 00:19:31.632208 /Users/noelorin/GOSpeak/packages/server/internal/signal/hub.go:85: [Signal] client disconnected: eo, reason: client namespace disconnect
2026/05/28 00:19:32.612977 /Users/noelorin/GOSpeak/packages/server/internal/signal/hub.go:65: [Signal] client connected: ep
2026/05/28 00:19:32.614539 /Users/noelorin/GOSpeak/packages/server/internal/signal/hub.go:65: [Signal] client connected: ep
2026/05/28 00:19:32.615202 /Users/noelorin/GOSpeak/packages/server/internal/signal/hub.go:85: [Signal] client disconnected: ep, reason: client namespace disconnect
2026/05/28 00:19:33.582239 /Users/noelorin/GOSpeak/packages/server/internal/signal/hub.go:65: [Signal] client connected: eq
2026/05/28 00:19:33.584443 /Users/noelorin/GOSpeak/packages/server/internal/signal/hub.go:65: [Signal] client connected: eq
2026/05/28 00:19:33.585302 /Users/noelorin/GOSpeak/packages/server/internal/signal/hub.go:85: [Signal] client disconnected: eq, reason: client namespace disconnect
2026/05/28 00:19:34.569225 /Users/noelorin/GOSpeak/packages/server/internal/signal/hub.go:65: [Signal] client connected: er
2026/05/28 00:19:34.571308 /Users/noelorin/GOSpeak/packages/server/internal/signal/hub.go:65: [Signal] client connected: er
2026/05/28 00:19:34.572247 /Users/noelorin/GOSpeak/packages/server/internal/signal/hub.go:85: [Signal] client disconnected: er, reason: client namespace disconnect
2026/05/28 00:19:35.932622 /Users/noelorin/GOSpeak/packages/server/internal/signal/hub.go:65: [Signal] client connected: es
2026/05/28 00:19:35.934889 /Users/noelorin/GOSpeak/packages/server/internal/signal/hub.go:65: [Signal] client connected: es
2026/05/28 00:19:35.935466 /Users/noelorin/GOSpeak/packages/server/internal/signal/hub.go:85: [Signal] client disconnected: es, reason: client namespace disconnect
2026/05/28 00:19:36.819343 /Users/noelorin/GOSpeak/packages/server/internal/signal/hub.go:65: [Signal] client connected: et
2026/05/28 00:19:36.821745 /Users/noelorin/GOSpeak/packages/server/internal/signal/hub.go:65: [Signal] client connected: et
2026/05/28 00:19:36.822829 /Users/noelorin/GOSpeak/packages/server/internal/signal/hub.go:85: [Signal] client disconnected: et, reason: client namespace disconnect
2026/05/28 00:19:37.704025 /Users/noelorin/GOSpeak/packages/server/internal/signal/hub.go:65: [Signal] client connected: eu
2026/05/28 00:19:37.706147 /Users/noelorin/GOSpeak/packages/server/internal/signal/hub.go:65: [Signal] client connected: eu
2026/05/28 00:19:37.706753 /Users/noelorin/GOSpeak/packages/server/internal/signal/hub.go:85: [Signal] client disconnected: eu, reason: client namespace disconnect
2026/05/28 00:19:39.085215 /Users/noelorin/GOSpeak/packages/server/internal/signal/hub.go:65: [Signal] client connected: ev
2026/05/28 00:19:39.087493 /Users/noelorin/GOSpeak/packages/server/internal/signal/hub.go:65: [Signal] client connected: ev
2026/05/28 00:19:39.088524 /Users/noelorin/GOSpeak/packages/server/internal/signal/hub.go:85: [Signal] client disconnected: ev, reason: client namespace disconnect
2026/05/28 00:19:39.764559 /Users/noelorin/GOSpeak/packages/server/internal/signal/hub.go:65: [Signal] client connected: ew
2026/05/28 00:19:39.766644 /Users/noelorin/GOSpeak/packages/server/internal/signal/hub.go:65: [Signal] client connected: ew
2026/05/28 00:19:39.767316 /Users/noelorin/GOSpeak/packages/server/internal/signal/hub.go:85: [Signal] client disconnected: ew, reason: client namespace disconnect
2026/05/28 00:19:40.961655 /Users/noelorin/GOSpeak/packages/server/internal/signal/hub.go:65: [Signal] client connected: ex
2026/05/28 00:19:40.963552 /Users/noelorin/GOSpeak/packages/server/internal/signal/hub.go:65: [Signal] client connected: ex
2026/05/28 00:19:40.964184 /Users/noelorin/GOSpeak/packages/server/internal/signal/hub.go:85: [Signal] client disconnected: ex, reason: client namespace disconnect
2026/05/28 00:19:42.141301 /Users/noelorin/GOSpeak/packages/server/internal/signal/hub.go:65: [Signal] client connected: ey
2026/05/28 00:19:42.144485 /Users/noelorin/GOSpeak/packages/server/internal/signal/hub.go:65: [Signal] client connected: ey
2026/05/28 00:19:42.144957 /Users/noelorin/GOSpeak/packages/server/internal/signal/hub.go:85: [Signal] client disconnected: ey, reason: client namespace disconnect
2026/05/28 00:19:43.201593 /Users/noelorin/GOSpeak/packages/server/internal/signal/hub.go:65: [Signal] client connected: ez
2026/05/28 00:19:43.202963 /Users/noelorin/GOSpeak/packages/server/internal/signal/hub.go:65: [Signal] client connected: ez
2026/05/28 00:19:43.203532 /Users/noelorin/GOSpeak/packages/server/internal/signal/hub.go:85: [Signal] client disconnected: ez, reason: client namespace disconnect
2026/05/28 00:19:44.171832 /Users/noelorin/GOSpeak/packages/server/internal/signal/hub.go:65: [Signal] client connected: f0
2026/05/28 00:19:44.174110 /Users/noelorin/GOSpeak/packages/server/internal/signal/hub.go:65: [Signal] client connected: f0
2026/05/28 00:19:44.176738 /Users/noelorin/GOSpeak/packages/server/internal/signal/hub.go:85: [Signal] client disconnected: f0, reason: client namespace disconnect
2026/05/28 00:19:45.346805 /Users/noelorin/GOSpeak/packages/server/internal/signal/hub.go:65: [Signal] client connected: f1
2026/05/28 00:19:45.348312 /Users/noelorin/GOSpeak/packages/server/internal/signal/hub.go:65: [Signal] client connected: f1
2026/05/28 00:19:45.349038 /Users/noelorin/GOSpeak/packages/server/internal/signal/hub.go:85: [Signal] client disconnected: f1, reason: client namespace disconnect
2026/05/28 00:19:46.416703 /Users/noelorin/GOSpeak/packages/server/internal/signal/hub.go:65: [Signal] client connected: f2
2026/05/28 00:19:46.418567 /Users/noelorin/GOSpeak/packages/server/internal/signal/hub.go:65: [Signal] client connected: f2
2026/05/28 00:19:46.419374 /Users/noelorin/GOSpeak/packages/server/internal/signal/hub.go:85: [Signal] client disconnected: f2, reason: client namespace disconnect
2026/05/28 00:19:47.719809 /Users/noelorin/GOSpeak/packages/server/internal/signal/hub.go:65: [Signal] client connected: f3
2026/05/28 00:19:47.721640 /Users/noelorin/GOSpeak/packages/server/internal/signal/hub.go:65: [Signal] client connected: f3
2026/05/28 00:19:47.722161 /Users/noelorin/GOSpeak/packages/server/internal/signal/hub.go:85: [Signal] client disconnected: f3, reason: client namespace disconnect
2026/05/28 00:19:48.683792 /Users/noelorin/GOSpeak/packages/server/internal/signal/hub.go:65: [Signal] client connected: f4
2026/05/28 00:19:48.685824 /Users/noelorin/GOSpeak/packages/server/internal/signal/hub.go:65: [Signal] client connected: f4
2026/05/28 00:19:48.686764 /Users/noelorin/GOSpeak/packages/server/internal/signal/hub.go:85: [Signal] client disconnected: f4, reason: client namespace disconnect
2026/05/28 00:19:49.686111 /Users/noelorin/GOSpeak/packages/server/internal/signal/hub.go:65: [Signal] client connected: f5
2026/05/28 00:19:49.688393 /Users/noelorin/GOSpeak/packages/server/internal/signal/hub.go:65: [Signal] client connected: f5
2026/05/28 00:19:49.689617 /Users/noelorin/GOSpeak/packages/server/internal/signal/hub.go:85: [Signal] client disconnected: f5, reason: client namespace disconnect
2026/05/28 00:19:50.489583 /Users/noelorin/GOSpeak/packages/server/internal/signal/hub.go:65: [Signal] client connected: f6
2026/05/28 00:19:50.492921 /Users/noelorin/GOSpeak/packages/server/internal/signal/hub.go:65: [Signal] client connected: f6
2026/05/28 00:19:50.493886 /Users/noelorin/GOSpeak/packages/server/internal/signal/hub.go:85: [Signal] client disconnected: f6, reason: client namespace disconnect
2026/05/28 00:19:51.586342 /Users/noelorin/GOSpeak/packages/server/internal/signal/hub.go:65: [Signal] client connected: f7
2026/05/28 00:19:51.589211 /Users/noelorin/GOSpeak/packages/server/internal/signal/hub.go:65: [Signal] client connected: f7
2026/05/28 00:19:51.589908 /Users/noelorin/GOSpeak/packages/server/internal/signal/hub.go:85: [Signal] client disconnected: f7, reason: client namespace disconnect
2026/05/28 00:19:52.664545 /Users/noelorin/GOSpeak/packages/server/internal/signal/hub.go:65: [Signal] client connected: f8
2026/05/28 00:19:52.666797 /Users/noelorin/GOSpeak/packages/server/internal/signal/hub.go:65: [Signal] client connected: f8
2026/05/28 00:19:52.667555 /Users/noelorin/GOSpeak/packages/server/internal/signal/hub.go:85: [Signal] client disconnected: f8, reason: client namespace disconnect
2026/05/28 00:19:53.624941 /Users/noelorin/GOSpeak/packages/server/internal/signal/hub.go:65: [Signal] client connected: f9
2026/05/28 00:19:53.627414 /Users/noelorin/GOSpeak/packages/server/internal/signal/hub.go:65: [Signal] client connected: f9
2026/05/28 00:19:53.628033 /Users/noelorin/GOSpeak/packages/server/internal/signal/hub.go:85: [Signal] client disconnected: f9, reason: client namespace disconnect
2026/05/28 00:19:54.820669 /Users/noelorin/GOSpeak/packages/server/internal/signal/hub.go:65: [Signal] client connected: fa
2026/05/28 00:19:54.822566 /Users/noelorin/GOSpeak/packages/server/internal/signal/hub.go:65: [Signal] client connected: fa
2026/05/28 00:19:54.823045 /Users/noelorin/GOSpeak/packages/server/internal/signal/hub.go:85: [Signal] client disconnected: fa, reason: client namespace disconnect
2026/05/28 00:19:55.895743 /Users/noelorin/GOSpeak/packages/server/internal/signal/hub.go:65: [Signal] client connected: fb
2026/05/28 00:19:55.897507 /Users/noelorin/GOSpeak/packages/server/internal/signal/hub.go:65: [Signal] client connected: fb
2026/05/28 00:19:55.898342 /Users/noelorin/GOSpeak/packages/server/internal/signal/hub.go:85: [Signal] client disconnected: fb, reason: client namespace disconnect
2026/05/28 00:19:56.465539 /Users/noelorin/GOSpeak/packages/server/internal/signal/hub.go:65: [Signal] client connected: fc
2026/05/28 00:19:56.467220 /Users/noelorin/GOSpeak/packages/server/internal/signal/hub.go:65: [Signal] client connected: fc
2026/05/28 00:19:56.468397 /Users/noelorin/GOSpeak/packages/server/internal/signal/hub.go:85: [Signal] client disconnected: fc, reason: client namespace disconnect
2026/05/28 00:19:57.549452 /Users/noelorin/GOSpeak/packages/server/internal/signal/hub.go:65: [Signal] client connected: fd
2026/05/28 00:19:57.551519 /Users/noelorin/GOSpeak/packages/server/internal/signal/hub.go:65: [Signal] client connected: fd
2026/05/28 00:19:57.552389 /Users/noelorin/GOSpeak/packages/server/internal/signal/hub.go:85: [Signal] client disconnected: fd, reason: client namespace disconnect
2026/05/28 00:19:58.630815 /Users/noelorin/GOSpeak/packages/server/internal/signal/hub.go:65: [Signal] client connected: fe
2026/05/28 00:19:58.632400 /Users/noelorin/GOSpeak/packages/server/internal/signal/hub.go:65: [Signal] client connected: fe
2026/05/28 00:19:58.633188 /Users/noelorin/GOSpeak/packages/server/internal/signal/hub.go:85: [Signal] client disconnected: fe, reason: client namespace disconnect
2026/05/28 00:20:00.094018 /Users/noelorin/GOSpeak/packages/server/internal/signal/hub.go:65: [Signal] client connected: ff
2026/05/28 00:20:00.096159 /Users/noelorin/GOSpeak/packages/server/internal/signal/hub.go:65: [Signal] client connected: ff
2026/05/28 00:20:00.097067 /Users/noelorin/GOSpeak/packages/server/internal/signal/hub.go:85: [Signal] client disconnected: ff, reason: client namespace disconnect
2026/05/28 00:20:01.059978 /Users/noelorin/GOSpeak/packages/server/internal/signal/hub.go:65: [Signal] client connected: fg
2026/05/28 00:20:01.061971 /Users/noelorin/GOSpeak/packages/server/internal/signal/hub.go:65: [Signal] client connected: fg
2026/05/28 00:20:01.062572 /Users/noelorin/GOSpeak/packages/server/internal/signal/hub.go:85: [Signal] client disconnected: fg, reason: client namespace disconnect
2026/05/28 00:20:01.764109 /Users/noelorin/GOSpeak/packages/server/internal/signal/hub.go:65: [Signal] client connected: fh
2026/05/28 00:20:01.765780 /Users/noelorin/GOSpeak/packages/server/internal/signal/hub.go:65: [Signal] client connected: fh
2026/05/28 00:20:01.766609 /Users/noelorin/GOSpeak/packages/server/internal/signal/hub.go:85: [Signal] client disconnected: fh, reason: client namespace disconnect
2026/05/28 00:20:02.842664 /Users/noelorin/GOSpeak/packages/server/internal/signal/hub.go:65: [Signal] client connected: fi
2026/05/28 00:20:02.844427 /Users/noelorin/GOSpeak/packages/server/internal/signal/hub.go:65: [Signal] client connected: fi
2026/05/28 00:20:02.844923 /Users/noelorin/GOSpeak/packages/server/internal/signal/hub.go:85: [Signal] client disconnected: fi, reason: client namespace disconnect
2026/05/28 00:20:04.345527 /Users/noelorin/GOSpeak/packages/server/internal/signal/hub.go:65: [Signal] client connected: fj
2026/05/28 00:20:04.347432 /Users/noelorin/GOSpeak/packages/server/internal/signal/hub.go:65: [Signal] client connected: fj
2026/05/28 00:20:04.348569 /Users/noelorin/GOSpeak/packages/server/internal/signal/hub.go:85: [Signal] client disconnected: fj, reason: client namespace disconnect
2026/05/28 00:20:05.105490 /Users/noelorin/GOSpeak/packages/server/internal/signal/hub.go:65: [Signal] client connected: fk
2026/05/28 00:20:05.107829 /Users/noelorin/GOSpeak/packages/server/internal/signal/hub.go:65: [Signal] client connected: fk
2026/05/28 00:20:05.109377 /Users/noelorin/GOSpeak/packages/server/internal/signal/hub.go:85: [Signal] client disconnected: fk, reason: client namespace disconnect
2026/05/28 00:20:06.109212 /Users/noelorin/GOSpeak/packages/server/internal/signal/hub.go:65: [Signal] client connected: fl
2026/05/28 00:20:06.112169 /Users/noelorin/GOSpeak/packages/server/internal/signal/hub.go:65: [Signal] client connected: fl
2026/05/28 00:20:06.112842 /Users/noelorin/GOSpeak/packages/server/internal/signal/hub.go:85: [Signal] client disconnected: fl, reason: client namespace disconnect
2026/05/28 00:20:07.593839 /Users/noelorin/GOSpeak/packages/server/internal/signal/hub.go:65: [Signal] client connected: fm
2026/05/28 00:20:07.596276 /Users/noelorin/GOSpeak/packages/server/internal/signal/hub.go:65: [Signal] client connected: fm
2026/05/28 00:20:07.597072 /Users/noelorin/GOSpeak/packages/server/internal/signal/hub.go:85: [Signal] client disconnected: fm, reason: client namespace disconnect
2026/05/28 00:20:08.178132 /Users/noelorin/GOSpeak/packages/server/internal/signal/hub.go:65: [Signal] client connected: fn
2026/05/28 00:20:08.179967 /Users/noelorin/GOSpeak/packages/server/internal/signal/hub.go:65: [Signal] client connected: fn
2026/05/28 00:20:08.180597 /Users/noelorin/GOSpeak/packages/server/internal/signal/hub.go:85: [Signal] client disconnected: fn, reason: client namespace disconnect
2026/05/28 00:20:09.371667 /Users/noelorin/GOSpeak/packages/server/internal/signal/hub.go:65: [Signal] client connected: fo
2026/05/28 00:20:09.373552 /Users/noelorin/GOSpeak/packages/server/internal/signal/hub.go:65: [Signal] client connected: fo
2026/05/28 00:20:09.375901 /Users/noelorin/GOSpeak/packages/server/internal/signal/hub.go:85: [Signal] client disconnected: fo, reason: client namespace disconnect
2026/05/28 00:20:10.545371 /Users/noelorin/GOSpeak/packages/server/internal/signal/hub.go:65: [Signal] client connected: fp
2026/05/28 00:20:10.546838 /Users/noelorin/GOSpeak/packages/server/internal/signal/hub.go:65: [Signal] client connected: fp
2026/05/28 00:20:10.547306 /Users/noelorin/GOSpeak/packages/server/internal/signal/hub.go:85: [Signal] client disconnected: fp, reason: client namespace disconnect
2026/05/28 00:20:11.835361 /Users/noelorin/GOSpeak/packages/server/internal/signal/hub.go:65: [Signal] client connected: fq
2026/05/28 00:20:11.837374 /Users/noelorin/GOSpeak/packages/server/internal/signal/hub.go:65: [Signal] client connected: fq
2026/05/28 00:20:11.838095 /Users/noelorin/GOSpeak/packages/server/internal/signal/hub.go:85: [Signal] client disconnected: fq, reason: client namespace disconnect
2026/05/28 00:20:12.896891 /Users/noelorin/GOSpeak/packages/server/internal/signal/hub.go:65: [Signal] client connected: fr
2026/05/28 00:20:12.898606 /Users/noelorin/GOSpeak/packages/server/internal/signal/hub.go:65: [Signal] client connected: fr
2026/05/28 00:20:12.899471 /Users/noelorin/GOSpeak/packages/server/internal/signal/hub.go:85: [Signal] client disconnected: fr, reason: client namespace disconnect
2026/05/28 00:20:14.261117 /Users/noelorin/GOSpeak/packages/server/internal/signal/hub.go:65: [Signal] client connected: fs
2026/05/28 00:20:14.262848 /Users/noelorin/GOSpeak/packages/server/internal/signal/hub.go:65: [Signal] client connected: fs
2026/05/28 00:20:14.263831 /Users/noelorin/GOSpeak/packages/server/internal/signal/hub.go:85: [Signal] client disconnected: fs, reason: client namespace disconnect
2026/05/28 00:20:15.529442 /Users/noelorin/GOSpeak/packages/server/internal/signal/hub.go:65: [Signal] client connected: ft
2026/05/28 00:20:15.531464 /Users/noelorin/GOSpeak/packages/server/internal/signal/hub.go:65: [Signal] client connected: ft
2026/05/28 00:20:15.532291 /Users/noelorin/GOSpeak/packages/server/internal/signal/hub.go:85: [Signal] client disconnected: ft, reason: client namespace disconnect
2026/05/28 00:20:16.333754 /Users/noelorin/GOSpeak/packages/server/internal/signal/hub.go:65: [Signal] client connected: fu
2026/05/28 00:20:16.335522 /Users/noelorin/GOSpeak/packages/server/internal/signal/hub.go:65: [Signal] client connected: fu
2026/05/28 00:20:16.336055 /Users/noelorin/GOSpeak/packages/server/internal/signal/hub.go:85: [Signal] client disconnected: fu, reason: client namespace disconnect
2026/05/28 00:20:17.620848 /Users/noelorin/GOSpeak/packages/server/internal/signal/hub.go:65: [Signal] client connected: fv
2026/05/28 00:20:17.622843 /Users/noelorin/GOSpeak/packages/server/internal/signal/hub.go:65: [Signal] client connected: fv
2026/05/28 00:20:17.623667 /Users/noelorin/GOSpeak/packages/server/internal/signal/hub.go:85: [Signal] client disconnected: fv, reason: client namespace disconnect
2026/05/28 00:20:18.212365 /Users/noelorin/GOSpeak/packages/server/internal/signal/hub.go:65: [Signal] client connected: fw
2026/05/28 00:20:18.214123 /Users/noelorin/GOSpeak/packages/server/internal/signal/hub.go:65: [Signal] client connected: fw
2026/05/28 00:20:18.214835 /Users/noelorin/GOSpeak/packages/server/internal/signal/hub.go:85: [Signal] client disconnected: fw, reason: client namespace disconnect
2026/05/28 00:20:19.377657 /Users/noelorin/GOSpeak/packages/server/internal/signal/hub.go:65: [Signal] client connected: fx
2026/05/28 00:20:19.379125 /Users/noelorin/GOSpeak/packages/server/internal/signal/hub.go:65: [Signal] client connected: fx
2026/05/28 00:20:19.379737 /Users/noelorin/GOSpeak/packages/server/internal/signal/hub.go:85: [Signal] client disconnected: fx, reason: client namespace disconnect
2026/05/28 00:20:19.977181 /Users/noelorin/GOSpeak/packages/server/internal/signal/hub.go:65: [Signal] client connected: fy
2026/05/28 00:20:19.978312 /Users/noelorin/GOSpeak/packages/server/internal/signal/hub.go:65: [Signal] client connected: fy
2026/05/28 00:20:19.978985 /Users/noelorin/GOSpeak/packages/server/internal/signal/hub.go:85: [Signal] client disconnected: fy, reason: client namespace disconnect
2026/05/28 00:20:21.045381 /Users/noelorin/GOSpeak/packages/server/internal/signal/hub.go:65: [Signal] client connected: fz
2026/05/28 00:20:21.046835 /Users/noelorin/GOSpeak/packages/server/internal/signal/hub.go:65: [Signal] client connected: fz
2026/05/28 00:20:21.047324 /Users/noelorin/GOSpeak/packages/server/internal/signal/hub.go:85: [Signal] client disconnected: fz, reason: client namespace disconnect
2026/05/28 00:20:22.323604 /Users/noelorin/GOSpeak/packages/server/internal/signal/hub.go:65: [Signal] client connected: g0
2026/05/28 00:20:22.326364 /Users/noelorin/GOSpeak/packages/server/internal/signal/hub.go:65: [Signal] client connected: g0
2026/05/28 00:20:22.326876 /Users/noelorin/GOSpeak/packages/server/internal/signal/hub.go:85: [Signal] client disconnected: g0, reason: client namespace disconnect
2026/05/28 00:20:23.031838 /Users/noelorin/GOSpeak/packages/server/internal/signal/hub.go:65: [Signal] client connected: g1
2026/05/28 00:20:23.033921 /Users/noelorin/GOSpeak/packages/server/internal/signal/hub.go:65: [Signal] client connected: g1
2026/05/28 00:20:23.034830 /Users/noelorin/GOSpeak/packages/server/internal/signal/hub.go:85: [Signal] client disconnected: g1, reason: client namespace disconnect
2026/05/28 00:20:24.237754 /Users/noelorin/GOSpeak/packages/server/internal/signal/hub.go:65: [Signal] client connected: g2
2026/05/28 00:20:24.239922 /Users/noelorin/GOSpeak/packages/server/internal/signal/hub.go:65: [Signal] client connected: g2
2026/05/28 00:20:24.241676 /Users/noelorin/GOSpeak/packages/server/internal/signal/hub.go:85: [Signal] client disconnected: g2, reason: client namespace disconnect
2026/05/28 00:20:25.500675 /Users/noelorin/GOSpeak/packages/server/internal/signal/hub.go:65: [Signal] client connected: g3
2026/05/28 00:20:25.502957 /Users/noelorin/GOSpeak/packages/server/internal/signal/hub.go:65: [Signal] client connected: g3
2026/05/28 00:20:25.503911 /Users/noelorin/GOSpeak/packages/server/internal/signal/hub.go:85: [Signal] client disconnected: g3, reason: client namespace disconnect
2026/05/28 00:20:26.892683 /Users/noelorin/GOSpeak/packages/server/internal/signal/hub.go:65: [Signal] client connected: g4
2026/05/28 00:20:26.894705 /Users/noelorin/GOSpeak/packages/server/internal/signal/hub.go:65: [Signal] client connected: g4
2026/05/28 00:20:26.895650 /Users/noelorin/GOSpeak/packages/server/internal/signal/hub.go:85: [Signal] client disconnected: g4, reason: client namespace disconnect
2026/05/28 00:20:28.185457 /Users/noelorin/GOSpeak/packages/server/internal/signal/hub.go:65: [Signal] client connected: g5
2026/05/28 00:20:28.187413 /Users/noelorin/GOSpeak/packages/server/internal/signal/hub.go:65: [Signal] client connected: g5
2026/05/28 00:20:28.188454 /Users/noelorin/GOSpeak/packages/server/internal/signal/hub.go:85: [Signal] client disconnected: g5, reason: client namespace disconnect
2026/05/28 00:20:29.085404 /Users/noelorin/GOSpeak/packages/server/internal/signal/hub.go:65: [Signal] client connected: g6
2026/05/28 00:20:29.087235 /Users/noelorin/GOSpeak/packages/server/internal/signal/hub.go:65: [Signal] client connected: g6
2026/05/28 00:20:29.087773 /Users/noelorin/GOSpeak/packages/server/internal/signal/hub.go:85: [Signal] client disconnected: g6, reason: client namespace disconnect
2026/05/28 00:20:29.993855 /Users/noelorin/GOSpeak/packages/server/internal/signal/hub.go:65: [Signal] client connected: g7
2026/05/28 00:20:29.995822 /Users/noelorin/GOSpeak/packages/server/internal/signal/hub.go:65: [Signal] client connected: g7
2026/05/28 00:20:29.996534 /Users/noelorin/GOSpeak/packages/server/internal/signal/hub.go:85: [Signal] client disconnected: g7, reason: client namespace disconnect
2026/05/28 00:20:30.767659 /Users/noelorin/GOSpeak/packages/server/internal/signal/hub.go:65: [Signal] client connected: g8
2026/05/28 00:20:30.769498 /Users/noelorin/GOSpeak/packages/server/internal/signal/hub.go:65: [Signal] client connected: g8
2026/05/28 00:20:30.770541 /Users/noelorin/GOSpeak/packages/server/internal/signal/hub.go:85: [Signal] client disconnected: g8, reason: client namespace disconnect
2026/05/28 00:20:31.452804 /Users/noelorin/GOSpeak/packages/server/internal/signal/hub.go:65: [Signal] client connected: g9
2026/05/28 00:20:31.454555 /Users/noelorin/GOSpeak/packages/server/internal/signal/hub.go:65: [Signal] client connected: g9
2026/05/28 00:20:31.455096 /Users/noelorin/GOSpeak/packages/server/internal/signal/hub.go:85: [Signal] client disconnected: g9, reason: client namespace disconnect
2026/05/28 00:20:32.943045 /Users/noelorin/GOSpeak/packages/server/internal/signal/hub.go:65: [Signal] client connected: ga
2026/05/28 00:20:32.944880 /Users/noelorin/GOSpeak/packages/server/internal/signal/hub.go:65: [Signal] client connected: ga
2026/05/28 00:20:32.945653 /Users/noelorin/GOSpeak/packages/server/internal/signal/hub.go:85: [Signal] client disconnected: ga, reason: client namespace disconnect
2026/05/28 00:20:34.238077 /Users/noelorin/GOSpeak/packages/server/internal/signal/hub.go:65: [Signal] client connected: gb
2026/05/28 00:20:34.241112 /Users/noelorin/GOSpeak/packages/server/internal/signal/hub.go:65: [Signal] client connected: gb
2026/05/28 00:20:34.242279 /Users/noelorin/GOSpeak/packages/server/internal/signal/hub.go:85: [Signal] client disconnected: gb, reason: client namespace disconnect
2026/05/28 00:20:35.527829 /Users/noelorin/GOSpeak/packages/server/internal/signal/hub.go:65: [Signal] client connected: gc
2026/05/28 00:20:35.530417 /Users/noelorin/GOSpeak/packages/server/internal/signal/hub.go:65: [Signal] client connected: gc
2026/05/28 00:20:35.531485 /Users/noelorin/GOSpeak/packages/server/internal/signal/hub.go:85: [Signal] client disconnected: gc, reason: client namespace disconnect
2026/05/28 00:20:36.393454 /Users/noelorin/GOSpeak/packages/server/internal/signal/hub.go:65: [Signal] client connected: gd
2026/05/28 00:20:36.395138 /Users/noelorin/GOSpeak/packages/server/internal/signal/hub.go:65: [Signal] client connected: gd
2026/05/28 00:20:36.395742 /Users/noelorin/GOSpeak/packages/server/internal/signal/hub.go:85: [Signal] client disconnected: gd, reason: client namespace disconnect
2026/05/28 00:20:37.296599 /Users/noelorin/GOSpeak/packages/server/internal/signal/hub.go:65: [Signal] client connected: ge
2026/05/28 00:20:37.298492 /Users/noelorin/GOSpeak/packages/server/internal/signal/hub.go:65: [Signal] client connected: ge
2026/05/28 00:20:37.299264 /Users/noelorin/GOSpeak/packages/server/internal/signal/hub.go:85: [Signal] client disconnected: ge, reason: client namespace disconnect
2026/05/28 00:20:38.479433 /Users/noelorin/GOSpeak/packages/server/internal/signal/hub.go:65: [Signal] client connected: gf
2026/05/28 00:20:38.481097 /Users/noelorin/GOSpeak/packages/server/internal/signal/hub.go:65: [Signal] client connected: gf
2026/05/28 00:20:38.481527 /Users/noelorin/GOSpeak/packages/server/internal/signal/hub.go:85: [Signal] client disconnected: gf, reason: client namespace disconnect
2026/05/28 00:20:39.845676 /Users/noelorin/GOSpeak/packages/server/internal/signal/hub.go:65: [Signal] client connected: gg
2026/05/28 00:20:39.848153 /Users/noelorin/GOSpeak/packages/server/internal/signal/hub.go:65: [Signal] client connected: gg
2026/05/28 00:20:39.849629 /Users/noelorin/GOSpeak/packages/server/internal/signal/hub.go:85: [Signal] client disconnected: gg, reason: client namespace disconnect
2026/05/28 00:20:41.051908 /Users/noelorin/GOSpeak/packages/server/internal/signal/hub.go:65: [Signal] client connected: gh
2026/05/28 00:20:41.053485 /Users/noelorin/GOSpeak/packages/server/internal/signal/hub.go:65: [Signal] client connected: gh
2026/05/28 00:20:41.054383 /Users/noelorin/GOSpeak/packages/server/internal/signal/hub.go:85: [Signal] client disconnected: gh, reason: client namespace disconnect
2026/05/28 00:20:41.745406 /Users/noelorin/GOSpeak/packages/server/internal/signal/hub.go:65: [Signal] client connected: gi
2026/05/28 00:20:41.746524 /Users/noelorin/GOSpeak/packages/server/internal/signal/hub.go:65: [Signal] client connected: gi
2026/05/28 00:20:41.746984 /Users/noelorin/GOSpeak/packages/server/internal/signal/hub.go:85: [Signal] client disconnected: gi, reason: client namespace disconnect
2026/05/28 00:20:42.839709 /Users/noelorin/GOSpeak/packages/server/internal/signal/hub.go:65: [Signal] client connected: gj
2026/05/28 00:20:42.842605 /Users/noelorin/GOSpeak/packages/server/internal/signal/hub.go:65: [Signal] client connected: gj
2026/05/28 00:20:42.843119 /Users/noelorin/GOSpeak/packages/server/internal/signal/hub.go:85: [Signal] client disconnected: gj, reason: client namespace disconnect
2026/05/28 00:20:43.813144 /Users/noelorin/GOSpeak/packages/server/internal/signal/hub.go:65: [Signal] client connected: gk
2026/05/28 00:20:43.814814 /Users/noelorin/GOSpeak/packages/server/internal/signal/hub.go:65: [Signal] client connected: gk
2026/05/28 00:20:43.815769 /Users/noelorin/GOSpeak/packages/server/internal/signal/hub.go:85: [Signal] client disconnected: gk, reason: client namespace disconnect
2026/05/28 00:20:44.797483 /Users/noelorin/GOSpeak/packages/server/internal/signal/hub.go:65: [Signal] client connected: gl
2026/05/28 00:20:44.799669 /Users/noelorin/GOSpeak/packages/server/internal/signal/hub.go:65: [Signal] client connected: gl
2026/05/28 00:20:44.800348 /Users/noelorin/GOSpeak/packages/server/internal/signal/hub.go:85: [Signal] client disconnected: gl, reason: client namespace disconnect
2026/05/28 00:20:46.195353 /Users/noelorin/GOSpeak/packages/server/internal/signal/hub.go:65: [Signal] client connected: gm
2026/05/28 00:20:46.196800 /Users/noelorin/GOSpeak/packages/server/internal/signal/hub.go:65: [Signal] client connected: gm
2026/05/28 00:20:46.197175 /Users/noelorin/GOSpeak/packages/server/internal/signal/hub.go:85: [Signal] client disconnected: gm, reason: client namespace disconnect
2026/05/28 00:20:47.272459 /Users/noelorin/GOSpeak/packages/server/internal/signal/hub.go:65: [Signal] client connected: gn
2026/05/28 00:20:47.274311 /Users/noelorin/GOSpeak/packages/server/internal/signal/hub.go:65: [Signal] client connected: gn
2026/05/28 00:20:47.276328 /Users/noelorin/GOSpeak/packages/server/internal/signal/hub.go:85: [Signal] client disconnected: gn, reason: client namespace disconnect
2026/05/28 00:20:48.655583 /Users/noelorin/GOSpeak/packages/server/internal/signal/hub.go:65: [Signal] client connected: go
2026/05/28 00:20:48.658307 /Users/noelorin/GOSpeak/packages/server/internal/signal/hub.go:65: [Signal] client connected: go
2026/05/28 00:20:48.659850 /Users/noelorin/GOSpeak/packages/server/internal/signal/hub.go:85: [Signal] client disconnected: go, reason: client namespace disconnect
2026/05/28 00:20:49.427184 /Users/noelorin/GOSpeak/packages/server/internal/signal/hub.go:65: [Signal] client connected: gp
2026/05/28 00:20:49.429272 /Users/noelorin/GOSpeak/packages/server/internal/signal/hub.go:65: [Signal] client connected: gp
2026/05/28 00:20:49.429981 /Users/noelorin/GOSpeak/packages/server/internal/signal/hub.go:85: [Signal] client disconnected: gp, reason: client namespace disconnect
2026/05/28 00:20:50.029906 /Users/noelorin/GOSpeak/packages/server/internal/signal/hub.go:65: [Signal] client connected: gq
2026/05/28 00:20:50.031629 /Users/noelorin/GOSpeak/packages/server/internal/signal/hub.go:65: [Signal] client connected: gq
2026/05/28 00:20:50.032647 /Users/noelorin/GOSpeak/packages/server/internal/signal/hub.go:85: [Signal] client disconnected: gq, reason: client namespace disconnect
2026/05/28 00:20:50.929677 /Users/noelorin/GOSpeak/packages/server/internal/signal/hub.go:65: [Signal] client connected: gr
2026/05/28 00:20:50.931953 /Users/noelorin/GOSpeak/packages/server/internal/signal/hub.go:65: [Signal] client connected: gr
2026/05/28 00:20:50.932773 /Users/noelorin/GOSpeak/packages/server/internal/signal/hub.go:85: [Signal] client disconnected: gr, reason: client namespace disconnect
2026/05/28 00:20:52.317236 /Users/noelorin/GOSpeak/packages/server/internal/signal/hub.go:65: [Signal] client connected: gs
2026/05/28 00:20:52.319529 /Users/noelorin/GOSpeak/packages/server/internal/signal/hub.go:65: [Signal] client connected: gs
2026/05/28 00:20:52.320585 /Users/noelorin/GOSpeak/packages/server/internal/signal/hub.go:85: [Signal] client disconnected: gs, reason: client namespace disconnect
2026/05/28 00:20:53.580511 /Users/noelorin/GOSpeak/packages/server/internal/signal/hub.go:65: [Signal] client connected: gt
2026/05/28 00:20:53.582181 /Users/noelorin/GOSpeak/packages/server/internal/signal/hub.go:65: [Signal] client connected: gt
2026/05/28 00:20:53.582705 /Users/noelorin/GOSpeak/packages/server/internal/signal/hub.go:85: [Signal] client disconnected: gt, reason: client namespace disconnect
2026/05/28 00:20:54.479458 /Users/noelorin/GOSpeak/packages/server/internal/signal/hub.go:65: [Signal] client connected: gu
2026/05/28 00:20:54.481096 /Users/noelorin/GOSpeak/packages/server/internal/signal/hub.go:65: [Signal] client connected: gu
2026/05/28 00:20:54.481682 /Users/noelorin/GOSpeak/packages/server/internal/signal/hub.go:85: [Signal] client disconnected: gu, reason: client namespace disconnect
2026/05/28 00:20:55.881734 /Users/noelorin/GOSpeak/packages/server/internal/signal/hub.go:65: [Signal] client connected: gv
2026/05/28 00:20:55.883448 /Users/noelorin/GOSpeak/packages/server/internal/signal/hub.go:65: [Signal] client connected: gv
2026/05/28 00:20:55.884550 /Users/noelorin/GOSpeak/packages/server/internal/signal/hub.go:85: [Signal] client disconnected: gv, reason: client namespace disconnect
2026/05/28 00:20:57.286914 /Users/noelorin/GOSpeak/packages/server/internal/signal/hub.go:65: [Signal] client connected: gw
2026/05/28 00:20:57.289407 /Users/noelorin/GOSpeak/packages/server/internal/signal/hub.go:65: [Signal] client connected: gw
2026/05/28 00:20:57.290454 /Users/noelorin/GOSpeak/packages/server/internal/signal/hub.go:85: [Signal] client disconnected: gw, reason: client namespace disconnect
2026/05/28 00:20:57.886636 /Users/noelorin/GOSpeak/packages/server/internal/signal/hub.go:65: [Signal] client connected: gx
2026/05/28 00:20:57.889000 /Users/noelorin/GOSpeak/packages/server/internal/signal/hub.go:65: [Signal] client connected: gx
2026/05/28 00:20:57.889926 /Users/noelorin/GOSpeak/packages/server/internal/signal/hub.go:85: [Signal] client disconnected: gx, reason: client namespace disconnect
2026/05/28 00:20:58.659658 /Users/noelorin/GOSpeak/packages/server/internal/signal/hub.go:65: [Signal] client connected: gy
2026/05/28 00:20:58.661223 /Users/noelorin/GOSpeak/packages/server/internal/signal/hub.go:65: [Signal] client connected: gy
2026/05/28 00:20:58.661745 /Users/noelorin/GOSpeak/packages/server/internal/signal/hub.go:85: [Signal] client disconnected: gy, reason: client namespace disconnect
2026/05/28 00:20:59.740893 /Users/noelorin/GOSpeak/packages/server/internal/signal/hub.go:65: [Signal] client connected: gz
2026/05/28 00:20:59.743225 /Users/noelorin/GOSpeak/packages/server/internal/signal/hub.go:65: [Signal] client connected: gz
2026/05/28 00:20:59.743750 /Users/noelorin/GOSpeak/packages/server/internal/signal/hub.go:85: [Signal] client disconnected: gz, reason: client namespace disconnect
2026/05/28 00:21:01.028273 /Users/noelorin/GOSpeak/packages/server/internal/signal/hub.go:65: [Signal] client connected: h0
2026/05/28 00:21:01.030062 /Users/noelorin/GOSpeak/packages/server/internal/signal/hub.go:65: [Signal] client connected: h0
2026/05/28 00:21:01.030596 /Users/noelorin/GOSpeak/packages/server/internal/signal/hub.go:85: [Signal] client disconnected: h0, reason: client namespace disconnect
2026/05/28 00:21:01.905994 /Users/noelorin/GOSpeak/packages/server/internal/signal/hub.go:65: [Signal] client connected: h1
2026/05/28 00:21:01.909825 /Users/noelorin/GOSpeak/packages/server/internal/signal/hub.go:65: [Signal] client connected: h1
2026/05/28 00:21:01.910469 /Users/noelorin/GOSpeak/packages/server/internal/signal/hub.go:85: [Signal] client disconnected: h1, reason: client namespace disconnect
2026/05/28 00:21:02.505166 /Users/noelorin/GOSpeak/packages/server/internal/signal/hub.go:65: [Signal] client connected: h2
2026/05/28 00:21:02.509335 /Users/noelorin/GOSpeak/packages/server/internal/signal/hub.go:65: [Signal] client connected: h2
2026/05/28 00:21:02.510232 /Users/noelorin/GOSpeak/packages/server/internal/signal/hub.go:85: [Signal] client disconnected: h2, reason: client namespace disconnect
2026/05/28 00:21:03.477712 /Users/noelorin/GOSpeak/packages/server/internal/signal/hub.go:65: [Signal] client connected: h3
2026/05/28 00:21:03.478940 /Users/noelorin/GOSpeak/packages/server/internal/signal/hub.go:65: [Signal] client connected: h3
2026/05/28 00:21:03.479481 /Users/noelorin/GOSpeak/packages/server/internal/signal/hub.go:85: [Signal] client disconnected: h3, reason: client namespace disconnect
2026/05/28 00:21:04.059519 /Users/noelorin/GOSpeak/packages/server/internal/signal/hub.go:65: [Signal] client connected: h4
2026/05/28 00:21:04.061361 /Users/noelorin/GOSpeak/packages/server/internal/signal/hub.go:65: [Signal] client connected: h4
2026/05/28 00:21:04.062112 /Users/noelorin/GOSpeak/packages/server/internal/signal/hub.go:85: [Signal] client disconnected: h4, reason: client namespace disconnect
2026/05/28 00:21:04.827019 /Users/noelorin/GOSpeak/packages/server/internal/signal/hub.go:65: [Signal] client connected: h5
2026/05/28 00:21:04.829065 /Users/noelorin/GOSpeak/packages/server/internal/signal/hub.go:65: [Signal] client connected: h5
2026/05/28 00:21:04.830003 /Users/noelorin/GOSpeak/packages/server/internal/signal/hub.go:85: [Signal] client disconnected: h5, reason: client namespace disconnect
2026/05/28 00:21:06.216281 /Users/noelorin/GOSpeak/packages/server/internal/signal/hub.go:65: [Signal] client connected: h6
2026/05/28 00:21:06.218114 /Users/noelorin/GOSpeak/packages/server/internal/signal/hub.go:65: [Signal] client connected: h6
2026/05/28 00:21:06.219189 /Users/noelorin/GOSpeak/packages/server/internal/signal/hub.go:85: [Signal] client disconnected: h6, reason: client namespace disconnect
2026/05/28 00:21:07.378410 /Users/noelorin/GOSpeak/packages/server/internal/signal/hub.go:65: [Signal] client connected: h7
2026/05/28 00:21:07.379873 /Users/noelorin/GOSpeak/packages/server/internal/signal/hub.go:65: [Signal] client connected: h7
2026/05/28 00:21:07.380340 /Users/noelorin/GOSpeak/packages/server/internal/signal/hub.go:85: [Signal] client disconnected: h7, reason: client namespace disconnect
2026/05/28 00:21:08.664381 /Users/noelorin/GOSpeak/packages/server/internal/signal/hub.go:65: [Signal] client connected: h8
2026/05/28 00:21:08.666179 /Users/noelorin/GOSpeak/packages/server/internal/signal/hub.go:65: [Signal] client connected: h8
2026/05/28 00:21:08.667058 /Users/noelorin/GOSpeak/packages/server/internal/signal/hub.go:85: [Signal] client disconnected: h8, reason: client namespace disconnect
2026/05/28 00:21:09.645133 /Users/noelorin/GOSpeak/packages/server/internal/signal/hub.go:65: [Signal] client connected: h9
2026/05/28 00:21:09.646653 /Users/noelorin/GOSpeak/packages/server/internal/signal/hub.go:65: [Signal] client connected: h9
2026/05/28 00:21:09.647171 /Users/noelorin/GOSpeak/packages/server/internal/signal/hub.go:85: [Signal] client disconnected: h9, reason: client namespace disconnect
2026/05/28 00:21:11.122232 /Users/noelorin/GOSpeak/packages/server/internal/signal/hub.go:65: [Signal] client connected: ha
2026/05/28 00:21:11.125938 /Users/noelorin/GOSpeak/packages/server/internal/signal/hub.go:65: [Signal] client connected: ha
2026/05/28 00:21:11.127047 /Users/noelorin/GOSpeak/packages/server/internal/signal/hub.go:85: [Signal] client disconnected: ha, reason: client namespace disconnect
2026/05/28 00:21:12.296069 /Users/noelorin/GOSpeak/packages/server/internal/signal/hub.go:65: [Signal] client connected: hb
2026/05/28 00:21:12.298236 /Users/noelorin/GOSpeak/packages/server/internal/signal/hub.go:65: [Signal] client connected: hb
2026/05/28 00:21:12.299236 /Users/noelorin/GOSpeak/packages/server/internal/signal/hub.go:85: [Signal] client disconnected: hb, reason: client namespace disconnect
2026/05/28 00:21:13.795562 /Users/noelorin/GOSpeak/packages/server/internal/signal/hub.go:65: [Signal] client connected: hc
2026/05/28 00:21:13.797297 /Users/noelorin/GOSpeak/packages/server/internal/signal/hub.go:65: [Signal] client connected: hc
2026/05/28 00:21:13.797829 /Users/noelorin/GOSpeak/packages/server/internal/signal/hub.go:85: [Signal] client disconnected: hc, reason: client namespace disconnect
2026/05/28 00:21:14.484675 /Users/noelorin/GOSpeak/packages/server/internal/signal/hub.go:65: [Signal] client connected: hd
2026/05/28 00:21:14.486576 /Users/noelorin/GOSpeak/packages/server/internal/signal/hub.go:65: [Signal] client connected: hd
2026/05/28 00:21:14.487490 /Users/noelorin/GOSpeak/packages/server/internal/signal/hub.go:85: [Signal] client disconnected: hd, reason: client namespace disconnect
2026/05/28 00:21:15.194091 /Users/noelorin/GOSpeak/packages/server/internal/signal/hub.go:65: [Signal] client connected: he
2026/05/28 00:21:15.196482 /Users/noelorin/GOSpeak/packages/server/internal/signal/hub.go:65: [Signal] client connected: he
2026/05/28 00:21:15.197308 /Users/noelorin/GOSpeak/packages/server/internal/signal/hub.go:85: [Signal] client disconnected: he, reason: client namespace disconnect
2026/05/28 00:21:16.096855 /Users/noelorin/GOSpeak/packages/server/internal/signal/hub.go:65: [Signal] client connected: hf
2026/05/28 00:21:16.098222 /Users/noelorin/GOSpeak/packages/server/internal/signal/hub.go:65: [Signal] client connected: hf
2026/05/28 00:21:16.099077 /Users/noelorin/GOSpeak/packages/server/internal/signal/hub.go:85: [Signal] client disconnected: hf, reason: client namespace disconnect
2026/05/28 00:21:17.092164 /Users/noelorin/GOSpeak/packages/server/internal/signal/hub.go:65: [Signal] client connected: hg
2026/05/28 00:21:17.094816 /Users/noelorin/GOSpeak/packages/server/internal/signal/hub.go:65: [Signal] client connected: hg
2026/05/28 00:21:17.095409 /Users/noelorin/GOSpeak/packages/server/internal/signal/hub.go:85: [Signal] client disconnected: hg, reason: client namespace disconnect
2026/05/28 00:21:18.599615 /Users/noelorin/GOSpeak/packages/server/internal/signal/hub.go:65: [Signal] client connected: hh
2026/05/28 00:21:18.601658 /Users/noelorin/GOSpeak/packages/server/internal/signal/hub.go:65: [Signal] client connected: hh
2026/05/28 00:21:18.602745 /Users/noelorin/GOSpeak/packages/server/internal/signal/hub.go:85: [Signal] client disconnected: hh, reason: client namespace disconnect
2026/05/28 00:21:19.608800 /Users/noelorin/GOSpeak/packages/server/internal/signal/hub.go:65: [Signal] client connected: hi
2026/05/28 00:21:19.610934 /Users/noelorin/GOSpeak/packages/server/internal/signal/hub.go:65: [Signal] client connected: hi
2026/05/28 00:21:19.611730 /Users/noelorin/GOSpeak/packages/server/internal/signal/hub.go:85: [Signal] client disconnected: hi, reason: client namespace disconnect
2026/05/28 00:21:20.980029 /Users/noelorin/GOSpeak/packages/server/internal/signal/hub.go:65: [Signal] client connected: hj
2026/05/28 00:21:20.981831 /Users/noelorin/GOSpeak/packages/server/internal/signal/hub.go:65: [Signal] client connected: hj
2026/05/28 00:21:20.982259 /Users/noelorin/GOSpeak/packages/server/internal/signal/hub.go:85: [Signal] client disconnected: hj, reason: client namespace disconnect
2026/05/28 00:21:22.043787 /Users/noelorin/GOSpeak/packages/server/internal/signal/hub.go:65: [Signal] client connected: hk
2026/05/28 00:21:22.045540 /Users/noelorin/GOSpeak/packages/server/internal/signal/hub.go:65: [Signal] client connected: hk
2026/05/28 00:21:22.046236 /Users/noelorin/GOSpeak/packages/server/internal/signal/hub.go:85: [Signal] client disconnected: hk, reason: client namespace disconnect
2026/05/28 00:21:23.134480 /Users/noelorin/GOSpeak/packages/server/internal/signal/hub.go:65: [Signal] client connected: hl
2026/05/28 00:21:23.136384 /Users/noelorin/GOSpeak/packages/server/internal/signal/hub.go:65: [Signal] client connected: hl
2026/05/28 00:21:23.137067 /Users/noelorin/GOSpeak/packages/server/internal/signal/hub.go:85: [Signal] client disconnected: hl, reason: client namespace disconnect
2026/05/28 00:21:23.938013 /Users/noelorin/GOSpeak/packages/server/internal/signal/hub.go:65: [Signal] client connected: hm
2026/05/28 00:21:23.940489 /Users/noelorin/GOSpeak/packages/server/internal/signal/hub.go:65: [Signal] client connected: hm
2026/05/28 00:21:23.941114 /Users/noelorin/GOSpeak/packages/server/internal/signal/hub.go:85: [Signal] client disconnected: hm, reason: client namespace disconnect
2026/05/28 00:21:25.320926 /Users/noelorin/GOSpeak/packages/server/internal/signal/hub.go:65: [Signal] client connected: hn
2026/05/28 00:21:25.322644 /Users/noelorin/GOSpeak/packages/server/internal/signal/hub.go:65: [Signal] client connected: hn
2026/05/28 00:21:25.324374 /Users/noelorin/GOSpeak/packages/server/internal/signal/hub.go:85: [Signal] client disconnected: hn, reason: client namespace disconnect
2026/05/28 00:21:26.395937 /Users/noelorin/GOSpeak/packages/server/internal/signal/hub.go:65: [Signal] client connected: ho
2026/05/28 00:21:26.398033 /Users/noelorin/GOSpeak/packages/server/internal/signal/hub.go:65: [Signal] client connected: ho
2026/05/28 00:21:26.398512 /Users/noelorin/GOSpeak/packages/server/internal/signal/hub.go:85: [Signal] client disconnected: ho, reason: client namespace disconnect
2026/05/28 00:21:27.194634 /Users/noelorin/GOSpeak/packages/server/internal/signal/hub.go:65: [Signal] client connected: hp
2026/05/28 00:21:27.196503 /Users/noelorin/GOSpeak/packages/server/internal/signal/hub.go:65: [Signal] client connected: hp
2026/05/28 00:21:27.197320 /Users/noelorin/GOSpeak/packages/server/internal/signal/hub.go:85: [Signal] client disconnected: hp, reason: client namespace disconnect
2026/05/28 00:21:28.264118 /Users/noelorin/GOSpeak/packages/server/internal/signal/hub.go:65: [Signal] client connected: hq
2026/05/28 00:21:28.266477 /Users/noelorin/GOSpeak/packages/server/internal/signal/hub.go:65: [Signal] client connected: hq
2026/05/28 00:21:28.267540 /Users/noelorin/GOSpeak/packages/server/internal/signal/hub.go:85: [Signal] client disconnected: hq, reason: client namespace disconnect
2026/05/28 00:21:28.938694 /Users/noelorin/GOSpeak/packages/server/internal/signal/hub.go:65: [Signal] client connected: hr
2026/05/28 00:21:28.942400 /Users/noelorin/GOSpeak/packages/server/internal/signal/hub.go:65: [Signal] client connected: hr
2026/05/28 00:21:28.943015 /Users/noelorin/GOSpeak/packages/server/internal/signal/hub.go:85: [Signal] client disconnected: hr, reason: client namespace disconnect
2026/05/28 00:21:29.747385 /Users/noelorin/GOSpeak/packages/server/internal/signal/hub.go:65: [Signal] client connected: hs
2026/05/28 00:21:29.749209 /Users/noelorin/GOSpeak/packages/server/internal/signal/hub.go:65: [Signal] client connected: hs
2026/05/28 00:21:29.749768 /Users/noelorin/GOSpeak/packages/server/internal/signal/hub.go:85: [Signal] client disconnected: hs, reason: client namespace disconnect
2026/05/28 00:21:31.033290 /Users/noelorin/GOSpeak/packages/server/internal/signal/hub.go:65: [Signal] client connected: ht
2026/05/28 00:21:31.036271 /Users/noelorin/GOSpeak/packages/server/internal/signal/hub.go:65: [Signal] client connected: ht
2026/05/28 00:21:31.037337 /Users/noelorin/GOSpeak/packages/server/internal/signal/hub.go:85: [Signal] client disconnected: ht, reason: client namespace disconnect
2026/05/28 00:21:31.727853 /Users/noelorin/GOSpeak/packages/server/internal/signal/hub.go:65: [Signal] client connected: hu
2026/05/28 00:21:31.729543 /Users/noelorin/GOSpeak/packages/server/internal/signal/hub.go:65: [Signal] client connected: hu
2026/05/28 00:21:31.730197 /Users/noelorin/GOSpeak/packages/server/internal/signal/hub.go:85: [Signal] client disconnected: hu, reason: client namespace disconnect
2026/05/28 00:21:32.313061 /Users/noelorin/GOSpeak/packages/server/internal/signal/hub.go:65: [Signal] client connected: hv
2026/05/28 00:21:32.315363 /Users/noelorin/GOSpeak/packages/server/internal/signal/hub.go:65: [Signal] client connected: hv
2026/05/28 00:21:32.315944 /Users/noelorin/GOSpeak/packages/server/internal/signal/hub.go:85: [Signal] client disconnected: hv, reason: client namespace disconnect
2026/05/28 00:21:33.482264 /Users/noelorin/GOSpeak/packages/server/internal/signal/hub.go:65: [Signal] client connected: hw
2026/05/28 00:21:33.483156 /Users/noelorin/GOSpeak/packages/server/internal/signal/hub.go:65: [Signal] client connected: hw
2026/05/28 00:21:33.483596 /Users/noelorin/GOSpeak/packages/server/internal/signal/hub.go:85: [Signal] client disconnected: hw, reason: client namespace disconnect
2026/05/28 00:21:34.177367 /Users/noelorin/GOSpeak/packages/server/internal/signal/hub.go:65: [Signal] client connected: hx
2026/05/28 00:21:34.179455 /Users/noelorin/GOSpeak/packages/server/internal/signal/hub.go:65: [Signal] client connected: hx
2026/05/28 00:21:34.180016 /Users/noelorin/GOSpeak/packages/server/internal/signal/hub.go:85: [Signal] client disconnected: hx, reason: client namespace disconnect
2026/05/28 00:21:35.177735 /Users/noelorin/GOSpeak/packages/server/internal/signal/hub.go:65: [Signal] client connected: hy
2026/05/28 00:21:35.179776 /Users/noelorin/GOSpeak/packages/server/internal/signal/hub.go:65: [Signal] client connected: hy
2026/05/28 00:21:35.180531 /Users/noelorin/GOSpeak/packages/server/internal/signal/hub.go:85: [Signal] client disconnected: hy, reason: client namespace disconnect
2026/05/28 00:21:35.838104 /Users/noelorin/GOSpeak/packages/server/internal/signal/hub.go:65: [Signal] client connected: hz
2026/05/28 00:21:35.838998 /Users/noelorin/GOSpeak/packages/server/internal/signal/hub.go:65: [Signal] client connected: hz
2026/05/28 00:21:35.839395 /Users/noelorin/GOSpeak/packages/server/internal/signal/hub.go:85: [Signal] client disconnected: hz, reason: client namespace disconnect
2026/05/28 00:21:37.114241 /Users/noelorin/GOSpeak/packages/server/internal/signal/hub.go:65: [Signal] client connected: i0
2026/05/28 00:21:37.116873 /Users/noelorin/GOSpeak/packages/server/internal/signal/hub.go:65: [Signal] client connected: i0
2026/05/28 00:21:37.118190 /Users/noelorin/GOSpeak/packages/server/internal/signal/hub.go:85: [Signal] client disconnected: i0, reason: client namespace disconnect
2026/05/28 00:21:39.654277 /Users/noelorin/GOSpeak/packages/server/internal/signal/hub.go:65: [Signal] client connected: i1
2026/05/28 00:21:39.669145 /Users/noelorin/GOSpeak/packages/server/internal/signal/hub.go:85: [Signal] client disconnected: i1, reason: client namespace disconnect
2026/05/28 00:21:40.341584 /Users/noelorin/GOSpeak/packages/server/internal/signal/hub.go:65: [Signal] client connected: i2
2026/05/28 00:21:40.433257 /Users/noelorin/GOSpeak/packages/server/internal/signal/hub.go:65: [Signal] client connected: i3
2026/05/28 00:21:40.438916 /Users/noelorin/GOSpeak/packages/server/internal/signal/hub.go:65: [Signal] client connected: i3
2026/05/28 00:21:40.431221 /Users/noelorin/GOSpeak/packages/server/internal/signal/hub.go:85: [Signal] client disconnected: i2, reason: client namespace disconnect
2026/05/28 00:21:40.440804 /Users/noelorin/GOSpeak/packages/server/internal/signal/hub.go:85: [Signal] client disconnected: i3, reason: client namespace disconnect
2026/05/28 00:21:41.905537 /Users/noelorin/GOSpeak/packages/server/internal/signal/hub.go:65: [Signal] client connected: i4
2026/05/28 00:21:41.906608 /Users/noelorin/GOSpeak/packages/server/internal/signal/hub.go:65: [Signal] client connected: i4
2026/05/28 00:21:41.907847 /Users/noelorin/GOSpeak/packages/server/internal/signal/hub.go:85: [Signal] client disconnected: i4, reason: client namespace disconnect
2026/05/28 00:21:43.393383 /Users/noelorin/GOSpeak/packages/server/internal/signal/hub.go:65: [Signal] client connected: i5
2026/05/28 00:21:43.394805 /Users/noelorin/GOSpeak/packages/server/internal/signal/hub.go:65: [Signal] client connected: i5
2026/05/28 00:21:43.395481 /Users/noelorin/GOSpeak/packages/server/internal/signal/hub.go:85: [Signal] client disconnected: i5, reason: client namespace disconnect
2026/05/28 00:21:44.885776 /Users/noelorin/GOSpeak/packages/server/internal/signal/hub.go:65: [Signal] client connected: i6
2026/05/28 00:21:44.888208 /Users/noelorin/GOSpeak/packages/server/internal/signal/hub.go:65: [Signal] client connected: i6
2026/05/28 00:21:44.889136 /Users/noelorin/GOSpeak/packages/server/internal/signal/hub.go:85: [Signal] client disconnected: i6, reason: client namespace disconnect
2026/05/28 00:21:45.894334 /Users/noelorin/GOSpeak/packages/server/internal/signal/hub.go:65: [Signal] client connected: i7
2026/05/28 00:21:45.899895 /Users/noelorin/GOSpeak/packages/server/internal/signal/hub.go:65: [Signal] client connected: i7
2026/05/28 00:21:45.900788 /Users/noelorin/GOSpeak/packages/server/internal/signal/hub.go:85: [Signal] client disconnected: i7, reason: client namespace disconnect
2026/05/28 00:21:46.467420 /Users/noelorin/GOSpeak/packages/server/internal/signal/hub.go:65: [Signal] client connected: i8
2026/05/28 00:21:46.470069 /Users/noelorin/GOSpeak/packages/server/internal/signal/hub.go:65: [Signal] client connected: i8
2026/05/28 00:21:46.470839 /Users/noelorin/GOSpeak/packages/server/internal/signal/hub.go:85: [Signal] client disconnected: i8, reason: client namespace disconnect
2026/05/28 00:21:47.153560 /Users/noelorin/GOSpeak/packages/server/internal/signal/hub.go:65: [Signal] client connected: i9
2026/05/28 00:21:47.154841 /Users/noelorin/GOSpeak/packages/server/internal/signal/hub.go:65: [Signal] client connected: i9
2026/05/28 00:21:47.155195 /Users/noelorin/GOSpeak/packages/server/internal/signal/hub.go:85: [Signal] client disconnected: i9, reason: client namespace disconnect
2026/05/28 00:21:48.327658 /Users/noelorin/GOSpeak/packages/server/internal/signal/hub.go:65: [Signal] client connected: ia
2026/05/28 00:21:48.329853 /Users/noelorin/GOSpeak/packages/server/internal/signal/hub.go:65: [Signal] client connected: ia
2026/05/28 00:21:48.330435 /Users/noelorin/GOSpeak/packages/server/internal/signal/hub.go:85: [Signal] client disconnected: ia, reason: client namespace disconnect
2026/05/28 00:21:49.124278 /Users/noelorin/GOSpeak/packages/server/internal/signal/hub.go:65: [Signal] client connected: ib
2026/05/28 00:21:49.125715 /Users/noelorin/GOSpeak/packages/server/internal/signal/hub.go:65: [Signal] client connected: ib
2026/05/28 00:21:49.126687 /Users/noelorin/GOSpeak/packages/server/internal/signal/hub.go:85: [Signal] client disconnected: ib, reason: client namespace disconnect
2026/05/28 00:21:49.806968 /Users/noelorin/GOSpeak/packages/server/internal/signal/hub.go:65: [Signal] client connected: ic
2026/05/28 00:21:49.808092 /Users/noelorin/GOSpeak/packages/server/internal/signal/hub.go:65: [Signal] client connected: ic
2026/05/28 00:21:49.808553 /Users/noelorin/GOSpeak/packages/server/internal/signal/hub.go:85: [Signal] client disconnected: ic, reason: client namespace disconnect
2026/05/28 00:21:50.709832 /Users/noelorin/GOSpeak/packages/server/internal/signal/hub.go:65: [Signal] client connected: id
2026/05/28 00:21:50.711577 /Users/noelorin/GOSpeak/packages/server/internal/signal/hub.go:65: [Signal] client connected: id
2026/05/28 00:21:50.712313 /Users/noelorin/GOSpeak/packages/server/internal/signal/hub.go:85: [Signal] client disconnected: id, reason: client namespace disconnect
2026/05/28 00:21:52.009299 /Users/noelorin/GOSpeak/packages/server/internal/signal/hub.go:65: [Signal] client connected: ie
2026/05/28 00:21:52.011168 /Users/noelorin/GOSpeak/packages/server/internal/signal/hub.go:65: [Signal] client connected: ie
2026/05/28 00:21:52.011679 /Users/noelorin/GOSpeak/packages/server/internal/signal/hub.go:85: [Signal] client disconnected: ie, reason: client namespace disconnect
2026/05/28 00:21:53.208691 /Users/noelorin/GOSpeak/packages/server/internal/signal/hub.go:65: [Signal] client connected: if
2026/05/28 00:21:53.210309 /Users/noelorin/GOSpeak/packages/server/internal/signal/hub.go:65: [Signal] client connected: if
2026/05/28 00:21:53.211025 /Users/noelorin/GOSpeak/packages/server/internal/signal/hub.go:85: [Signal] client disconnected: if, reason: client namespace disconnect
2026/05/28 00:21:53.776603 /Users/noelorin/GOSpeak/packages/server/internal/signal/hub.go:65: [Signal] client connected: ig
2026/05/28 00:21:53.778939 /Users/noelorin/GOSpeak/packages/server/internal/signal/hub.go:65: [Signal] client connected: ig
2026/05/28 00:21:53.779669 /Users/noelorin/GOSpeak/packages/server/internal/signal/hub.go:85: [Signal] client disconnected: ig, reason: client namespace disconnect
2026/05/28 00:21:54.663246 /Users/noelorin/GOSpeak/packages/server/internal/signal/hub.go:65: [Signal] client connected: ih
2026/05/28 00:21:54.664912 /Users/noelorin/GOSpeak/packages/server/internal/signal/hub.go:65: [Signal] client connected: ih
2026/05/28 00:21:54.665506 /Users/noelorin/GOSpeak/packages/server/internal/signal/hub.go:85: [Signal] client disconnected: ih, reason: client namespace disconnect
2026/05/28 00:21:55.570695 /Users/noelorin/GOSpeak/packages/server/internal/signal/hub.go:65: [Signal] client connected: ii
2026/05/28 00:21:55.573578 /Users/noelorin/GOSpeak/packages/server/internal/signal/hub.go:65: [Signal] client connected: ii
2026/05/28 00:21:55.575522 /Users/noelorin/GOSpeak/packages/server/internal/signal/hub.go:85: [Signal] client disconnected: ii, reason: client namespace disconnect
2026/05/28 00:21:57.046162 /Users/noelorin/GOSpeak/packages/server/internal/signal/hub.go:65: [Signal] client connected: ij
2026/05/28 00:21:57.047285 /Users/noelorin/GOSpeak/packages/server/internal/signal/hub.go:65: [Signal] client connected: ij
2026/05/28 00:21:57.048108 /Users/noelorin/GOSpeak/packages/server/internal/signal/hub.go:85: [Signal] client disconnected: ij, reason: client namespace disconnect
2026/05/28 00:21:57.619997 /Users/noelorin/GOSpeak/packages/server/internal/signal/hub.go:65: [Signal] client connected: ik
2026/05/28 00:21:57.621120 /Users/noelorin/GOSpeak/packages/server/internal/signal/hub.go:65: [Signal] client connected: ik
2026/05/28 00:21:57.622051 /Users/noelorin/GOSpeak/packages/server/internal/signal/hub.go:85: [Signal] client disconnected: ik, reason: client namespace disconnect
2026/05/28 00:21:58.205664 /Users/noelorin/GOSpeak/packages/server/internal/signal/hub.go:65: [Signal] client connected: il
2026/05/28 00:21:58.209937 /Users/noelorin/GOSpeak/packages/server/internal/signal/hub.go:65: [Signal] client connected: il
2026/05/28 00:21:58.210518 /Users/noelorin/GOSpeak/packages/server/internal/signal/hub.go:85: [Signal] client disconnected: il, reason: client namespace disconnect
2026/05/28 00:21:59.269405 /Users/noelorin/GOSpeak/packages/server/internal/signal/hub.go:65: [Signal] client connected: im
2026/05/28 00:21:59.271314 /Users/noelorin/GOSpeak/packages/server/internal/signal/hub.go:65: [Signal] client connected: im
2026/05/28 00:21:59.271786 /Users/noelorin/GOSpeak/packages/server/internal/signal/hub.go:85: [Signal] client disconnected: im, reason: client namespace disconnect
2026/05/28 00:22:00.742988 /Users/noelorin/GOSpeak/packages/server/internal/signal/hub.go:65: [Signal] client connected: in
2026/05/28 00:22:00.745152 /Users/noelorin/GOSpeak/packages/server/internal/signal/hub.go:65: [Signal] client connected: in
2026/05/28 00:22:00.746051 /Users/noelorin/GOSpeak/packages/server/internal/signal/hub.go:85: [Signal] client disconnected: in, reason: client namespace disconnect
2026/05/28 00:22:01.540010 /Users/noelorin/GOSpeak/packages/server/internal/signal/hub.go:65: [Signal] client connected: io
2026/05/28 00:22:01.543126 /Users/noelorin/GOSpeak/packages/server/internal/signal/hub.go:65: [Signal] client connected: io
2026/05/28 00:22:01.544117 /Users/noelorin/GOSpeak/packages/server/internal/signal/hub.go:85: [Signal] client disconnected: io, reason: client namespace disconnect
2026/05/28 00:22:02.611513 /Users/noelorin/GOSpeak/packages/server/internal/signal/hub.go:65: [Signal] client connected: ip
2026/05/28 00:22:02.613644 /Users/noelorin/GOSpeak/packages/server/internal/signal/hub.go:65: [Signal] client connected: ip
2026/05/28 00:22:02.614704 /Users/noelorin/GOSpeak/packages/server/internal/signal/hub.go:85: [Signal] client disconnected: ip, reason: client namespace disconnect
2026/05/28 00:22:03.419302 /Users/noelorin/GOSpeak/packages/server/internal/signal/hub.go:65: [Signal] client connected: iq
2026/05/28 00:22:03.421960 /Users/noelorin/GOSpeak/packages/server/internal/signal/hub.go:65: [Signal] client connected: iq
2026/05/28 00:22:03.424479 /Users/noelorin/GOSpeak/packages/server/internal/signal/hub.go:85: [Signal] client disconnected: iq, reason: client namespace disconnect
2026/05/28 00:22:04.609573 /Users/noelorin/GOSpeak/packages/server/internal/signal/hub.go:65: [Signal] client connected: ir
2026/05/28 00:22:04.614285 /Users/noelorin/GOSpeak/packages/server/internal/signal/hub.go:65: [Signal] client connected: ir
2026/05/28 00:22:04.614973 /Users/noelorin/GOSpeak/packages/server/internal/signal/hub.go:85: [Signal] client disconnected: ir, reason: client namespace disconnect
2026/05/28 00:22:06.082165 /Users/noelorin/GOSpeak/packages/server/internal/signal/hub.go:65: [Signal] client connected: is
2026/05/28 00:22:06.083961 /Users/noelorin/GOSpeak/packages/server/internal/signal/hub.go:65: [Signal] client connected: is
2026/05/28 00:22:06.085311 /Users/noelorin/GOSpeak/packages/server/internal/signal/hub.go:85: [Signal] client disconnected: is, reason: client namespace disconnect
2026/05/28 00:22:06.688014 /Users/noelorin/GOSpeak/packages/server/internal/signal/hub.go:65: [Signal] client connected: it
2026/05/28 00:22:06.690394 /Users/noelorin/GOSpeak/packages/server/internal/signal/hub.go:65: [Signal] client connected: it
2026/05/28 00:22:06.691163 /Users/noelorin/GOSpeak/packages/server/internal/signal/hub.go:85: [Signal] client disconnected: it, reason: client namespace disconnect
2026/05/28 00:22:07.495115 /Users/noelorin/GOSpeak/packages/server/internal/signal/hub.go:65: [Signal] client connected: iu
2026/05/28 00:22:07.498160 /Users/noelorin/GOSpeak/packages/server/internal/signal/hub.go:65: [Signal] client connected: iu
2026/05/28 00:22:07.499230 /Users/noelorin/GOSpeak/packages/server/internal/signal/hub.go:85: [Signal] client disconnected: iu, reason: client namespace disconnect
2026/05/28 00:22:08.095617 /Users/noelorin/GOSpeak/packages/server/internal/signal/hub.go:65: [Signal] client connected: iv
2026/05/28 00:22:08.097980 /Users/noelorin/GOSpeak/packages/server/internal/signal/hub.go:65: [Signal] client connected: iv
2026/05/28 00:22:08.098926 /Users/noelorin/GOSpeak/packages/server/internal/signal/hub.go:85: [Signal] client disconnected: iv, reason: client namespace disconnect
2026/05/28 00:22:08.983541 /Users/noelorin/GOSpeak/packages/server/internal/signal/hub.go:65: [Signal] client connected: iw
2026/05/28 00:22:08.985881 /Users/noelorin/GOSpeak/packages/server/internal/signal/hub.go:65: [Signal] client connected: iw
2026/05/28 00:22:08.987160 /Users/noelorin/GOSpeak/packages/server/internal/signal/hub.go:85: [Signal] client disconnected: iw, reason: client namespace disconnect
2026/05/28 00:22:10.461349 /Users/noelorin/GOSpeak/packages/server/internal/signal/hub.go:65: [Signal] client connected: ix
2026/05/28 00:22:10.463042 /Users/noelorin/GOSpeak/packages/server/internal/signal/hub.go:65: [Signal] client connected: ix
2026/05/28 00:22:10.463727 /Users/noelorin/GOSpeak/packages/server/internal/signal/hub.go:85: [Signal] client disconnected: ix, reason: client namespace disconnect
2026/05/28 00:22:11.848756 /Users/noelorin/GOSpeak/packages/server/internal/signal/hub.go:65: [Signal] client connected: iy
2026/05/28 00:22:11.850659 /Users/noelorin/GOSpeak/packages/server/internal/signal/hub.go:65: [Signal] client connected: iy
2026/05/28 00:22:11.851319 /Users/noelorin/GOSpeak/packages/server/internal/signal/hub.go:85: [Signal] client disconnected: iy, reason: client namespace disconnect
2026/05/28 00:22:13.117908 /Users/noelorin/GOSpeak/packages/server/internal/signal/hub.go:65: [Signal] client connected: iz
2026/05/28 00:22:13.119722 /Users/noelorin/GOSpeak/packages/server/internal/signal/hub.go:65: [Signal] client connected: iz
2026/05/28 00:22:13.120590 /Users/noelorin/GOSpeak/packages/server/internal/signal/hub.go:85: [Signal] client disconnected: iz, reason: client namespace disconnect
2026/05/28 00:22:14.602712 /Users/noelorin/GOSpeak/packages/server/internal/signal/hub.go:65: [Signal] client connected: j0
2026/05/28 00:22:14.605848 /Users/noelorin/GOSpeak/packages/server/internal/signal/hub.go:65: [Signal] client connected: j0
2026/05/28 00:22:14.607967 /Users/noelorin/GOSpeak/packages/server/internal/signal/hub.go:85: [Signal] client disconnected: j0, reason: client namespace disconnect
2026/05/28 00:22:15.279726 /Users/noelorin/GOSpeak/packages/server/internal/signal/hub.go:65: [Signal] client connected: j1
2026/05/28 00:22:15.281812 /Users/noelorin/GOSpeak/packages/server/internal/signal/hub.go:65: [Signal] client connected: j1
2026/05/28 00:22:15.282470 /Users/noelorin/GOSpeak/packages/server/internal/signal/hub.go:85: [Signal] client disconnected: j1, reason: client namespace disconnect
2026/05/28 00:22:16.149351 /Users/noelorin/GOSpeak/packages/server/internal/signal/hub.go:65: [Signal] client connected: j2
2026/05/28 00:22:16.151185 /Users/noelorin/GOSpeak/packages/server/internal/signal/hub.go:65: [Signal] client connected: j2
2026/05/28 00:22:16.152026 /Users/noelorin/GOSpeak/packages/server/internal/signal/hub.go:85: [Signal] client disconnected: j2, reason: client namespace disconnect
2026/05/28 00:22:16.813997 /Users/noelorin/GOSpeak/packages/server/internal/signal/hub.go:65: [Signal] client connected: j3
2026/05/28 00:22:16.816524 /Users/noelorin/GOSpeak/packages/server/internal/signal/hub.go:65: [Signal] client connected: j3
2026/05/28 00:22:16.817276 /Users/noelorin/GOSpeak/packages/server/internal/signal/hub.go:85: [Signal] client disconnected: j3, reason: client namespace disconnect
2026/05/28 00:22:18.089234 /Users/noelorin/GOSpeak/packages/server/internal/signal/hub.go:65: [Signal] client connected: j4
2026/05/28 00:22:18.092803 /Users/noelorin/GOSpeak/packages/server/internal/signal/hub.go:65: [Signal] client connected: j4
2026/05/28 00:22:18.093305 /Users/noelorin/GOSpeak/packages/server/internal/signal/hub.go:85: [Signal] client disconnected: j4, reason: client namespace disconnect
2026/05/28 00:22:19.281929 /Users/noelorin/GOSpeak/packages/server/internal/signal/hub.go:65: [Signal] client connected: j5
2026/05/28 00:22:19.282907 /Users/noelorin/GOSpeak/packages/server/internal/signal/hub.go:65: [Signal] client connected: j5
2026/05/28 00:22:19.286443 /Users/noelorin/GOSpeak/packages/server/internal/signal/hub.go:85: [Signal] client disconnected: j5, reason: client namespace disconnect
2026/05/28 00:22:20.272084 /Users/noelorin/GOSpeak/packages/server/internal/signal/hub.go:65: [Signal] client connected: j6
2026/05/28 00:22:20.273926 /Users/noelorin/GOSpeak/packages/server/internal/signal/hub.go:65: [Signal] client connected: j6
2026/05/28 00:22:20.274572 /Users/noelorin/GOSpeak/packages/server/internal/signal/hub.go:85: [Signal] client disconnected: j6, reason: client namespace disconnect
2026/05/28 00:22:21.269304 /Users/noelorin/GOSpeak/packages/server/internal/signal/hub.go:65: [Signal] client connected: j7
2026/05/28 00:22:21.271896 /Users/noelorin/GOSpeak/packages/server/internal/signal/hub.go:65: [Signal] client connected: j7
2026/05/28 00:22:21.273412 /Users/noelorin/GOSpeak/packages/server/internal/signal/hub.go:85: [Signal] client disconnected: j7, reason: client namespace disconnect
2026/05/28 00:22:22.034855 /Users/noelorin/GOSpeak/packages/server/internal/signal/hub.go:65: [Signal] client connected: j8
2026/05/28 00:22:22.037344 /Users/noelorin/GOSpeak/packages/server/internal/signal/hub.go:65: [Signal] client connected: j8
2026/05/28 00:22:22.038207 /Users/noelorin/GOSpeak/packages/server/internal/signal/hub.go:85: [Signal] client disconnected: j8, reason: client namespace disconnect
2026/05/28 00:22:23.028496 /Users/noelorin/GOSpeak/packages/server/internal/signal/hub.go:65: [Signal] client connected: j9
2026/05/28 00:22:23.030705 /Users/noelorin/GOSpeak/packages/server/internal/signal/hub.go:65: [Signal] client connected: j9
2026/05/28 00:22:23.031523 /Users/noelorin/GOSpeak/packages/server/internal/signal/hub.go:85: [Signal] client disconnected: j9, reason: client namespace disconnect
2026/05/28 00:22:23.889501 /Users/noelorin/GOSpeak/packages/server/internal/signal/hub.go:65: [Signal] client connected: ja
2026/05/28 00:22:23.892184 /Users/noelorin/GOSpeak/packages/server/internal/signal/hub.go:65: [Signal] client connected: ja
2026/05/28 00:22:23.892635 /Users/noelorin/GOSpeak/packages/server/internal/signal/hub.go:85: [Signal] client disconnected: ja, reason: client namespace disconnect
2026/05/28 00:22:24.690755 /Users/noelorin/GOSpeak/packages/server/internal/signal/hub.go:65: [Signal] client connected: jb
2026/05/28 00:22:24.692370 /Users/noelorin/GOSpeak/packages/server/internal/signal/hub.go:65: [Signal] client connected: jb
2026/05/28 00:22:24.693251 /Users/noelorin/GOSpeak/packages/server/internal/signal/hub.go:85: [Signal] client disconnected: jb, reason: client namespace disconnect
2026/05/28 00:22:25.476510 /Users/noelorin/GOSpeak/packages/server/internal/signal/hub.go:65: [Signal] client connected: jc
2026/05/28 00:22:25.479117 /Users/noelorin/GOSpeak/packages/server/internal/signal/hub.go:65: [Signal] client connected: jc
2026/05/28 00:22:25.479959 /Users/noelorin/GOSpeak/packages/server/internal/signal/hub.go:85: [Signal] client disconnected: jc, reason: client namespace disconnect
2026/05/28 00:22:26.965039 /Users/noelorin/GOSpeak/packages/server/internal/signal/hub.go:65: [Signal] client connected: jd
2026/05/28 00:22:26.967744 /Users/noelorin/GOSpeak/packages/server/internal/signal/hub.go:65: [Signal] client connected: jd
2026/05/28 00:22:26.968650 /Users/noelorin/GOSpeak/packages/server/internal/signal/hub.go:85: [Signal] client disconnected: jd, reason: client namespace disconnect
2026/05/28 00:22:27.759318 /Users/noelorin/GOSpeak/packages/server/internal/signal/hub.go:65: [Signal] client connected: je
2026/05/28 00:22:27.761068 /Users/noelorin/GOSpeak/packages/server/internal/signal/hub.go:65: [Signal] client connected: je
2026/05/28 00:22:27.761925 /Users/noelorin/GOSpeak/packages/server/internal/signal/hub.go:85: [Signal] client disconnected: je, reason: client namespace disconnect
2026/05/28 00:22:28.847921 /Users/noelorin/GOSpeak/packages/server/internal/signal/hub.go:65: [Signal] client connected: jf
2026/05/28 00:22:28.849948 /Users/noelorin/GOSpeak/packages/server/internal/signal/hub.go:65: [Signal] client connected: jf
2026/05/28 00:22:28.850941 /Users/noelorin/GOSpeak/packages/server/internal/signal/hub.go:85: [Signal] client disconnected: jf, reason: client namespace disconnect
2026/05/28 00:22:29.554343 /Users/noelorin/GOSpeak/packages/server/internal/signal/hub.go:65: [Signal] client connected: jg
2026/05/28 00:22:29.558011 /Users/noelorin/GOSpeak/packages/server/internal/signal/hub.go:65: [Signal] client connected: jg
2026/05/28 00:22:29.559055 /Users/noelorin/GOSpeak/packages/server/internal/signal/hub.go:85: [Signal] client disconnected: jg, reason: client namespace disconnect
2026/05/28 00:22:30.526873 /Users/noelorin/GOSpeak/packages/server/internal/signal/hub.go:65: [Signal] client connected: jh
2026/05/28 00:22:30.529275 /Users/noelorin/GOSpeak/packages/server/internal/signal/hub.go:65: [Signal] client connected: jh
2026/05/28 00:22:30.530004 /Users/noelorin/GOSpeak/packages/server/internal/signal/hub.go:85: [Signal] client disconnected: jh, reason: client namespace disconnect
2026/05/28 00:22:31.211670 /Users/noelorin/GOSpeak/packages/server/internal/signal/hub.go:65: [Signal] client connected: ji
2026/05/28 00:22:31.214396 /Users/noelorin/GOSpeak/packages/server/internal/signal/hub.go:65: [Signal] client connected: ji
2026/05/28 00:22:31.215216 /Users/noelorin/GOSpeak/packages/server/internal/signal/hub.go:85: [Signal] client disconnected: ji, reason: client namespace disconnect
2026/05/28 00:22:32.518182 /Users/noelorin/GOSpeak/packages/server/internal/signal/hub.go:65: [Signal] client connected: jj
2026/05/28 00:22:32.520616 /Users/noelorin/GOSpeak/packages/server/internal/signal/hub.go:65: [Signal] client connected: jj
2026/05/28 00:22:32.521532 /Users/noelorin/GOSpeak/packages/server/internal/signal/hub.go:85: [Signal] client disconnected: jj, reason: client namespace disconnect
2026/05/28 00:22:33.187023 /Users/noelorin/GOSpeak/packages/server/internal/signal/hub.go:65: [Signal] client connected: jk
2026/05/28 00:22:33.189501 /Users/noelorin/GOSpeak/packages/server/internal/signal/hub.go:65: [Signal] client connected: jk
2026/05/28 00:22:33.190706 /Users/noelorin/GOSpeak/packages/server/internal/signal/hub.go:85: [Signal] client disconnected: jk, reason: client namespace disconnect
2026/05/28 00:22:35.067320 /Users/noelorin/GOSpeak/packages/server/internal/signal/hub.go:65: [Signal] client connected: jl
2026/05/28 00:22:35.068640 /Users/noelorin/GOSpeak/packages/server/internal/signal/hub.go:65: [Signal] client connected: jl
2026/05/28 00:22:35.069082 /Users/noelorin/GOSpeak/packages/server/internal/signal/hub.go:85: [Signal] client disconnected: jl, reason: client namespace disconnect
2026/05/28 00:22:37.047317 /Users/noelorin/GOSpeak/packages/server/internal/signal/hub.go:65: [Signal] client connected: jm
2026/05/28 00:22:37.057697 /Users/noelorin/GOSpeak/packages/server/internal/signal/hub.go:65: [Signal] client connected: jm
2026/05/28 00:22:37.058512 /Users/noelorin/GOSpeak/packages/server/internal/signal/hub.go:85: [Signal] client disconnected: jm, reason: client namespace disconnect
2026/05/28 00:22:39.043628 /Users/noelorin/GOSpeak/packages/server/internal/signal/hub.go:65: [Signal] client connected: jn
2026/05/28 00:22:39.045847 /Users/noelorin/GOSpeak/packages/server/internal/signal/hub.go:65: [Signal] client connected: jn
2026/05/28 00:22:39.046678 /Users/noelorin/GOSpeak/packages/server/internal/signal/hub.go:85: [Signal] client disconnected: jn, reason: client namespace disconnect
2026/05/28 00:22:41.052874 /Users/noelorin/GOSpeak/packages/server/internal/signal/hub.go:65: [Signal] client connected: jo
2026/05/28 00:22:41.053299 /Users/noelorin/GOSpeak/packages/server/internal/signal/hub.go:65: [Signal] client connected: jo
2026/05/28 00:22:41.054254 /Users/noelorin/GOSpeak/packages/server/internal/signal/hub.go:85: [Signal] client disconnected: jo, reason: client namespace disconnect
2026/05/28 00:22:43.045537 /Users/noelorin/GOSpeak/packages/server/internal/signal/hub.go:65: [Signal] client connected: jp
2026/05/28 00:22:43.047178 /Users/noelorin/GOSpeak/packages/server/internal/signal/hub.go:65: [Signal] client connected: jp
2026/05/28 00:22:43.047843 /Users/noelorin/GOSpeak/packages/server/internal/signal/hub.go:85: [Signal] client disconnected: jp, reason: client namespace disconnect
2026/05/28 00:22:45.045761 /Users/noelorin/GOSpeak/packages/server/internal/signal/hub.go:65: [Signal] client connected: jq
2026/05/28 00:22:45.048823 /Users/noelorin/GOSpeak/packages/server/internal/signal/hub.go:65: [Signal] client connected: jq
2026/05/28 00:22:45.049886 /Users/noelorin/GOSpeak/packages/server/internal/signal/hub.go:85: [Signal] client disconnected: jq, reason: client namespace disconnect
2026/05/28 00:22:46.046305 /Users/noelorin/GOSpeak/packages/server/internal/signal/hub.go:65: [Signal] client connected: jr
2026/05/28 00:22:46.049051 /Users/noelorin/GOSpeak/packages/server/internal/signal/hub.go:65: [Signal] client connected: jr
2026/05/28 00:22:46.049872 /Users/noelorin/GOSpeak/packages/server/internal/signal/hub.go:85: [Signal] client disconnected: jr, reason: client namespace disconnect
2026/05/28 00:22:47.042002 /Users/noelorin/GOSpeak/packages/server/internal/signal/hub.go:65: [Signal] client connected: js
2026/05/28 00:22:47.043457 /Users/noelorin/GOSpeak/packages/server/internal/signal/hub.go:65: [Signal] client connected: js
2026/05/28 00:22:47.044117 /Users/noelorin/GOSpeak/packages/server/internal/signal/hub.go:85: [Signal] client disconnected: js, reason: client namespace disconnect
2026/05/28 00:22:49.043383 /Users/noelorin/GOSpeak/packages/server/internal/signal/hub.go:65: [Signal] client connected: jt
2026/05/28 00:22:49.045147 /Users/noelorin/GOSpeak/packages/server/internal/signal/hub.go:65: [Signal] client connected: jt
2026/05/28 00:22:49.046060 /Users/noelorin/GOSpeak/packages/server/internal/signal/hub.go:85: [Signal] client disconnected: jt, reason: client namespace disconnect
2026/05/28 00:22:51.042870 /Users/noelorin/GOSpeak/packages/server/internal/signal/hub.go:65: [Signal] client connected: ju
2026/05/28 00:22:51.044182 /Users/noelorin/GOSpeak/packages/server/internal/signal/hub.go:65: [Signal] client connected: ju
2026/05/28 00:22:51.044804 /Users/noelorin/GOSpeak/packages/server/internal/signal/hub.go:85: [Signal] client disconnected: ju, reason: client namespace disconnect
2026/05/28 00:22:52.042373 /Users/noelorin/GOSpeak/packages/server/internal/signal/hub.go:65: [Signal] client connected: jv
2026/05/28 00:22:52.043695 /Users/noelorin/GOSpeak/packages/server/internal/signal/hub.go:65: [Signal] client connected: jv
2026/05/28 00:22:52.044218 /Users/noelorin/GOSpeak/packages/server/internal/signal/hub.go:85: [Signal] client disconnected: jv, reason: client namespace disconnect
2026/05/28 00:22:53.044645 /Users/noelorin/GOSpeak/packages/server/internal/signal/hub.go:65: [Signal] client connected: jw
2026/05/28 00:22:53.047061 /Users/noelorin/GOSpeak/packages/server/internal/signal/hub.go:65: [Signal] client connected: jw
2026/05/28 00:22:53.047630 /Users/noelorin/GOSpeak/packages/server/internal/signal/hub.go:85: [Signal] client disconnected: jw, reason: client namespace disconnect
2026/05/28 00:22:54.046540 /Users/noelorin/GOSpeak/packages/server/internal/signal/hub.go:65: [Signal] client connected: jx
2026/05/28 00:22:54.050475 /Users/noelorin/GOSpeak/packages/server/internal/signal/hub.go:65: [Signal] client connected: jx
2026/05/28 00:22:54.051218 /Users/noelorin/GOSpeak/packages/server/internal/signal/hub.go:85: [Signal] client disconnected: jx, reason: client namespace disconnect
2026/05/28 00:22:55.045527 /Users/noelorin/GOSpeak/packages/server/internal/signal/hub.go:65: [Signal] client connected: jy
2026/05/28 00:22:55.049315 /Users/noelorin/GOSpeak/packages/server/internal/signal/hub.go:65: [Signal] client connected: jy
2026/05/28 00:22:55.050212 /Users/noelorin/GOSpeak/packages/server/internal/signal/hub.go:85: [Signal] client disconnected: jy, reason: client namespace disconnect
2026/05/28 00:22:56.044809 /Users/noelorin/GOSpeak/packages/server/internal/signal/hub.go:65: [Signal] client connected: jz
2026/05/28 00:22:56.047711 /Users/noelorin/GOSpeak/packages/server/internal/signal/hub.go:65: [Signal] client connected: jz
2026/05/28 00:22:56.048763 /Users/noelorin/GOSpeak/packages/server/internal/signal/hub.go:85: [Signal] client disconnected: jz, reason: client namespace disconnect
2026/05/28 00:22:57.046080 /Users/noelorin/GOSpeak/packages/server/internal/signal/hub.go:65: [Signal] client connected: k0
2026/05/28 00:22:57.049100 /Users/noelorin/GOSpeak/packages/server/internal/signal/hub.go:65: [Signal] client connected: k0
2026/05/28 00:22:57.049899 /Users/noelorin/GOSpeak/packages/server/internal/signal/hub.go:85: [Signal] client disconnected: k0, reason: client namespace disconnect
2026/05/28 00:22:59.043898 /Users/noelorin/GOSpeak/packages/server/internal/signal/hub.go:65: [Signal] client connected: k1
2026/05/28 00:22:59.045714 /Users/noelorin/GOSpeak/packages/server/internal/signal/hub.go:65: [Signal] client connected: k1
2026/05/28 00:22:59.046560 /Users/noelorin/GOSpeak/packages/server/internal/signal/hub.go:85: [Signal] client disconnected: k1, reason: client namespace disconnect
2026/05/28 00:23:01.045726 /Users/noelorin/GOSpeak/packages/server/internal/signal/hub.go:65: [Signal] client connected: k2
2026/05/28 00:23:01.048346 /Users/noelorin/GOSpeak/packages/server/internal/signal/hub.go:65: [Signal] client connected: k2
2026/05/28 00:23:01.049246 /Users/noelorin/GOSpeak/packages/server/internal/signal/hub.go:85: [Signal] client disconnected: k2, reason: client namespace disconnect
2026/05/28 00:23:02.044503 /Users/noelorin/GOSpeak/packages/server/internal/signal/hub.go:65: [Signal] client connected: k3
2026/05/28 00:23:02.046895 /Users/noelorin/GOSpeak/packages/server/internal/signal/hub.go:65: [Signal] client connected: k3
2026/05/28 00:23:02.048712 /Users/noelorin/GOSpeak/packages/server/internal/signal/hub.go:85: [Signal] client disconnected: k3, reason: client namespace disconnect
2026/05/28 00:23:03.045201 /Users/noelorin/GOSpeak/packages/server/internal/signal/hub.go:65: [Signal] client connected: k4
2026/05/28 00:23:03.047862 /Users/noelorin/GOSpeak/packages/server/internal/signal/hub.go:65: [Signal] client connected: k4
2026/05/28 00:23:03.048650 /Users/noelorin/GOSpeak/packages/server/internal/signal/hub.go:85: [Signal] client disconnected: k4, reason: client namespace disconnect
2026/05/28 00:23:05.042644 /Users/noelorin/GOSpeak/packages/server/internal/signal/hub.go:65: [Signal] client connected: k5
2026/05/28 00:23:05.044150 /Users/noelorin/GOSpeak/packages/server/internal/signal/hub.go:65: [Signal] client connected: k5
2026/05/28 00:23:05.044718 /Users/noelorin/GOSpeak/packages/server/internal/signal/hub.go:85: [Signal] client disconnected: k5, reason: client namespace disconnect
2026/05/28 00:23:07.045546 /Users/noelorin/GOSpeak/packages/server/internal/signal/hub.go:65: [Signal] client connected: k6
2026/05/28 00:23:07.047479 /Users/noelorin/GOSpeak/packages/server/internal/signal/hub.go:65: [Signal] client connected: k6
2026/05/28 00:23:07.048069 /Users/noelorin/GOSpeak/packages/server/internal/signal/hub.go:85: [Signal] client disconnected: k6, reason: client namespace disconnect
2026/05/28 00:23:08.041534 /Users/noelorin/GOSpeak/packages/server/internal/signal/hub.go:65: [Signal] client connected: k7
2026/05/28 00:23:08.042743 /Users/noelorin/GOSpeak/packages/server/internal/signal/hub.go:65: [Signal] client connected: k7
2026/05/28 00:23:08.043145 /Users/noelorin/GOSpeak/packages/server/internal/signal/hub.go:85: [Signal] client disconnected: k7, reason: client namespace disconnect
2026/05/28 00:23:10.046817 /Users/noelorin/GOSpeak/packages/server/internal/signal/hub.go:65: [Signal] client connected: k8
2026/05/28 00:23:10.051687 /Users/noelorin/GOSpeak/packages/server/internal/signal/hub.go:65: [Signal] client connected: k8
2026/05/28 00:23:10.053259 /Users/noelorin/GOSpeak/packages/server/internal/signal/hub.go:85: [Signal] client disconnected: k8, reason: client namespace disconnect
2026/05/28 00:23:12.045911 /Users/noelorin/GOSpeak/packages/server/internal/signal/hub.go:65: [Signal] client connected: k9
2026/05/28 00:23:12.048473 /Users/noelorin/GOSpeak/packages/server/internal/signal/hub.go:65: [Signal] client connected: k9
2026/05/28 00:23:12.049622 /Users/noelorin/GOSpeak/packages/server/internal/signal/hub.go:85: [Signal] client disconnected: k9, reason: client namespace disconnect
2026/05/28 00:23:14.044325 /Users/noelorin/GOSpeak/packages/server/internal/signal/hub.go:65: [Signal] client connected: ka
2026/05/28 00:23:14.047338 /Users/noelorin/GOSpeak/packages/server/internal/signal/hub.go:65: [Signal] client connected: ka
2026/05/28 00:23:14.048274 /Users/noelorin/GOSpeak/packages/server/internal/signal/hub.go:85: [Signal] client disconnected: ka, reason: client namespace disconnect
2026/05/28 00:23:15.044533 /Users/noelorin/GOSpeak/packages/server/internal/signal/hub.go:65: [Signal] client connected: kb
2026/05/28 00:23:15.047687 /Users/noelorin/GOSpeak/packages/server/internal/signal/hub.go:65: [Signal] client connected: kb
2026/05/28 00:23:15.048788 /Users/noelorin/GOSpeak/packages/server/internal/signal/hub.go:85: [Signal] client disconnected: kb, reason: client namespace disconnect
2026/05/28 00:23:16.045871 /Users/noelorin/GOSpeak/packages/server/internal/signal/hub.go:65: [Signal] client connected: kc
2026/05/28 00:23:16.048435 /Users/noelorin/GOSpeak/packages/server/internal/signal/hub.go:65: [Signal] client connected: kc
2026/05/28 00:23:16.049166 /Users/noelorin/GOSpeak/packages/server/internal/signal/hub.go:85: [Signal] client disconnected: kc, reason: client namespace disconnect
2026/05/28 00:23:18.043570 /Users/noelorin/GOSpeak/packages/server/internal/signal/hub.go:65: [Signal] client connected: kd
2026/05/28 00:23:18.045199 /Users/noelorin/GOSpeak/packages/server/internal/signal/hub.go:65: [Signal] client connected: kd
2026/05/28 00:23:18.045691 /Users/noelorin/GOSpeak/packages/server/internal/signal/hub.go:85: [Signal] client disconnected: kd, reason: client namespace disconnect
2026/05/28 00:23:20.044814 /Users/noelorin/GOSpeak/packages/server/internal/signal/hub.go:65: [Signal] client connected: ke
2026/05/28 00:23:20.047846 /Users/noelorin/GOSpeak/packages/server/internal/signal/hub.go:65: [Signal] client connected: ke
2026/05/28 00:23:20.048739 /Users/noelorin/GOSpeak/packages/server/internal/signal/hub.go:85: [Signal] client disconnected: ke, reason: client namespace disconnect
2026/05/28 00:23:21.055144 /Users/noelorin/GOSpeak/packages/server/internal/signal/hub.go:65: [Signal] client connected: kf
2026/05/28 00:23:21.058017 /Users/noelorin/GOSpeak/packages/server/internal/signal/hub.go:65: [Signal] client connected: kf
2026/05/28 00:23:21.058582 /Users/noelorin/GOSpeak/packages/server/internal/signal/hub.go:85: [Signal] client disconnected: kf, reason: client namespace disconnect
2026/05/28 00:23:23.044655 /Users/noelorin/GOSpeak/packages/server/internal/signal/hub.go:65: [Signal] client connected: kg
2026/05/28 00:23:23.047208 /Users/noelorin/GOSpeak/packages/server/internal/signal/hub.go:65: [Signal] client connected: kg
2026/05/28 00:23:23.048017 /Users/noelorin/GOSpeak/packages/server/internal/signal/hub.go:85: [Signal] client disconnected: kg, reason: client namespace disconnect
2026/05/28 00:23:24.043133 /Users/noelorin/GOSpeak/packages/server/internal/signal/hub.go:65: [Signal] client connected: kh
2026/05/28 00:23:24.046662 /Users/noelorin/GOSpeak/packages/server/internal/signal/hub.go:65: [Signal] client connected: kh
2026/05/28 00:23:24.047894 /Users/noelorin/GOSpeak/packages/server/internal/signal/hub.go:85: [Signal] client disconnected: kh, reason: client namespace disconnect
2026/05/28 00:23:26.043892 /Users/noelorin/GOSpeak/packages/server/internal/signal/hub.go:65: [Signal] client connected: ki
2026/05/28 00:23:26.045833 /Users/noelorin/GOSpeak/packages/server/internal/signal/hub.go:65: [Signal] client connected: ki
2026/05/28 00:23:26.047027 /Users/noelorin/GOSpeak/packages/server/internal/signal/hub.go:85: [Signal] client disconnected: ki, reason: client namespace disconnect
2026/05/28 00:23:27.044022 /Users/noelorin/GOSpeak/packages/server/internal/signal/hub.go:65: [Signal] client connected: kj
2026/05/28 00:23:27.046463 /Users/noelorin/GOSpeak/packages/server/internal/signal/hub.go:65: [Signal] client connected: kj
2026/05/28 00:23:27.047195 /Users/noelorin/GOSpeak/packages/server/internal/signal/hub.go:85: [Signal] client disconnected: kj, reason: client namespace disconnect
2026/05/28 00:23:29.045318 /Users/noelorin/GOSpeak/packages/server/internal/signal/hub.go:65: [Signal] client connected: kk
2026/05/28 00:23:29.047861 /Users/noelorin/GOSpeak/packages/server/internal/signal/hub.go:65: [Signal] client connected: kk
2026/05/28 00:23:29.048631 /Users/noelorin/GOSpeak/packages/server/internal/signal/hub.go:85: [Signal] client disconnected: kk, reason: client namespace disconnect
2026/05/28 00:23:30.044054 /Users/noelorin/GOSpeak/packages/server/internal/signal/hub.go:65: [Signal] client connected: kl
2026/05/28 00:23:30.046203 /Users/noelorin/GOSpeak/packages/server/internal/signal/hub.go:65: [Signal] client connected: kl
2026/05/28 00:23:30.046960 /Users/noelorin/GOSpeak/packages/server/internal/signal/hub.go:85: [Signal] client disconnected: kl, reason: client namespace disconnect
2026/05/28 00:23:31.043852 /Users/noelorin/GOSpeak/packages/server/internal/signal/hub.go:65: [Signal] client connected: km
2026/05/28 00:23:31.046328 /Users/noelorin/GOSpeak/packages/server/internal/signal/hub.go:65: [Signal] client connected: km
2026/05/28 00:23:31.047271 /Users/noelorin/GOSpeak/packages/server/internal/signal/hub.go:85: [Signal] client disconnected: km, reason: client namespace disconnect
2026/05/28 00:23:32.043255 /Users/noelorin/GOSpeak/packages/server/internal/signal/hub.go:65: [Signal] client connected: kn
2026/05/28 00:23:32.045132 /Users/noelorin/GOSpeak/packages/server/internal/signal/hub.go:65: [Signal] client connected: kn
2026/05/28 00:23:32.045934 /Users/noelorin/GOSpeak/packages/server/internal/signal/hub.go:85: [Signal] client disconnected: kn, reason: client namespace disconnect
2026/05/28 00:23:33.043695 /Users/noelorin/GOSpeak/packages/server/internal/signal/hub.go:65: [Signal] client connected: ko
2026/05/28 00:23:33.046166 /Users/noelorin/GOSpeak/packages/server/internal/signal/hub.go:65: [Signal] client connected: ko
2026/05/28 00:23:33.047261 /Users/noelorin/GOSpeak/packages/server/internal/signal/hub.go:85: [Signal] client disconnected: ko, reason: client namespace disconnect
2026/05/28 00:23:35.043300 /Users/noelorin/GOSpeak/packages/server/internal/signal/hub.go:65: [Signal] client connected: kp
2026/05/28 00:23:35.045139 /Users/noelorin/GOSpeak/packages/server/internal/signal/hub.go:65: [Signal] client connected: kp
2026/05/28 00:23:35.046175 /Users/noelorin/GOSpeak/packages/server/internal/signal/hub.go:85: [Signal] client disconnected: kp, reason: client namespace disconnect
2026/05/28 00:23:37.040404 /Users/noelorin/GOSpeak/packages/server/internal/signal/hub.go:65: [Signal] client connected: kq
2026/05/28 00:23:37.042333 /Users/noelorin/GOSpeak/packages/server/internal/signal/hub.go:65: [Signal] client connected: kq
2026/05/28 00:23:37.043016 /Users/noelorin/GOSpeak/packages/server/internal/signal/hub.go:85: [Signal] client disconnected: kq, reason: client namespace disconnect
2026/05/28 00:23:39.043606 /Users/noelorin/GOSpeak/packages/server/internal/signal/hub.go:65: [Signal] client connected: kr
2026/05/28 00:23:39.045831 /Users/noelorin/GOSpeak/packages/server/internal/signal/hub.go:65: [Signal] client connected: kr
2026/05/28 00:23:39.046426 /Users/noelorin/GOSpeak/packages/server/internal/signal/hub.go:85: [Signal] client disconnected: kr, reason: client namespace disconnect
2026/05/28 00:23:41.041915 /Users/noelorin/GOSpeak/packages/server/internal/signal/hub.go:65: [Signal] client connected: ks
2026/05/28 00:23:41.043763 /Users/noelorin/GOSpeak/packages/server/internal/signal/hub.go:65: [Signal] client connected: ks
2026/05/28 00:23:41.044321 /Users/noelorin/GOSpeak/packages/server/internal/signal/hub.go:85: [Signal] client disconnected: ks, reason: client namespace disconnect
2026/05/28 00:23:42.044235 /Users/noelorin/GOSpeak/packages/server/internal/signal/hub.go:65: [Signal] client connected: kt
2026/05/28 00:23:42.046756 /Users/noelorin/GOSpeak/packages/server/internal/signal/hub.go:65: [Signal] client connected: kt
2026/05/28 00:23:42.047638 /Users/noelorin/GOSpeak/packages/server/internal/signal/hub.go:85: [Signal] client disconnected: kt, reason: client namespace disconnect
2026/05/28 00:23:43.043581 /Users/noelorin/GOSpeak/packages/server/internal/signal/hub.go:65: [Signal] client connected: ku
2026/05/28 00:23:43.045657 /Users/noelorin/GOSpeak/packages/server/internal/signal/hub.go:65: [Signal] client connected: ku
2026/05/28 00:23:43.047004 /Users/noelorin/GOSpeak/packages/server/internal/signal/hub.go:85: [Signal] client disconnected: ku, reason: client namespace disconnect
2026/05/28 00:23:45.044907 /Users/noelorin/GOSpeak/packages/server/internal/signal/hub.go:65: [Signal] client connected: kv
2026/05/28 00:23:45.047274 /Users/noelorin/GOSpeak/packages/server/internal/signal/hub.go:65: [Signal] client connected: kv
2026/05/28 00:23:45.047998 /Users/noelorin/GOSpeak/packages/server/internal/signal/hub.go:85: [Signal] client disconnected: kv, reason: client namespace disconnect
2026/05/28 00:23:47.042885 /Users/noelorin/GOSpeak/packages/server/internal/signal/hub.go:65: [Signal] client connected: kw
2026/05/28 00:23:47.044760 /Users/noelorin/GOSpeak/packages/server/internal/signal/hub.go:65: [Signal] client connected: kw
2026/05/28 00:23:47.045660 /Users/noelorin/GOSpeak/packages/server/internal/signal/hub.go:85: [Signal] client disconnected: kw, reason: client namespace disconnect
2026/05/28 00:23:48.042126 /Users/noelorin/GOSpeak/packages/server/internal/signal/hub.go:65: [Signal] client connected: kx
2026/05/28 00:23:48.043847 /Users/noelorin/GOSpeak/packages/server/internal/signal/hub.go:65: [Signal] client connected: kx
2026/05/28 00:23:48.044402 /Users/noelorin/GOSpeak/packages/server/internal/signal/hub.go:85: [Signal] client disconnected: kx, reason: client namespace disconnect
2026/05/28 00:23:50.041714 /Users/noelorin/GOSpeak/packages/server/internal/signal/hub.go:65: [Signal] client connected: ky
2026/05/28 00:23:50.042634 /Users/noelorin/GOSpeak/packages/server/internal/signal/hub.go:65: [Signal] client connected: ky
2026/05/28 00:23:50.043218 /Users/noelorin/GOSpeak/packages/server/internal/signal/hub.go:85: [Signal] client disconnected: ky, reason: client namespace disconnect
2026/05/28 00:23:51.042950 /Users/noelorin/GOSpeak/packages/server/internal/signal/hub.go:65: [Signal] client connected: kz
2026/05/28 00:23:51.044583 /Users/noelorin/GOSpeak/packages/server/internal/signal/hub.go:65: [Signal] client connected: kz
2026/05/28 00:23:51.045212 /Users/noelorin/GOSpeak/packages/server/internal/signal/hub.go:85: [Signal] client disconnected: kz, reason: client namespace disconnect
2026/05/28 00:23:53.046967 /Users/noelorin/GOSpeak/packages/server/internal/signal/hub.go:65: [Signal] client connected: l0
2026/05/28 00:23:53.048441 /Users/noelorin/GOSpeak/packages/server/internal/signal/hub.go:65: [Signal] client connected: l0
2026/05/28 00:23:53.049094 /Users/noelorin/GOSpeak/packages/server/internal/signal/hub.go:85: [Signal] client disconnected: l0, reason: client namespace disconnect
2026/05/28 00:23:54.042693 /Users/noelorin/GOSpeak/packages/server/internal/signal/hub.go:65: [Signal] client connected: l1
2026/05/28 00:23:54.045053 /Users/noelorin/GOSpeak/packages/server/internal/signal/hub.go:65: [Signal] client connected: l1
2026/05/28 00:23:54.045811 /Users/noelorin/GOSpeak/packages/server/internal/signal/hub.go:85: [Signal] client disconnected: l1, reason: client namespace disconnect
2026/05/28 00:23:56.040749 /Users/noelorin/GOSpeak/packages/server/internal/signal/hub.go:65: [Signal] client connected: l2
2026/05/28 00:23:56.042022 /Users/noelorin/GOSpeak/packages/server/internal/signal/hub.go:65: [Signal] client connected: l2
2026/05/28 00:23:56.042423 /Users/noelorin/GOSpeak/packages/server/internal/signal/hub.go:85: [Signal] client disconnected: l2, reason: client namespace disconnect
2026/05/28 00:23:58.042777 /Users/noelorin/GOSpeak/packages/server/internal/signal/hub.go:65: [Signal] client connected: l3
2026/05/28 00:23:58.045468 /Users/noelorin/GOSpeak/packages/server/internal/signal/hub.go:65: [Signal] client connected: l3
2026/05/28 00:23:58.046223 /Users/noelorin/GOSpeak/packages/server/internal/signal/hub.go:85: [Signal] client disconnected: l3, reason: client namespace disconnect
2026/05/28 00:24:00.041999 /Users/noelorin/GOSpeak/packages/server/internal/signal/hub.go:65: [Signal] client connected: l4
2026/05/28 00:24:00.043561 /Users/noelorin/GOSpeak/packages/server/internal/signal/hub.go:65: [Signal] client connected: l4
2026/05/28 00:24:00.043945 /Users/noelorin/GOSpeak/packages/server/internal/signal/hub.go:85: [Signal] client disconnected: l4, reason: client namespace disconnect
2026/05/28 00:24:01.043204 /Users/noelorin/GOSpeak/packages/server/internal/signal/hub.go:65: [Signal] client connected: l5
2026/05/28 00:24:01.046778 /Users/noelorin/GOSpeak/packages/server/internal/signal/hub.go:65: [Signal] client connected: l5
2026/05/28 00:24:01.047622 /Users/noelorin/GOSpeak/packages/server/internal/signal/hub.go:85: [Signal] client disconnected: l5, reason: client namespace disconnect
2026/05/28 00:24:03.043749 /Users/noelorin/GOSpeak/packages/server/internal/signal/hub.go:65: [Signal] client connected: l6
2026/05/28 00:24:03.046405 /Users/noelorin/GOSpeak/packages/server/internal/signal/hub.go:65: [Signal] client connected: l6
2026/05/28 00:24:03.047154 /Users/noelorin/GOSpeak/packages/server/internal/signal/hub.go:85: [Signal] client disconnected: l6, reason: client namespace disconnect
2026/05/28 00:24:05.042818 /Users/noelorin/GOSpeak/packages/server/internal/signal/hub.go:65: [Signal] client connected: l7
2026/05/28 00:24:05.044691 /Users/noelorin/GOSpeak/packages/server/internal/signal/hub.go:65: [Signal] client connected: l7
2026/05/28 00:24:05.045607 /Users/noelorin/GOSpeak/packages/server/internal/signal/hub.go:85: [Signal] client disconnected: l7, reason: client namespace disconnect
2026/05/28 00:24:07.043301 /Users/noelorin/GOSpeak/packages/server/internal/signal/hub.go:65: [Signal] client connected: l8
2026/05/28 00:24:07.045969 /Users/noelorin/GOSpeak/packages/server/internal/signal/hub.go:65: [Signal] client connected: l8
2026/05/28 00:24:07.047523 /Users/noelorin/GOSpeak/packages/server/internal/signal/hub.go:85: [Signal] client disconnected: l8, reason: client namespace disconnect
2026/05/28 00:24:09.042103 /Users/noelorin/GOSpeak/packages/server/internal/signal/hub.go:65: [Signal] client connected: l9
2026/05/28 00:24:09.044666 /Users/noelorin/GOSpeak/packages/server/internal/signal/hub.go:65: [Signal] client connected: l9
2026/05/28 00:24:09.045735 /Users/noelorin/GOSpeak/packages/server/internal/signal/hub.go:85: [Signal] client disconnected: l9, reason: client namespace disconnect
2026/05/28 00:24:10.046006 /Users/noelorin/GOSpeak/packages/server/internal/signal/hub.go:65: [Signal] client connected: la
2026/05/28 00:24:10.050319 /Users/noelorin/GOSpeak/packages/server/internal/signal/hub.go:65: [Signal] client connected: la
2026/05/28 00:24:10.051883 /Users/noelorin/GOSpeak/packages/server/internal/signal/hub.go:85: [Signal] client disconnected: la, reason: client namespace disconnect
2026/05/28 00:24:12.042160 /Users/noelorin/GOSpeak/packages/server/internal/signal/hub.go:65: [Signal] client connected: lb
2026/05/28 00:24:12.044015 /Users/noelorin/GOSpeak/packages/server/internal/signal/hub.go:65: [Signal] client connected: lb
2026/05/28 00:24:12.045233 /Users/noelorin/GOSpeak/packages/server/internal/signal/hub.go:85: [Signal] client disconnected: lb, reason: client namespace disconnect
2026/05/28 00:24:13.044385 /Users/noelorin/GOSpeak/packages/server/internal/signal/hub.go:65: [Signal] client connected: lc
2026/05/28 00:24:13.046778 /Users/noelorin/GOSpeak/packages/server/internal/signal/hub.go:65: [Signal] client connected: lc
2026/05/28 00:24:13.047332 /Users/noelorin/GOSpeak/packages/server/internal/signal/hub.go:85: [Signal] client disconnected: lc, reason: client namespace disconnect
2026/05/28 00:24:14.043093 /Users/noelorin/GOSpeak/packages/server/internal/signal/hub.go:65: [Signal] client connected: ld
2026/05/28 00:24:14.045606 /Users/noelorin/GOSpeak/packages/server/internal/signal/hub.go:65: [Signal] client connected: ld
2026/05/28 00:24:14.046626 /Users/noelorin/GOSpeak/packages/server/internal/signal/hub.go:85: [Signal] client disconnected: ld, reason: client namespace disconnect
2026/05/28 00:24:15.043253 /Users/noelorin/GOSpeak/packages/server/internal/signal/hub.go:65: [Signal] client connected: le
2026/05/28 00:24:15.045924 /Users/noelorin/GOSpeak/packages/server/internal/signal/hub.go:65: [Signal] client connected: le
2026/05/28 00:24:15.046707 /Users/noelorin/GOSpeak/packages/server/internal/signal/hub.go:85: [Signal] client disconnected: le, reason: client namespace disconnect
2026/05/28 00:24:17.043032 /Users/noelorin/GOSpeak/packages/server/internal/signal/hub.go:65: [Signal] client connected: lf
2026/05/28 00:24:17.044974 /Users/noelorin/GOSpeak/packages/server/internal/signal/hub.go:65: [Signal] client connected: lf
2026/05/28 00:24:17.046513 /Users/noelorin/GOSpeak/packages/server/internal/signal/hub.go:85: [Signal] client disconnected: lf, reason: client namespace disconnect
2026/05/28 00:24:18.040315 /Users/noelorin/GOSpeak/packages/server/internal/signal/hub.go:65: [Signal] client connected: lg
2026/05/28 00:24:18.042185 /Users/noelorin/GOSpeak/packages/server/internal/signal/hub.go:65: [Signal] client connected: lg
2026/05/28 00:24:18.043921 /Users/noelorin/GOSpeak/packages/server/internal/signal/hub.go:85: [Signal] client disconnected: lg, reason: client namespace disconnect
2026/05/28 00:24:19.042395 /Users/noelorin/GOSpeak/packages/server/internal/signal/hub.go:65: [Signal] client connected: lh
2026/05/28 00:24:19.044388 /Users/noelorin/GOSpeak/packages/server/internal/signal/hub.go:65: [Signal] client connected: lh
2026/05/28 00:24:19.045542 /Users/noelorin/GOSpeak/packages/server/internal/signal/hub.go:85: [Signal] client disconnected: lh, reason: client namespace disconnect
2026/05/28 00:24:20.043734 /Users/noelorin/GOSpeak/packages/server/internal/signal/hub.go:65: [Signal] client connected: li
2026/05/28 00:24:20.046408 /Users/noelorin/GOSpeak/packages/server/internal/signal/hub.go:65: [Signal] client connected: li
2026/05/28 00:24:20.047038 /Users/noelorin/GOSpeak/packages/server/internal/signal/hub.go:85: [Signal] client disconnected: li, reason: client namespace disconnect
2026/05/28 00:24:21.041013 /Users/noelorin/GOSpeak/packages/server/internal/signal/hub.go:65: [Signal] client connected: lj
2026/05/28 00:24:21.043241 /Users/noelorin/GOSpeak/packages/server/internal/signal/hub.go:65: [Signal] client connected: lj
2026/05/28 00:24:21.044518 /Users/noelorin/GOSpeak/packages/server/internal/signal/hub.go:85: [Signal] client disconnected: lj, reason: client namespace disconnect
2026/05/28 00:24:22.041525 /Users/noelorin/GOSpeak/packages/server/internal/signal/hub.go:65: [Signal] client connected: lk
2026/05/28 00:24:22.043572 /Users/noelorin/GOSpeak/packages/server/internal/signal/hub.go:65: [Signal] client connected: lk
2026/05/28 00:24:22.044381 /Users/noelorin/GOSpeak/packages/server/internal/signal/hub.go:85: [Signal] client disconnected: lk, reason: client namespace disconnect
2026/05/28 00:24:24.040802 /Users/noelorin/GOSpeak/packages/server/internal/signal/hub.go:65: [Signal] client connected: ll
2026/05/28 00:24:24.042332 /Users/noelorin/GOSpeak/packages/server/internal/signal/hub.go:65: [Signal] client connected: ll
2026/05/28 00:24:24.042878 /Users/noelorin/GOSpeak/packages/server/internal/signal/hub.go:85: [Signal] client disconnected: ll, reason: client namespace disconnect
2026/05/28 00:24:26.041760 /Users/noelorin/GOSpeak/packages/server/internal/signal/hub.go:65: [Signal] client connected: lm
2026/05/28 00:24:26.043945 /Users/noelorin/GOSpeak/packages/server/internal/signal/hub.go:65: [Signal] client connected: lm
2026/05/28 00:24:26.044661 /Users/noelorin/GOSpeak/packages/server/internal/signal/hub.go:85: [Signal] client disconnected: lm, reason: client namespace disconnect
2026/05/28 00:24:28.041437 /Users/noelorin/GOSpeak/packages/server/internal/signal/hub.go:65: [Signal] client connected: ln
2026/05/28 00:24:28.043620 /Users/noelorin/GOSpeak/packages/server/internal/signal/hub.go:65: [Signal] client connected: ln
2026/05/28 00:24:28.044793 /Users/noelorin/GOSpeak/packages/server/internal/signal/hub.go:85: [Signal] client disconnected: ln, reason: client namespace disconnect
2026/05/28 00:24:29.040689 /Users/noelorin/GOSpeak/packages/server/internal/signal/hub.go:65: [Signal] client connected: lo
2026/05/28 00:24:29.042644 /Users/noelorin/GOSpeak/packages/server/internal/signal/hub.go:65: [Signal] client connected: lo
2026/05/28 00:24:29.043117 /Users/noelorin/GOSpeak/packages/server/internal/signal/hub.go:85: [Signal] client disconnected: lo, reason: client namespace disconnect
2026/05/28 00:24:31.039945 /Users/noelorin/GOSpeak/packages/server/internal/signal/hub.go:65: [Signal] client connected: lp
2026/05/28 00:24:31.041858 /Users/noelorin/GOSpeak/packages/server/internal/signal/hub.go:65: [Signal] client connected: lp
2026/05/28 00:24:31.042325 /Users/noelorin/GOSpeak/packages/server/internal/signal/hub.go:85: [Signal] client disconnected: lp, reason: client namespace disconnect
2026/05/28 00:24:33.040732 /Users/noelorin/GOSpeak/packages/server/internal/signal/hub.go:65: [Signal] client connected: lq
2026/05/28 00:24:33.043111 /Users/noelorin/GOSpeak/packages/server/internal/signal/hub.go:65: [Signal] client connected: lq
2026/05/28 00:24:33.044025 /Users/noelorin/GOSpeak/packages/server/internal/signal/hub.go:85: [Signal] client disconnected: lq, reason: client namespace disconnect
2026/05/28 00:24:34.041341 /Users/noelorin/GOSpeak/packages/server/internal/signal/hub.go:65: [Signal] client connected: lr
2026/05/28 00:24:34.043688 /Users/noelorin/GOSpeak/packages/server/internal/signal/hub.go:65: [Signal] client connected: lr
2026/05/28 00:24:34.044480 /Users/noelorin/GOSpeak/packages/server/internal/signal/hub.go:85: [Signal] client disconnected: lr, reason: client namespace disconnect
2026/05/28 00:24:35.041240 /Users/noelorin/GOSpeak/packages/server/internal/signal/hub.go:65: [Signal] client connected: ls
2026/05/28 00:24:35.043258 /Users/noelorin/GOSpeak/packages/server/internal/signal/hub.go:65: [Signal] client connected: ls
2026/05/28 00:24:35.044206 /Users/noelorin/GOSpeak/packages/server/internal/signal/hub.go:85: [Signal] client disconnected: ls, reason: client namespace disconnect
2026/05/28 00:24:37.065575 /Users/noelorin/GOSpeak/packages/server/internal/signal/hub.go:65: [Signal] client connected: lt
2026/05/28 00:24:37.070333 /Users/noelorin/GOSpeak/packages/server/internal/signal/hub.go:65: [Signal] client connected: lt
2026/05/28 00:24:37.072776 /Users/noelorin/GOSpeak/packages/server/internal/signal/hub.go:85: [Signal] client disconnected: lt, reason: client namespace disconnect
2026/05/28 00:24:37.867623 /Users/noelorin/GOSpeak/packages/server/internal/signal/hub.go:65: [Signal] client connected: lu
2026/05/28 00:24:37.889032 /Users/noelorin/GOSpeak/packages/server/internal/signal/hub.go:65: [Signal] client connected: lu
2026/05/28 00:24:37.892582 /Users/noelorin/GOSpeak/packages/server/internal/signal/hub.go:85: [Signal] client disconnected: lu, reason: client namespace disconnect
2026/05/28 00:24:38.752563 /Users/noelorin/GOSpeak/packages/server/internal/signal/hub.go:65: [Signal] client connected: lv
2026/05/28 00:24:38.757584 /Users/noelorin/GOSpeak/packages/server/internal/signal/hub.go:65: [Signal] client connected: lv
2026/05/28 00:24:38.758801 /Users/noelorin/GOSpeak/packages/server/internal/signal/hub.go:85: [Signal] client disconnected: lv, reason: client namespace disconnect
2026/05/28 00:24:49.986991 /Users/noelorin/GOSpeak/packages/server/internal/signal/hub.go:65: [Signal] client connected: lw
2026/05/28 00:24:50.014231 /Users/noelorin/GOSpeak/packages/server/internal/signal/hub.go:65: [Signal] client connected: lx
2026/05/28 00:24:50.020397 /Users/noelorin/GOSpeak/packages/server/internal/signal/hub.go:85: [Signal] client disconnected: lw, reason: client namespace disconnect
2026/05/28 00:24:50.046492 /Users/noelorin/GOSpeak/packages/server/internal/signal/hub.go:65: [Signal] client connected: lx
2026/05/28 00:24:50.094710 /Users/noelorin/GOSpeak/packages/server/internal/signal/hub.go:85: [Signal] client disconnected: lx, reason: client namespace disconnect
2026/05/28 00:24:51.359897 /Users/noelorin/GOSpeak/packages/server/internal/signal/hub.go:65: [Signal] client connected: ly
2026/05/28 00:24:51.600905 /Users/noelorin/GOSpeak/packages/server/internal/signal/hub.go:65: [Signal] client connected: ly
2026/05/28 00:24:51.656202 /Users/noelorin/GOSpeak/packages/server/internal/signal/hub.go:85: [Signal] client disconnected: ly, reason: client namespace disconnect
2026/05/28 00:24:52.923477 /Users/noelorin/GOSpeak/packages/server/internal/signal/hub.go:65: [Signal] client connected: lz
2026/05/28 00:24:52.925494 /Users/noelorin/GOSpeak/packages/server/internal/signal/hub.go:65: [Signal] client connected: lz
2026/05/28 00:24:52.926195 /Users/noelorin/GOSpeak/packages/server/internal/signal/hub.go:85: [Signal] client disconnected: lz, reason: client namespace disconnect
2026/05/28 00:24:53.903593 /Users/noelorin/GOSpeak/packages/server/internal/signal/hub.go:65: [Signal] client connected: m0
2026/05/28 00:24:53.905843 /Users/noelorin/GOSpeak/packages/server/internal/signal/hub.go:65: [Signal] client connected: m0
2026/05/28 00:24:53.906667 /Users/noelorin/GOSpeak/packages/server/internal/signal/hub.go:85: [Signal] client disconnected: m0, reason: client namespace disconnect
2026/05/28 00:24:55.011074 /Users/noelorin/GOSpeak/packages/server/internal/signal/hub.go:65: [Signal] client connected: m1
2026/05/28 00:24:55.012616 /Users/noelorin/GOSpeak/packages/server/internal/signal/hub.go:65: [Signal] client connected: m1
2026/05/28 00:24:55.013094 /Users/noelorin/GOSpeak/packages/server/internal/signal/hub.go:85: [Signal] client disconnected: m1, reason: client namespace disconnect
2026/05/28 00:24:55.570307 /Users/noelorin/GOSpeak/packages/server/internal/signal/hub.go:65: [Signal] client connected: m2
2026/05/28 00:24:55.572493 /Users/noelorin/GOSpeak/packages/server/internal/signal/hub.go:65: [Signal] client connected: m2
2026/05/28 00:24:55.573372 /Users/noelorin/GOSpeak/packages/server/internal/signal/hub.go:85: [Signal] client disconnected: m2, reason: client namespace disconnect
2026/05/28 00:24:56.273055 /Users/noelorin/GOSpeak/packages/server/internal/signal/hub.go:65: [Signal] client connected: m3
2026/05/28 00:24:56.275492 /Users/noelorin/GOSpeak/packages/server/internal/signal/hub.go:65: [Signal] client connected: m3
2026/05/28 00:24:56.276084 /Users/noelorin/GOSpeak/packages/server/internal/signal/hub.go:85: [Signal] client disconnected: m3, reason: client namespace disconnect
2026/05/28 00:24:57.249320 /Users/noelorin/GOSpeak/packages/server/internal/signal/hub.go:65: [Signal] client connected: m4
2026/05/28 00:24:57.250972 /Users/noelorin/GOSpeak/packages/server/internal/signal/hub.go:65: [Signal] client connected: m4
2026/05/28 00:24:57.251848 /Users/noelorin/GOSpeak/packages/server/internal/signal/hub.go:85: [Signal] client disconnected: m4, reason: client namespace disconnect
2026/05/28 00:24:58.650213 /Users/noelorin/GOSpeak/packages/server/internal/signal/hub.go:65: [Signal] client connected: m5
2026/05/28 00:24:58.652869 /Users/noelorin/GOSpeak/packages/server/internal/signal/hub.go:65: [Signal] client connected: m5
2026/05/28 00:24:58.653689 /Users/noelorin/GOSpeak/packages/server/internal/signal/hub.go:85: [Signal] client disconnected: m5, reason: client namespace disconnect
2026/05/28 00:24:59.712301 /Users/noelorin/GOSpeak/packages/server/internal/signal/hub.go:65: [Signal] client connected: m6
2026/05/28 00:24:59.714646 /Users/noelorin/GOSpeak/packages/server/internal/signal/hub.go:65: [Signal] client connected: m6
2026/05/28 00:24:59.716028 /Users/noelorin/GOSpeak/packages/server/internal/signal/hub.go:85: [Signal] client disconnected: m6, reason: client namespace disconnect
2026/05/28 00:25:00.616516 /Users/noelorin/GOSpeak/packages/server/internal/signal/hub.go:65: [Signal] client connected: m7
2026/05/28 00:25:00.618474 /Users/noelorin/GOSpeak/packages/server/internal/signal/hub.go:65: [Signal] client connected: m7
2026/05/28 00:25:00.619479 /Users/noelorin/GOSpeak/packages/server/internal/signal/hub.go:85: [Signal] client disconnected: m7, reason: client namespace disconnect
2026/05/28 00:25:01.777811 /Users/noelorin/GOSpeak/packages/server/internal/signal/hub.go:65: [Signal] client connected: m8
2026/05/28 00:25:01.780414 /Users/noelorin/GOSpeak/packages/server/internal/signal/hub.go:65: [Signal] client connected: m8
2026/05/28 00:25:01.781690 /Users/noelorin/GOSpeak/packages/server/internal/signal/hub.go:85: [Signal] client disconnected: m8, reason: client namespace disconnect
2026/05/28 00:25:02.869888 /Users/noelorin/GOSpeak/packages/server/internal/signal/hub.go:65: [Signal] client connected: m9
2026/05/28 00:25:02.872721 /Users/noelorin/GOSpeak/packages/server/internal/signal/hub.go:65: [Signal] client connected: m9
2026/05/28 00:25:02.873493 /Users/noelorin/GOSpeak/packages/server/internal/signal/hub.go:85: [Signal] client disconnected: m9, reason: client namespace disconnect
2026/05/28 00:25:03.533536 /Users/noelorin/GOSpeak/packages/server/internal/signal/hub.go:65: [Signal] client connected: ma
2026/05/28 00:25:03.535798 /Users/noelorin/GOSpeak/packages/server/internal/signal/hub.go:65: [Signal] client connected: ma
2026/05/28 00:25:03.536848 /Users/noelorin/GOSpeak/packages/server/internal/signal/hub.go:85: [Signal] client disconnected: ma, reason: client namespace disconnect
2026/05/28 00:25:04.240220 /Users/noelorin/GOSpeak/packages/server/internal/signal/hub.go:65: [Signal] client connected: mb
2026/05/28 00:25:04.242281 /Users/noelorin/GOSpeak/packages/server/internal/signal/hub.go:65: [Signal] client connected: mb
2026/05/28 00:25:04.243183 /Users/noelorin/GOSpeak/packages/server/internal/signal/hub.go:85: [Signal] client disconnected: mb, reason: client namespace disconnect
2026/05/28 00:25:05.616067 /Users/noelorin/GOSpeak/packages/server/internal/signal/hub.go:65: [Signal] client connected: mc
2026/05/28 00:25:05.618203 /Users/noelorin/GOSpeak/packages/server/internal/signal/hub.go:65: [Signal] client connected: mc
2026/05/28 00:25:05.619120 /Users/noelorin/GOSpeak/packages/server/internal/signal/hub.go:85: [Signal] client disconnected: mc, reason: client namespace disconnect
2026/05/28 00:25:06.617689 /Users/noelorin/GOSpeak/packages/server/internal/signal/hub.go:65: [Signal] client connected: md
2026/05/28 00:25:06.619810 /Users/noelorin/GOSpeak/packages/server/internal/signal/hub.go:65: [Signal] client connected: md
2026/05/28 00:25:06.621490 /Users/noelorin/GOSpeak/packages/server/internal/signal/hub.go:85: [Signal] client disconnected: md, reason: client namespace disconnect
2026/05/28 00:25:08.090578 /Users/noelorin/GOSpeak/packages/server/internal/signal/hub.go:65: [Signal] client connected: me
2026/05/28 00:25:08.091600 /Users/noelorin/GOSpeak/packages/server/internal/signal/hub.go:65: [Signal] client connected: me
2026/05/28 00:25:08.092107 /Users/noelorin/GOSpeak/packages/server/internal/signal/hub.go:85: [Signal] client disconnected: me, reason: client namespace disconnect
2026/05/28 00:25:09.077480 /Users/noelorin/GOSpeak/packages/server/internal/signal/hub.go:65: [Signal] client connected: mf
2026/05/28 00:25:09.080087 /Users/noelorin/GOSpeak/packages/server/internal/signal/hub.go:65: [Signal] client connected: mf
2026/05/28 00:25:09.081765 /Users/noelorin/GOSpeak/packages/server/internal/signal/hub.go:85: [Signal] client disconnected: mf, reason: client namespace disconnect
2026/05/28 00:25:10.368332 /Users/noelorin/GOSpeak/packages/server/internal/signal/hub.go:65: [Signal] client connected: mg
2026/05/28 00:25:10.370185 /Users/noelorin/GOSpeak/packages/server/internal/signal/hub.go:65: [Signal] client connected: mg
2026/05/28 00:25:10.371306 /Users/noelorin/GOSpeak/packages/server/internal/signal/hub.go:85: [Signal] client disconnected: mg, reason: client namespace disconnect
2026/05/28 00:25:11.141395 /Users/noelorin/GOSpeak/packages/server/internal/signal/hub.go:65: [Signal] client connected: mh
2026/05/28 00:25:11.142956 /Users/noelorin/GOSpeak/packages/server/internal/signal/hub.go:65: [Signal] client connected: mh
2026/05/28 00:25:11.143467 /Users/noelorin/GOSpeak/packages/server/internal/signal/hub.go:85: [Signal] client disconnected: mh, reason: client namespace disconnect
2026/05/28 00:25:11.802931 /Users/noelorin/GOSpeak/packages/server/internal/signal/hub.go:65: [Signal] client connected: mi
2026/05/28 00:25:11.806335 /Users/noelorin/GOSpeak/packages/server/internal/signal/hub.go:65: [Signal] client connected: mi
2026/05/28 00:25:11.806785 /Users/noelorin/GOSpeak/packages/server/internal/signal/hub.go:85: [Signal] client disconnected: mi, reason: client namespace disconnect
2026/05/28 00:25:12.976441 /Users/noelorin/GOSpeak/packages/server/internal/signal/hub.go:65: [Signal] client connected: mj
2026/05/28 00:25:12.978401 /Users/noelorin/GOSpeak/packages/server/internal/signal/hub.go:65: [Signal] client connected: mj
2026/05/28 00:25:12.979803 /Users/noelorin/GOSpeak/packages/server/internal/signal/hub.go:85: [Signal] client disconnected: mj, reason: client namespace disconnect
2026/05/28 00:25:14.260450 /Users/noelorin/GOSpeak/packages/server/internal/signal/hub.go:65: [Signal] client connected: mk
2026/05/28 00:25:14.262087 /Users/noelorin/GOSpeak/packages/server/internal/signal/hub.go:65: [Signal] client connected: mk
2026/05/28 00:25:14.262973 /Users/noelorin/GOSpeak/packages/server/internal/signal/hub.go:85: [Signal] client disconnected: mk, reason: client namespace disconnect
2026/05/28 00:25:15.150258 /Users/noelorin/GOSpeak/packages/server/internal/signal/hub.go:65: [Signal] client connected: ml
2026/05/28 00:25:15.152278 /Users/noelorin/GOSpeak/packages/server/internal/signal/hub.go:65: [Signal] client connected: ml
2026/05/28 00:25:15.152749 /Users/noelorin/GOSpeak/packages/server/internal/signal/hub.go:85: [Signal] client disconnected: ml, reason: client namespace disconnect
2026/05/28 00:25:16.358450 /Users/noelorin/GOSpeak/packages/server/internal/signal/hub.go:65: [Signal] client connected: mm
2026/05/28 00:25:16.360266 /Users/noelorin/GOSpeak/packages/server/internal/signal/hub.go:65: [Signal] client connected: mm
2026/05/28 00:25:16.360833 /Users/noelorin/GOSpeak/packages/server/internal/signal/hub.go:85: [Signal] client disconnected: mm, reason: client namespace disconnect
2026/05/28 00:25:17.663542 /Users/noelorin/GOSpeak/packages/server/internal/signal/hub.go:65: [Signal] client connected: mn
2026/05/28 00:25:17.665885 /Users/noelorin/GOSpeak/packages/server/internal/signal/hub.go:65: [Signal] client connected: mn
2026/05/28 00:25:17.667311 /Users/noelorin/GOSpeak/packages/server/internal/signal/hub.go:85: [Signal] client disconnected: mn, reason: client namespace disconnect
2026/05/28 00:25:19.136481 /Users/noelorin/GOSpeak/packages/server/internal/signal/hub.go:65: [Signal] client connected: mo
2026/05/28 00:25:19.139808 /Users/noelorin/GOSpeak/packages/server/internal/signal/hub.go:65: [Signal] client connected: mo
2026/05/28 00:25:19.140657 /Users/noelorin/GOSpeak/packages/server/internal/signal/hub.go:85: [Signal] client disconnected: mo, reason: client namespace disconnect
2026/05/28 00:25:19.939002 /Users/noelorin/GOSpeak/packages/server/internal/signal/hub.go:65: [Signal] client connected: mp
2026/05/28 00:25:19.940952 /Users/noelorin/GOSpeak/packages/server/internal/signal/hub.go:65: [Signal] client connected: mp
2026/05/28 00:25:19.941892 /Users/noelorin/GOSpeak/packages/server/internal/signal/hub.go:85: [Signal] client disconnected: mp, reason: client namespace disconnect
2026/05/28 00:25:20.515839 /Users/noelorin/GOSpeak/packages/server/internal/signal/hub.go:65: [Signal] client connected: mq
2026/05/28 00:25:20.517702 /Users/noelorin/GOSpeak/packages/server/internal/signal/hub.go:65: [Signal] client connected: mq
2026/05/28 00:25:20.518296 /Users/noelorin/GOSpeak/packages/server/internal/signal/hub.go:85: [Signal] client disconnected: mq, reason: client namespace disconnect
2026/05/28 00:25:21.306494 /Users/noelorin/GOSpeak/packages/server/internal/signal/hub.go:65: [Signal] client connected: mr
2026/05/28 00:25:21.309406 /Users/noelorin/GOSpeak/packages/server/internal/signal/hub.go:65: [Signal] client connected: mr
2026/05/28 00:25:21.313581 /Users/noelorin/GOSpeak/packages/server/internal/signal/hub.go:85: [Signal] client disconnected: mr, reason: client namespace disconnect
2026/05/28 00:25:22.118132 /Users/noelorin/GOSpeak/packages/server/internal/signal/hub.go:65: [Signal] client connected: ms
2026/05/28 00:25:22.120521 /Users/noelorin/GOSpeak/packages/server/internal/signal/hub.go:65: [Signal] client connected: ms
2026/05/28 00:25:22.122797 /Users/noelorin/GOSpeak/packages/server/internal/signal/hub.go:85: [Signal] client disconnected: ms, reason: client namespace disconnect
2026/05/28 00:25:23.114842 /Users/noelorin/GOSpeak/packages/server/internal/signal/hub.go:65: [Signal] client connected: mt
2026/05/28 00:25:23.116899 /Users/noelorin/GOSpeak/packages/server/internal/signal/hub.go:65: [Signal] client connected: mt
2026/05/28 00:25:23.117483 /Users/noelorin/GOSpeak/packages/server/internal/signal/hub.go:85: [Signal] client disconnected: mt, reason: client namespace disconnect
2026/05/28 00:25:24.487020 /Users/noelorin/GOSpeak/packages/server/internal/signal/hub.go:65: [Signal] client connected: mu
2026/05/28 00:25:24.489840 /Users/noelorin/GOSpeak/packages/server/internal/signal/hub.go:65: [Signal] client connected: mu
2026/05/28 00:25:24.490326 /Users/noelorin/GOSpeak/packages/server/internal/signal/hub.go:85: [Signal] client disconnected: mu, reason: client namespace disconnect
2026/05/28 00:25:25.497624 /Users/noelorin/GOSpeak/packages/server/internal/signal/hub.go:65: [Signal] client connected: mv
2026/05/28 00:25:25.499665 /Users/noelorin/GOSpeak/packages/server/internal/signal/hub.go:65: [Signal] client connected: mv
2026/05/28 00:25:25.500462 /Users/noelorin/GOSpeak/packages/server/internal/signal/hub.go:85: [Signal] client disconnected: mv, reason: client namespace disconnect
2026/05/28 00:25:26.670353 /Users/noelorin/GOSpeak/packages/server/internal/signal/hub.go:65: [Signal] client connected: mw
2026/05/28 00:25:26.673157 /Users/noelorin/GOSpeak/packages/server/internal/signal/hub.go:65: [Signal] client connected: mw
2026/05/28 00:25:26.673832 /Users/noelorin/GOSpeak/packages/server/internal/signal/hub.go:85: [Signal] client disconnected: mw, reason: client namespace disconnect
2026/05/28 00:25:27.773141 /Users/noelorin/GOSpeak/packages/server/internal/signal/hub.go:65: [Signal] client connected: mx
2026/05/28 00:25:27.775738 /Users/noelorin/GOSpeak/packages/server/internal/signal/hub.go:65: [Signal] client connected: mx
2026/05/28 00:25:27.776542 /Users/noelorin/GOSpeak/packages/server/internal/signal/hub.go:85: [Signal] client disconnected: mx, reason: client namespace disconnect
2026/05/28 00:25:28.340873 /Users/noelorin/GOSpeak/packages/server/internal/signal/hub.go:65: [Signal] client connected: my
2026/05/28 00:25:28.342472 /Users/noelorin/GOSpeak/packages/server/internal/signal/hub.go:65: [Signal] client connected: my
2026/05/28 00:25:28.343038 /Users/noelorin/GOSpeak/packages/server/internal/signal/hub.go:85: [Signal] client disconnected: my, reason: client namespace disconnect
2026/05/28 00:25:29.024564 /Users/noelorin/GOSpeak/packages/server/internal/signal/hub.go:65: [Signal] client connected: mz
2026/05/28 00:25:29.026674 /Users/noelorin/GOSpeak/packages/server/internal/signal/hub.go:65: [Signal] client connected: mz
2026/05/28 00:25:29.027753 /Users/noelorin/GOSpeak/packages/server/internal/signal/hub.go:85: [Signal] client disconnected: mz, reason: client namespace disconnect
2026/05/28 00:25:30.057305 /Users/noelorin/GOSpeak/packages/server/internal/signal/hub.go:65: [Signal] client connected: n0
2026/05/28 00:25:30.059800 /Users/noelorin/GOSpeak/packages/server/internal/signal/hub.go:65: [Signal] client connected: n0
2026/05/28 00:25:30.061546 /Users/noelorin/GOSpeak/packages/server/internal/signal/hub.go:85: [Signal] client disconnected: n0, reason: client namespace disconnect
2026/05/28 00:25:31.056065 /Users/noelorin/GOSpeak/packages/server/internal/signal/hub.go:65: [Signal] client connected: n1
2026/05/28 00:25:31.058489 /Users/noelorin/GOSpeak/packages/server/internal/signal/hub.go:65: [Signal] client connected: n1
2026/05/28 00:25:31.059306 /Users/noelorin/GOSpeak/packages/server/internal/signal/hub.go:85: [Signal] client disconnected: n1, reason: client namespace disconnect
2026/05/28 00:25:32.520199 /Users/noelorin/GOSpeak/packages/server/internal/signal/hub.go:65: [Signal] client connected: n2
2026/05/28 00:25:32.524464 /Users/noelorin/GOSpeak/packages/server/internal/signal/hub.go:65: [Signal] client connected: n2
2026/05/28 00:25:32.526444 /Users/noelorin/GOSpeak/packages/server/internal/signal/hub.go:85: [Signal] client disconnected: n2, reason: client namespace disconnect
2026/05/28 00:25:33.502917 /Users/noelorin/GOSpeak/packages/server/internal/signal/hub.go:65: [Signal] client connected: n3
2026/05/28 00:25:33.503666 /Users/noelorin/GOSpeak/packages/server/internal/signal/hub.go:65: [Signal] client connected: n3
2026/05/28 00:25:33.505297 /Users/noelorin/GOSpeak/packages/server/internal/signal/hub.go:85: [Signal] client disconnected: n3, reason: client namespace disconnect
2026/05/28 00:25:34.381299 /Users/noelorin/GOSpeak/packages/server/internal/signal/hub.go:65: [Signal] client connected: n4
2026/05/28 00:25:34.383923 /Users/noelorin/GOSpeak/packages/server/internal/signal/hub.go:65: [Signal] client connected: n4
2026/05/28 00:25:34.384677 /Users/noelorin/GOSpeak/packages/server/internal/signal/hub.go:85: [Signal] client disconnected: n4, reason: client namespace disconnect
2026/05/28 00:25:34.976284 /Users/noelorin/GOSpeak/packages/server/internal/signal/hub.go:65: [Signal] client connected: n5
2026/05/28 00:25:34.981802 /Users/noelorin/GOSpeak/packages/server/internal/signal/hub.go:65: [Signal] client connected: n5
2026/05/28 00:25:34.982916 /Users/noelorin/GOSpeak/packages/server/internal/signal/hub.go:85: [Signal] client disconnected: n5, reason: client namespace disconnect
2026/05/28 00:25:35.554777 /Users/noelorin/GOSpeak/packages/server/internal/signal/hub.go:65: [Signal] client connected: n6
2026/05/28 00:25:35.557191 /Users/noelorin/GOSpeak/packages/server/internal/signal/hub.go:65: [Signal] client connected: n6
2026/05/28 00:25:35.559155 /Users/noelorin/GOSpeak/packages/server/internal/signal/hub.go:85: [Signal] client disconnected: n6, reason: client namespace disconnect
2026/05/28 00:25:36.243079 /Users/noelorin/GOSpeak/packages/server/internal/signal/hub.go:65: [Signal] client connected: n7
2026/05/28 00:25:36.244862 /Users/noelorin/GOSpeak/packages/server/internal/signal/hub.go:65: [Signal] client connected: n7
2026/05/28 00:25:36.245727 /Users/noelorin/GOSpeak/packages/server/internal/signal/hub.go:85: [Signal] client disconnected: n7, reason: client namespace disconnect
2026/05/28 00:25:36.945662 /Users/noelorin/GOSpeak/packages/server/internal/signal/hub.go:65: [Signal] client connected: n8
2026/05/28 00:25:36.947143 /Users/noelorin/GOSpeak/packages/server/internal/signal/hub.go:65: [Signal] client connected: n8
2026/05/28 00:25:36.949142 /Users/noelorin/GOSpeak/packages/server/internal/signal/hub.go:85: [Signal] client disconnected: n8, reason: client namespace disconnect
2026/05/28 00:25:37.945007 /Users/noelorin/GOSpeak/packages/server/internal/signal/hub.go:65: [Signal] client connected: n9
2026/05/28 00:25:37.984067 /Users/noelorin/GOSpeak/packages/server/internal/signal/hub.go:85: [Signal] client disconnected: n9, reason: client namespace disconnect
2026/05/28 00:25:40.168162 /Users/noelorin/GOSpeak/packages/server/internal/signal/hub.go:65: [Signal] client connected: na
2026/05/28 00:25:40.361602 /Users/noelorin/GOSpeak/packages/server/internal/signal/hub.go:65: [Signal] client connected: nb
2026/05/28 00:25:40.368989 /Users/noelorin/GOSpeak/packages/server/internal/signal/hub.go:85: [Signal] client disconnected: na, reason: client namespace disconnect
2026/05/28 00:25:40.377137 /Users/noelorin/GOSpeak/packages/server/internal/signal/hub.go:65: [Signal] client connected: nb
2026/05/28 00:25:40.388686 /Users/noelorin/GOSpeak/packages/server/internal/signal/hub.go:85: [Signal] client disconnected: nb, reason: client namespace disconnect
2026/05/28 00:25:41.245889 /Users/noelorin/GOSpeak/packages/server/internal/signal/hub.go:65: [Signal] client connected: nc
2026/05/28 00:25:41.246091 /Users/noelorin/GOSpeak/packages/server/internal/signal/hub.go:65: [Signal] client connected: nc
2026/05/28 00:25:41.251338 /Users/noelorin/GOSpeak/packages/server/internal/signal/hub.go:85: [Signal] client disconnected: nc, reason: client namespace disconnect
2026/05/28 00:25:42.139064 /Users/noelorin/GOSpeak/packages/server/internal/signal/hub.go:65: [Signal] client connected: nd
2026/05/28 00:25:42.152433 /Users/noelorin/GOSpeak/packages/server/internal/signal/hub.go:65: [Signal] client connected: nd
2026/05/28 00:25:42.159136 /Users/noelorin/GOSpeak/packages/server/internal/signal/hub.go:85: [Signal] client disconnected: nd, reason: client namespace disconnect
2026/05/28 00:25:43.599440 /Users/noelorin/GOSpeak/packages/server/internal/signal/hub.go:65: [Signal] client connected: ne
2026/05/28 00:25:43.607626 /Users/noelorin/GOSpeak/packages/server/internal/signal/hub.go:65: [Signal] client connected: ne
2026/05/28 00:25:43.609321 /Users/noelorin/GOSpeak/packages/server/internal/signal/hub.go:85: [Signal] client disconnected: ne, reason: client namespace disconnect
2026/05/28 00:25:44.185271 /Users/noelorin/GOSpeak/packages/server/internal/signal/hub.go:65: [Signal] client connected: nf
2026/05/28 00:25:44.186445 /Users/noelorin/GOSpeak/packages/server/internal/signal/hub.go:65: [Signal] client connected: nf
2026/05/28 00:25:44.190536 /Users/noelorin/GOSpeak/packages/server/internal/signal/hub.go:85: [Signal] client disconnected: nf, reason: client namespace disconnect
2026/05/28 00:25:44.598641 /Users/noelorin/GOSpeak/packages/server/internal/signal/hub.go:65: [Signal] client connected: ng
2026/05/28 00:25:44.607675 /Users/noelorin/GOSpeak/packages/server/internal/signal/hub.go:65: [Signal] client connected: ng
2026/05/28 00:25:44.623600 /Users/noelorin/GOSpeak/packages/server/internal/signal/hub.go:85: [Signal] client disconnected: ng, reason: client namespace disconnect
2026/05/28 00:25:45.283375 /Users/noelorin/GOSpeak/packages/server/internal/signal/hub.go:65: [Signal] client connected: nh
2026/05/28 00:25:45.290104 /Users/noelorin/GOSpeak/packages/server/internal/signal/hub.go:85: [Signal] client disconnected: nh, reason: client namespace disconnect
2026/05/28 00:25:45.299266 /Users/noelorin/GOSpeak/packages/server/internal/signal/hub.go:65: [Signal] client connected: ni
2026/05/28 00:25:45.302985 /Users/noelorin/GOSpeak/packages/server/internal/signal/hub.go:65: [Signal] client connected: ni
2026/05/28 00:25:45.308387 /Users/noelorin/GOSpeak/packages/server/internal/signal/hub.go:85: [Signal] client disconnected: ni, reason: client namespace disconnect
2026/05/28 00:25:45.392236 /Users/noelorin/GOSpeak/packages/server/internal/signal/hub.go:65: [Signal] client connected: nj
2026/05/28 00:25:45.394574 /Users/noelorin/GOSpeak/packages/server/internal/signal/hub.go:65: [Signal] client connected: nj
2026/05/28 00:25:45.396114 /Users/noelorin/GOSpeak/packages/server/internal/signal/hub.go:85: [Signal] client disconnected: nj, reason: client namespace disconnect
2026/05/28 00:25:45.709338 /Users/noelorin/GOSpeak/packages/server/internal/signal/hub.go:65: [Signal] client connected: nk
2026/05/28 00:25:45.712787 /Users/noelorin/GOSpeak/packages/server/internal/signal/hub.go:65: [Signal] client connected: nk
2026/05/28 00:25:45.714426 /Users/noelorin/GOSpeak/packages/server/internal/signal/hub.go:85: [Signal] client disconnected: nk, reason: client namespace disconnect
2026/05/28 00:25:45.892648 /Users/noelorin/GOSpeak/packages/server/internal/signal/hub.go:65: [Signal] client connected: nl
2026/05/28 00:25:45.900180 /Users/noelorin/GOSpeak/packages/server/internal/signal/hub.go:65: [Signal] client connected: nl
2026/05/28 00:25:45.903269 /Users/noelorin/GOSpeak/packages/server/internal/signal/hub.go:85: [Signal] client disconnected: nl, reason: client namespace disconnect
2026/05/28 00:25:46.778006 /Users/noelorin/GOSpeak/packages/server/internal/signal/hub.go:65: [Signal] client connected: nm
2026/05/28 00:25:46.784461 /Users/noelorin/GOSpeak/packages/server/internal/signal/hub.go:65: [Signal] client connected: nm
2026/05/28 00:25:46.789710 /Users/noelorin/GOSpeak/packages/server/internal/signal/hub.go:85: [Signal] client disconnected: nm, reason: client namespace disconnect
2026/05/28 00:25:46.873231 /Users/noelorin/GOSpeak/packages/server/internal/signal/hub.go:65: [Signal] client connected: nn
2026/05/28 00:25:46.875202 /Users/noelorin/GOSpeak/packages/server/internal/signal/hub.go:65: [Signal] client connected: nn
2026/05/28 00:25:46.876079 /Users/noelorin/GOSpeak/packages/server/internal/signal/hub.go:85: [Signal] client disconnected: nn, reason: client namespace disconnect
2026/05/28 00:25:47.097502 /Users/noelorin/GOSpeak/packages/server/internal/signal/hub.go:65: [Signal] client connected: no
2026/05/28 00:25:47.098518 /Users/noelorin/GOSpeak/packages/server/internal/signal/hub.go:65: [Signal] client connected: no
2026/05/28 00:25:47.099669 /Users/noelorin/GOSpeak/packages/server/internal/signal/hub.go:85: [Signal] client disconnected: no, reason: client namespace disconnect
2026/05/28 00:25:47.768661 /Users/noelorin/GOSpeak/packages/server/internal/signal/hub.go:65: [Signal] client connected: np
2026/05/28 00:25:47.773877 /Users/noelorin/GOSpeak/packages/server/internal/signal/hub.go:65: [Signal] client connected: np
2026/05/28 00:25:47.776789 /Users/noelorin/GOSpeak/packages/server/internal/signal/hub.go:85: [Signal] client disconnected: np, reason: client namespace disconnect
2026/05/28 00:25:48.080351 /Users/noelorin/GOSpeak/packages/server/internal/signal/hub.go:65: [Signal] client connected: nq
2026/05/28 00:25:48.092738 /Users/noelorin/GOSpeak/packages/server/internal/signal/hub.go:65: [Signal] client connected: nq
2026/05/28 00:25:48.099687 /Users/noelorin/GOSpeak/packages/server/internal/signal/hub.go:85: [Signal] client disconnected: nq, reason: client namespace disconnect
2026/05/28 00:25:48.184096 /Users/noelorin/GOSpeak/packages/server/internal/signal/hub.go:65: [Signal] client connected: nr
2026/05/28 00:25:48.189427 /Users/noelorin/GOSpeak/packages/server/internal/signal/hub.go:65: [Signal] client connected: nr
2026/05/28 00:25:48.192682 /Users/noelorin/GOSpeak/packages/server/internal/signal/hub.go:85: [Signal] client disconnected: nr, reason: client namespace disconnect
2026/05/28 00:25:48.344118 /Users/noelorin/GOSpeak/packages/server/internal/signal/hub.go:65: [Signal] client connected: ns
2026/05/28 00:25:48.344235 /Users/noelorin/GOSpeak/packages/server/internal/signal/hub.go:65: [Signal] client connected: ns
2026/05/28 00:25:48.351762 /Users/noelorin/GOSpeak/packages/server/internal/signal/hub.go:85: [Signal] client disconnected: ns, reason: client namespace disconnect
2026/05/28 00:25:48.872361 /Users/noelorin/GOSpeak/packages/server/internal/signal/hub.go:65: [Signal] client connected: nt
2026/05/28 00:25:48.885679 /Users/noelorin/GOSpeak/packages/server/internal/signal/hub.go:65: [Signal] client connected: nu
2026/05/28 00:25:48.915117 /Users/noelorin/GOSpeak/packages/server/internal/signal/hub.go:65: [Signal] client connected: nu
2026/05/28 00:25:48.915330 /Users/noelorin/GOSpeak/packages/server/internal/signal/hub.go:85: [Signal] client disconnected: nt, reason: client namespace disconnect
2026/05/28 00:25:48.916442 /Users/noelorin/GOSpeak/packages/server/internal/signal/hub.go:85: [Signal] client disconnected: nu, reason: client namespace disconnect
2026/05/28 00:25:49.273419 /Users/noelorin/GOSpeak/packages/server/internal/signal/hub.go:65: [Signal] client connected: nv
2026/05/28 00:25:49.278214 /Users/noelorin/GOSpeak/packages/server/internal/signal/hub.go:65: [Signal] client connected: nv
2026/05/28 00:25:49.280555 /Users/noelorin/GOSpeak/packages/server/internal/signal/hub.go:85: [Signal] client disconnected: nv, reason: client namespace disconnect
2026/05/28 00:25:49.305556 /Users/noelorin/GOSpeak/packages/server/internal/signal/hub.go:65: [Signal] client connected: nw
2026/05/28 00:25:49.311125 /Users/noelorin/GOSpeak/packages/server/internal/signal/hub.go:65: [Signal] client connected: nw
2026/05/28 00:25:49.314175 /Users/noelorin/GOSpeak/packages/server/internal/signal/hub.go:85: [Signal] client disconnected: nw, reason: client namespace disconnect
2026/05/28 00:25:49.419027 /Users/noelorin/GOSpeak/packages/server/internal/signal/hub.go:65: [Signal] client connected: nx
2026/05/28 00:25:49.425200 /Users/noelorin/GOSpeak/packages/server/internal/signal/hub.go:65: [Signal] client connected: nx
2026/05/28 00:25:49.432168 /Users/noelorin/GOSpeak/packages/server/internal/signal/hub.go:85: [Signal] client disconnected: nx, reason: client namespace disconnect
2026/05/28 00:25:49.692301 /Users/noelorin/GOSpeak/packages/server/internal/signal/hub.go:65: [Signal] client connected: ny
2026/05/28 00:25:49.698644 /Users/noelorin/GOSpeak/packages/server/internal/signal/hub.go:65: [Signal] client connected: ny
2026/05/28 00:25:49.725503 /Users/noelorin/GOSpeak/packages/server/internal/signal/hub.go:85: [Signal] client disconnected: ny, reason: client namespace disconnect
2026/05/28 00:25:50.359851 /Users/noelorin/GOSpeak/packages/server/internal/signal/hub.go:65: [Signal] client connected: nz
2026/05/28 00:25:50.388699 /Users/noelorin/GOSpeak/packages/server/internal/signal/hub.go:65: [Signal] client connected: nz
2026/05/28 00:25:50.390355 /Users/noelorin/GOSpeak/packages/server/internal/signal/hub.go:85: [Signal] client disconnected: nz, reason: client namespace disconnect
2026/05/28 00:25:50.627188 /Users/noelorin/GOSpeak/packages/server/internal/signal/hub.go:65: [Signal] client connected: o0
2026/05/28 00:25:50.630272 /Users/noelorin/GOSpeak/packages/server/internal/signal/hub.go:65: [Signal] client connected: o0
2026/05/28 00:25:50.632968 /Users/noelorin/GOSpeak/packages/server/internal/signal/hub.go:85: [Signal] client disconnected: o0, reason: client namespace disconnect
2026/05/28 00:25:50.669709 /Users/noelorin/GOSpeak/packages/server/internal/signal/hub.go:65: [Signal] client connected: o1
2026/05/28 00:25:50.674661 /Users/noelorin/GOSpeak/packages/server/internal/signal/hub.go:65: [Signal] client connected: o1
2026/05/28 00:25:50.676381 /Users/noelorin/GOSpeak/packages/server/internal/signal/hub.go:85: [Signal] client disconnected: o1, reason: client namespace disconnect
2026/05/28 00:25:50.715102 /Users/noelorin/GOSpeak/packages/server/internal/signal/hub.go:65: [Signal] client connected: o2
2026/05/28 00:25:50.717139 /Users/noelorin/GOSpeak/packages/server/internal/signal/hub.go:65: [Signal] client connected: o2
2026/05/28 00:25:50.718386 /Users/noelorin/GOSpeak/packages/server/internal/signal/hub.go:85: [Signal] client disconnected: o2, reason: client namespace disconnect
2026/05/28 00:25:51.278635 /Users/noelorin/GOSpeak/packages/server/internal/signal/hub.go:65: [Signal] client connected: o3
2026/05/28 00:25:51.282102 /Users/noelorin/GOSpeak/packages/server/internal/signal/hub.go:65: [Signal] client connected: o3
2026/05/28 00:25:51.283482 /Users/noelorin/GOSpeak/packages/server/internal/signal/hub.go:85: [Signal] client disconnected: o3, reason: client namespace disconnect
2026/05/28 00:25:51.719219 /Users/noelorin/GOSpeak/packages/server/internal/signal/hub.go:65: [Signal] client connected: o4
2026/05/28 00:25:51.724219 /Users/noelorin/GOSpeak/packages/server/internal/signal/hub.go:65: [Signal] client connected: o4
2026/05/28 00:25:51.728356 /Users/noelorin/GOSpeak/packages/server/internal/signal/hub.go:85: [Signal] client disconnected: o4, reason: client namespace disconnect
2026/05/28 00:25:51.826050 /Users/noelorin/GOSpeak/packages/server/internal/signal/hub.go:65: [Signal] client connected: o5
2026/05/28 00:25:51.832168 /Users/noelorin/GOSpeak/packages/server/internal/signal/hub.go:65: [Signal] client connected: o5
2026/05/28 00:25:51.834372 /Users/noelorin/GOSpeak/packages/server/internal/signal/hub.go:85: [Signal] client disconnected: o5, reason: client namespace disconnect
2026/05/28 00:25:51.941051 /Users/noelorin/GOSpeak/packages/server/internal/signal/hub.go:65: [Signal] client connected: o6
2026/05/28 00:25:51.944015 /Users/noelorin/GOSpeak/packages/server/internal/signal/hub.go:65: [Signal] client connected: o6
2026/05/28 00:25:51.945264 /Users/noelorin/GOSpeak/packages/server/internal/signal/hub.go:85: [Signal] client disconnected: o6, reason: client namespace disconnect
2026/05/28 00:25:52.285891 /Users/noelorin/GOSpeak/packages/server/internal/signal/hub.go:65: [Signal] client connected: o7
2026/05/28 00:25:52.289022 /Users/noelorin/GOSpeak/packages/server/internal/signal/hub.go:65: [Signal] client connected: o7
2026/05/28 00:25:52.290296 /Users/noelorin/GOSpeak/packages/server/internal/signal/hub.go:85: [Signal] client disconnected: o7, reason: client namespace disconnect
2026/05/28 00:25:52.784930 /Users/noelorin/GOSpeak/packages/server/internal/signal/hub.go:65: [Signal] client connected: o8
2026/05/28 00:25:52.790186 /Users/noelorin/GOSpeak/packages/server/internal/signal/hub.go:65: [Signal] client connected: o8
2026/05/28 00:25:52.792423 /Users/noelorin/GOSpeak/packages/server/internal/signal/hub.go:85: [Signal] client disconnected: o8, reason: client namespace disconnect
2026/05/28 00:25:52.814816 /Users/noelorin/GOSpeak/packages/server/internal/signal/hub.go:65: [Signal] client connected: o9
2026/05/28 00:25:52.818831 /Users/noelorin/GOSpeak/packages/server/internal/signal/hub.go:65: [Signal] client connected: o9
2026/05/28 00:25:52.822633 /Users/noelorin/GOSpeak/packages/server/internal/signal/hub.go:85: [Signal] client disconnected: o9, reason: client namespace disconnect
2026/05/28 00:25:53.135307 /Users/noelorin/GOSpeak/packages/server/internal/signal/hub.go:65: [Signal] client connected: oa
2026/05/28 00:25:53.139698 /Users/noelorin/GOSpeak/packages/server/internal/signal/hub.go:65: [Signal] client connected: oa
2026/05/28 00:25:53.150051 /Users/noelorin/GOSpeak/packages/server/internal/signal/hub.go:85: [Signal] client disconnected: oa, reason: client namespace disconnect
2026/05/28 00:25:53.814635 /Users/noelorin/GOSpeak/packages/server/internal/signal/hub.go:65: [Signal] client connected: ob
2026/05/28 00:25:53.836425 /Users/noelorin/GOSpeak/packages/server/internal/signal/hub.go:65: [Signal] client connected: ob
2026/05/28 00:25:53.842161 /Users/noelorin/GOSpeak/packages/server/internal/signal/hub.go:85: [Signal] client disconnected: ob, reason: client namespace disconnect
2026/05/28 00:25:53.968993 /Users/noelorin/GOSpeak/packages/server/internal/signal/hub.go:65: [Signal] client connected: oc
2026/05/28 00:25:53.972199 /Users/noelorin/GOSpeak/packages/server/internal/signal/hub.go:65: [Signal] client connected: oc
2026/05/28 00:25:53.973655 /Users/noelorin/GOSpeak/packages/server/internal/signal/hub.go:85: [Signal] client disconnected: oc, reason: client namespace disconnect
2026/05/28 00:25:55.838032 /Users/noelorin/GOSpeak/packages/server/internal/signal/hub.go:65: [Signal] client connected: od
2026/05/28 00:25:55.869624 /Users/noelorin/GOSpeak/packages/server/internal/signal/hub.go:85: [Signal] client disconnected: od, reason: client namespace disconnect
2026/05/28 00:25:55.874755 /Users/noelorin/GOSpeak/packages/server/internal/signal/hub.go:65: [Signal] client connected: oe
2026/05/28 00:25:55.891604 /Users/noelorin/GOSpeak/packages/server/internal/signal/hub.go:65: [Signal] client connected: oe
2026/05/28 00:25:55.899860 /Users/noelorin/GOSpeak/packages/server/internal/signal/hub.go:85: [Signal] client disconnected: oe, reason: client namespace disconnect
2026/05/28 00:25:57.158730 /Users/noelorin/GOSpeak/packages/server/internal/signal/hub.go:65: [Signal] client connected: of
2026/05/28 00:25:57.163479 /Users/noelorin/GOSpeak/packages/server/internal/signal/hub.go:65: [Signal] client connected: of
2026/05/28 00:25:57.166649 /Users/noelorin/GOSpeak/packages/server/internal/signal/hub.go:85: [Signal] client disconnected: of, reason: client namespace disconnect
2026/05/28 00:25:58.159047 /Users/noelorin/GOSpeak/packages/server/internal/signal/hub.go:65: [Signal] client connected: og
2026/05/28 00:25:58.163045 /Users/noelorin/GOSpeak/packages/server/internal/signal/hub.go:65: [Signal] client connected: og
2026/05/28 00:25:58.165170 /Users/noelorin/GOSpeak/packages/server/internal/signal/hub.go:85: [Signal] client disconnected: og, reason: client namespace disconnect
2026/05/28 00:25:58.836088 /Users/noelorin/GOSpeak/packages/server/internal/signal/hub.go:65: [Signal] client connected: oh
2026/05/28 00:25:58.838631 /Users/noelorin/GOSpeak/packages/server/internal/signal/hub.go:65: [Signal] client connected: oh
2026/05/28 00:25:58.839541 /Users/noelorin/GOSpeak/packages/server/internal/signal/hub.go:85: [Signal] client disconnected: oh, reason: client namespace disconnect
2026/05/28 00:25:59.999177 /Users/noelorin/GOSpeak/packages/server/internal/signal/hub.go:65: [Signal] client connected: oi
2026/05/28 00:26:00.000426 /Users/noelorin/GOSpeak/packages/server/internal/signal/hub.go:65: [Signal] client connected: oi
2026/05/28 00:26:00.242533 /Users/noelorin/GOSpeak/packages/server/internal/signal/hub.go:85: [Signal] client disconnected: oi, reason: client namespace disconnect
2026/05/28 00:26:01.010185 /Users/noelorin/GOSpeak/packages/server/internal/signal/hub.go:65: [Signal] client connected: oj
2026/05/28 00:26:01.059232 /Users/noelorin/GOSpeak/packages/server/internal/signal/hub.go:65: [Signal] client connected: oj
2026/05/28 00:26:01.060409 /Users/noelorin/GOSpeak/packages/server/internal/signal/hub.go:85: [Signal] client disconnected: oj, reason: client namespace disconnect
2026/05/28 00:26:02.259101 /Users/noelorin/GOSpeak/packages/server/internal/signal/hub.go:65: [Signal] client connected: ok
2026/05/28 00:26:02.290708 /Users/noelorin/GOSpeak/packages/server/internal/signal/hub.go:65: [Signal] client connected: ok
2026/05/28 00:26:02.294546 /Users/noelorin/GOSpeak/packages/server/internal/signal/hub.go:85: [Signal] client disconnected: ok, reason: client namespace disconnect
2026/05/28 00:26:03.581273 /Users/noelorin/GOSpeak/packages/server/internal/signal/hub.go:65: [Signal] client connected: ol
2026/05/28 00:26:03.587375 /Users/noelorin/GOSpeak/packages/server/internal/signal/hub.go:65: [Signal] client connected: ol
2026/05/28 00:26:03.592668 /Users/noelorin/GOSpeak/packages/server/internal/signal/hub.go:85: [Signal] client disconnected: ol, reason: client namespace disconnect
2026/05/28 00:26:04.382808 /Users/noelorin/GOSpeak/packages/server/internal/signal/hub.go:65: [Signal] client connected: om
2026/05/28 00:26:04.385870 /Users/noelorin/GOSpeak/packages/server/internal/signal/hub.go:65: [Signal] client connected: om
2026/05/28 00:26:04.389633 /Users/noelorin/GOSpeak/packages/server/internal/signal/hub.go:85: [Signal] client disconnected: om, reason: client namespace disconnect
2026/05/28 00:26:05.263443 /Users/noelorin/GOSpeak/packages/server/internal/signal/hub.go:65: [Signal] client connected: on
2026/05/28 00:26:05.265891 /Users/noelorin/GOSpeak/packages/server/internal/signal/hub.go:65: [Signal] client connected: on
2026/05/28 00:26:05.267206 /Users/noelorin/GOSpeak/packages/server/internal/signal/hub.go:85: [Signal] client disconnected: on, reason: client namespace disconnect
2026/05/28 00:26:06.628853 /Users/noelorin/GOSpeak/packages/server/internal/signal/hub.go:65: [Signal] client connected: oo
2026/05/28 00:26:06.630955 /Users/noelorin/GOSpeak/packages/server/internal/signal/hub.go:65: [Signal] client connected: oo
2026/05/28 00:26:06.631693 /Users/noelorin/GOSpeak/packages/server/internal/signal/hub.go:85: [Signal] client disconnected: oo, reason: client namespace disconnect
2026/05/28 00:26:07.491489 /Users/noelorin/GOSpeak/packages/server/internal/signal/hub.go:65: [Signal] client connected: op
2026/05/28 00:26:07.494868 /Users/noelorin/GOSpeak/packages/server/internal/signal/hub.go:65: [Signal] client connected: op
2026/05/28 00:26:07.496008 /Users/noelorin/GOSpeak/packages/server/internal/signal/hub.go:85: [Signal] client disconnected: op, reason: client namespace disconnect
2026/05/28 00:26:08.665562 /Users/noelorin/GOSpeak/packages/server/internal/signal/hub.go:65: [Signal] client connected: oq
2026/05/28 00:26:08.667515 /Users/noelorin/GOSpeak/packages/server/internal/signal/hub.go:65: [Signal] client connected: oq
2026/05/28 00:26:08.668602 /Users/noelorin/GOSpeak/packages/server/internal/signal/hub.go:85: [Signal] client disconnected: oq, reason: client namespace disconnect
2026/05/28 00:26:09.362798 /Users/noelorin/GOSpeak/packages/server/internal/signal/hub.go:65: [Signal] client connected: or
2026/05/28 00:26:09.364978 /Users/noelorin/GOSpeak/packages/server/internal/signal/hub.go:65: [Signal] client connected: or
2026/05/28 00:26:09.366443 /Users/noelorin/GOSpeak/packages/server/internal/signal/hub.go:85: [Signal] client disconnected: or, reason: client namespace disconnect
2026/05/28 00:26:13.231265 /Users/noelorin/GOSpeak/packages/server/internal/signal/hub.go:65: [Signal] client connected: 1
2026/05/28 00:26:13.232041 /Users/noelorin/GOSpeak/packages/server/internal/signal/hub.go:65: [Signal] client connected: 1
2026/05/28 00:26:13.232771 /Users/noelorin/GOSpeak/packages/server/internal/signal/hub.go:85: [Signal] client disconnected: 1, reason: client namespace disconnect
2026/05/28 00:26:14.214116 /Users/noelorin/GOSpeak/packages/server/internal/signal/hub.go:65: [Signal] client connected: 2
2026/05/28 00:26:14.215363 /Users/noelorin/GOSpeak/packages/server/internal/signal/hub.go:65: [Signal] client connected: 2
2026/05/28 00:26:14.215965 /Users/noelorin/GOSpeak/packages/server/internal/signal/hub.go:85: [Signal] client disconnected: 2, reason: client namespace disconnect
2026/05/28 00:26:16.036903 /Users/noelorin/GOSpeak/packages/server/internal/signal/hub.go:65: [Signal] client connected: 3
2026/05/28 00:26:16.039154 /Users/noelorin/GOSpeak/packages/server/internal/signal/hub.go:65: [Signal] client connected: 3
2026/05/28 00:26:16.039933 /Users/noelorin/GOSpeak/packages/server/internal/signal/hub.go:85: [Signal] client disconnected: 3, reason: client namespace disconnect
2026/05/28 00:26:18.055039 /Users/noelorin/GOSpeak/packages/server/internal/signal/hub.go:65: [Signal] client connected: 4
2026/05/28 00:26:18.057772 /Users/noelorin/GOSpeak/packages/server/internal/signal/hub.go:65: [Signal] client connected: 4
2026/05/28 00:26:18.058463 /Users/noelorin/GOSpeak/packages/server/internal/signal/hub.go:85: [Signal] client disconnected: 4, reason: client namespace disconnect
2026/05/28 00:26:20.084159 /Users/noelorin/GOSpeak/packages/server/internal/signal/hub.go:65: [Signal] client connected: 5
2026/05/28 00:26:20.107770 /Users/noelorin/GOSpeak/packages/server/internal/signal/hub.go:65: [Signal] client connected: 5
2026/05/28 00:26:20.109248 /Users/noelorin/GOSpeak/packages/server/internal/signal/hub.go:85: [Signal] client disconnected: 5, reason: client namespace disconnect
2026/05/28 00:26:21.037009 /Users/noelorin/GOSpeak/packages/server/internal/signal/hub.go:65: [Signal] client connected: 6
2026/05/28 00:26:21.039695 /Users/noelorin/GOSpeak/packages/server/internal/signal/hub.go:65: [Signal] client connected: 6
2026/05/28 00:26:21.040482 /Users/noelorin/GOSpeak/packages/server/internal/signal/hub.go:85: [Signal] client disconnected: 6, reason: client namespace disconnect
2026/05/28 00:26:22.058283 /Users/noelorin/GOSpeak/packages/server/internal/signal/hub.go:65: [Signal] client connected: 7
2026/05/28 00:26:22.061366 /Users/noelorin/GOSpeak/packages/server/internal/signal/hub.go:65: [Signal] client connected: 7
2026/05/28 00:26:22.067723 /Users/noelorin/GOSpeak/packages/server/internal/signal/hub.go:85: [Signal] client disconnected: 7, reason: client namespace disconnect
2026/05/28 00:26:23.043681 /Users/noelorin/GOSpeak/packages/server/internal/signal/hub.go:65: [Signal] client connected: 8
2026/05/28 00:26:23.051916 /Users/noelorin/GOSpeak/packages/server/internal/signal/hub.go:65: [Signal] client connected: 8
2026/05/28 00:26:23.054278 /Users/noelorin/GOSpeak/packages/server/internal/signal/hub.go:85: [Signal] client disconnected: 8, reason: client namespace disconnect
2026/05/28 00:26:24.057048 /Users/noelorin/GOSpeak/packages/server/internal/signal/hub.go:65: [Signal] client connected: 9
2026/05/28 00:26:24.145712 /Users/noelorin/GOSpeak/packages/server/internal/signal/hub.go:65: [Signal] client connected: 9
2026/05/28 00:26:24.153686 /Users/noelorin/GOSpeak/packages/server/internal/signal/hub.go:85: [Signal] client disconnected: 9, reason: client namespace disconnect
2026/05/28 00:26:26.058690 /Users/noelorin/GOSpeak/packages/server/internal/signal/hub.go:65: [Signal] client connected: a
2026/05/28 00:26:26.061326 /Users/noelorin/GOSpeak/packages/server/internal/signal/hub.go:65: [Signal] client connected: a
2026/05/28 00:26:26.063030 /Users/noelorin/GOSpeak/packages/server/internal/signal/hub.go:85: [Signal] client disconnected: a, reason: client namespace disconnect
2026/05/28 00:26:27.043110 /Users/noelorin/GOSpeak/packages/server/internal/signal/hub.go:65: [Signal] client connected: b
2026/05/28 00:26:27.046902 /Users/noelorin/GOSpeak/packages/server/internal/signal/hub.go:65: [Signal] client connected: b
2026/05/28 00:26:27.052102 /Users/noelorin/GOSpeak/packages/server/internal/signal/hub.go:85: [Signal] client disconnected: b, reason: client namespace disconnect
2026/05/28 00:26:29.041423 /Users/noelorin/GOSpeak/packages/server/internal/signal/hub.go:65: [Signal] client connected: c
2026/05/28 00:26:29.064077 /Users/noelorin/GOSpeak/packages/server/internal/signal/hub.go:65: [Signal] client connected: c
2026/05/28 00:26:29.066694 /Users/noelorin/GOSpeak/packages/server/internal/signal/hub.go:85: [Signal] client disconnected: c, reason: client namespace disconnect
2026/05/28 00:26:31.038466 /Users/noelorin/GOSpeak/packages/server/internal/signal/hub.go:65: [Signal] client connected: d
2026/05/28 00:26:31.042383 /Users/noelorin/GOSpeak/packages/server/internal/signal/hub.go:65: [Signal] client connected: d
2026/05/28 00:26:31.046423 /Users/noelorin/GOSpeak/packages/server/internal/signal/hub.go:85: [Signal] client disconnected: d, reason: client namespace disconnect
2026/05/28 00:26:33.035092 /Users/noelorin/GOSpeak/packages/server/internal/signal/hub.go:65: [Signal] client connected: e
2026/05/28 00:26:33.038605 /Users/noelorin/GOSpeak/packages/server/internal/signal/hub.go:65: [Signal] client connected: e
2026/05/28 00:26:33.039241 /Users/noelorin/GOSpeak/packages/server/internal/signal/hub.go:85: [Signal] client disconnected: e, reason: client namespace disconnect
2026/05/28 00:26:35.038203 /Users/noelorin/GOSpeak/packages/server/internal/signal/hub.go:65: [Signal] client connected: f
2026/05/28 00:26:35.041897 /Users/noelorin/GOSpeak/packages/server/internal/signal/hub.go:65: [Signal] client connected: f
2026/05/28 00:26:35.048682 /Users/noelorin/GOSpeak/packages/server/internal/signal/hub.go:85: [Signal] client disconnected: f, reason: client namespace disconnect
2026/05/28 00:26:37.048185 /Users/noelorin/GOSpeak/packages/server/internal/signal/hub.go:65: [Signal] client connected: g
2026/05/28 00:26:37.053315 /Users/noelorin/GOSpeak/packages/server/internal/signal/hub.go:65: [Signal] client connected: g
2026/05/28 00:26:37.056575 /Users/noelorin/GOSpeak/packages/server/internal/signal/hub.go:85: [Signal] client disconnected: g, reason: client namespace disconnect
2026/05/28 00:26:39.038783 /Users/noelorin/GOSpeak/packages/server/internal/signal/hub.go:65: [Signal] client connected: h
2026/05/28 00:26:39.045633 /Users/noelorin/GOSpeak/packages/server/internal/signal/hub.go:65: [Signal] client connected: h
2026/05/28 00:26:39.047318 /Users/noelorin/GOSpeak/packages/server/internal/signal/hub.go:85: [Signal] client disconnected: h, reason: client namespace disconnect
2026/05/28 00:26:41.037090 /Users/noelorin/GOSpeak/packages/server/internal/signal/hub.go:65: [Signal] client connected: i
2026/05/28 00:26:41.039403 /Users/noelorin/GOSpeak/packages/server/internal/signal/hub.go:65: [Signal] client connected: i
2026/05/28 00:26:41.040039 /Users/noelorin/GOSpeak/packages/server/internal/signal/hub.go:85: [Signal] client disconnected: i, reason: client namespace disconnect
2026/05/28 00:26:43.050293 /Users/noelorin/GOSpeak/packages/server/internal/signal/hub.go:65: [Signal] client connected: j
2026/05/28 00:26:43.054594 /Users/noelorin/GOSpeak/packages/server/internal/signal/hub.go:65: [Signal] client connected: j
2026/05/28 00:26:43.056412 /Users/noelorin/GOSpeak/packages/server/internal/signal/hub.go:85: [Signal] client disconnected: j, reason: client namespace disconnect
2026/05/28 00:26:45.039295 /Users/noelorin/GOSpeak/packages/server/internal/signal/hub.go:65: [Signal] client connected: k
2026/05/28 00:26:45.039365 /Users/noelorin/GOSpeak/packages/server/internal/signal/hub.go:65: [Signal] client connected: k
2026/05/28 00:26:45.041074 /Users/noelorin/GOSpeak/packages/server/internal/signal/hub.go:85: [Signal] client disconnected: k, reason: client namespace disconnect
2026/05/28 00:26:46.032618 /Users/noelorin/GOSpeak/packages/server/internal/signal/hub.go:65: [Signal] client connected: l
2026/05/28 00:26:46.034751 /Users/noelorin/GOSpeak/packages/server/internal/signal/hub.go:65: [Signal] client connected: l
2026/05/28 00:26:46.035616 /Users/noelorin/GOSpeak/packages/server/internal/signal/hub.go:85: [Signal] client disconnected: l, reason: client namespace disconnect
2026/05/28 00:26:48.034161 /Users/noelorin/GOSpeak/packages/server/internal/signal/hub.go:65: [Signal] client connected: m
2026/05/28 00:26:48.036263 /Users/noelorin/GOSpeak/packages/server/internal/signal/hub.go:65: [Signal] client connected: m
2026/05/28 00:26:48.037708 /Users/noelorin/GOSpeak/packages/server/internal/signal/hub.go:85: [Signal] client disconnected: m, reason: client namespace disconnect
2026/05/28 00:26:49.031456 /Users/noelorin/GOSpeak/packages/server/internal/signal/hub.go:65: [Signal] client connected: n
2026/05/28 00:26:49.033975 /Users/noelorin/GOSpeak/packages/server/internal/signal/hub.go:65: [Signal] client connected: n
2026/05/28 00:26:49.034451 /Users/noelorin/GOSpeak/packages/server/internal/signal/hub.go:85: [Signal] client disconnected: n, reason: client namespace disconnect
2026/05/28 00:26:50.030528 /Users/noelorin/GOSpeak/packages/server/internal/signal/hub.go:65: [Signal] client connected: o
2026/05/28 00:26:50.032175 /Users/noelorin/GOSpeak/packages/server/internal/signal/hub.go:65: [Signal] client connected: o
2026/05/28 00:26:50.032732 /Users/noelorin/GOSpeak/packages/server/internal/signal/hub.go:85: [Signal] client disconnected: o, reason: client namespace disconnect
2026/05/28 00:26:52.030811 /Users/noelorin/GOSpeak/packages/server/internal/signal/hub.go:65: [Signal] client connected: p
2026/05/28 00:26:52.033595 /Users/noelorin/GOSpeak/packages/server/internal/signal/hub.go:65: [Signal] client connected: p
2026/05/28 00:26:52.034436 /Users/noelorin/GOSpeak/packages/server/internal/signal/hub.go:85: [Signal] client disconnected: p, reason: client namespace disconnect
2026/05/28 00:26:54.031014 /Users/noelorin/GOSpeak/packages/server/internal/signal/hub.go:65: [Signal] client connected: q
2026/05/28 00:26:54.033342 /Users/noelorin/GOSpeak/packages/server/internal/signal/hub.go:65: [Signal] client connected: q
2026/05/28 00:26:54.033781 /Users/noelorin/GOSpeak/packages/server/internal/signal/hub.go:85: [Signal] client disconnected: q, reason: client namespace disconnect
2026/05/28 00:26:55.032375 /Users/noelorin/GOSpeak/packages/server/internal/signal/hub.go:65: [Signal] client connected: r
2026/05/28 00:26:55.034869 /Users/noelorin/GOSpeak/packages/server/internal/signal/hub.go:65: [Signal] client connected: r
2026/05/28 00:26:55.035415 /Users/noelorin/GOSpeak/packages/server/internal/signal/hub.go:85: [Signal] client disconnected: r, reason: client namespace disconnect
2026/05/28 00:26:56.030617 /Users/noelorin/GOSpeak/packages/server/internal/signal/hub.go:65: [Signal] client connected: s
2026/05/28 00:26:56.032947 /Users/noelorin/GOSpeak/packages/server/internal/signal/hub.go:65: [Signal] client connected: s
2026/05/28 00:26:56.033682 /Users/noelorin/GOSpeak/packages/server/internal/signal/hub.go:85: [Signal] client disconnected: s, reason: client namespace disconnect
2026/05/28 00:26:58.026278 /Users/noelorin/GOSpeak/packages/server/internal/signal/hub.go:65: [Signal] client connected: t
2026/05/28 00:26:58.027314 /Users/noelorin/GOSpeak/packages/server/internal/signal/hub.go:65: [Signal] client connected: t
2026/05/28 00:26:58.027690 /Users/noelorin/GOSpeak/packages/server/internal/signal/hub.go:85: [Signal] client disconnected: t, reason: client namespace disconnect
2026/05/28 00:27:00.027945 /Users/noelorin/GOSpeak/packages/server/internal/signal/hub.go:65: [Signal] client connected: u
2026/05/28 00:27:00.029625 /Users/noelorin/GOSpeak/packages/server/internal/signal/hub.go:65: [Signal] client connected: u
2026/05/28 00:27:00.030652 /Users/noelorin/GOSpeak/packages/server/internal/signal/hub.go:85: [Signal] client disconnected: u, reason: client namespace disconnect
2026/05/28 00:27:01.027260 /Users/noelorin/GOSpeak/packages/server/internal/signal/hub.go:65: [Signal] client connected: v
2026/05/28 00:27:01.029236 /Users/noelorin/GOSpeak/packages/server/internal/signal/hub.go:65: [Signal] client connected: v
2026/05/28 00:27:01.029851 /Users/noelorin/GOSpeak/packages/server/internal/signal/hub.go:85: [Signal] client disconnected: v, reason: client namespace disconnect
2026/05/28 00:27:02.029020 /Users/noelorin/GOSpeak/packages/server/internal/signal/hub.go:65: [Signal] client connected: w
2026/05/28 00:27:02.031515 /Users/noelorin/GOSpeak/packages/server/internal/signal/hub.go:65: [Signal] client connected: w
2026/05/28 00:27:02.032333 /Users/noelorin/GOSpeak/packages/server/internal/signal/hub.go:85: [Signal] client disconnected: w, reason: client namespace disconnect
2026/05/28 00:27:04.028283 /Users/noelorin/GOSpeak/packages/server/internal/signal/hub.go:65: [Signal] client connected: x
2026/05/28 00:27:04.030234 /Users/noelorin/GOSpeak/packages/server/internal/signal/hub.go:65: [Signal] client connected: x
2026/05/28 00:27:04.030669 /Users/noelorin/GOSpeak/packages/server/internal/signal/hub.go:85: [Signal] client disconnected: x, reason: client namespace disconnect
2026/05/28 00:27:05.026821 /Users/noelorin/GOSpeak/packages/server/internal/signal/hub.go:65: [Signal] client connected: y
2026/05/28 00:27:05.028539 /Users/noelorin/GOSpeak/packages/server/internal/signal/hub.go:65: [Signal] client connected: y
2026/05/28 00:27:05.030005 /Users/noelorin/GOSpeak/packages/server/internal/signal/hub.go:85: [Signal] client disconnected: y, reason: client namespace disconnect
2026/05/28 00:27:06.027805 /Users/noelorin/GOSpeak/packages/server/internal/signal/hub.go:65: [Signal] client connected: z
2026/05/28 00:27:06.030574 /Users/noelorin/GOSpeak/packages/server/internal/signal/hub.go:65: [Signal] client connected: z
2026/05/28 00:27:06.031234 /Users/noelorin/GOSpeak/packages/server/internal/signal/hub.go:85: [Signal] client disconnected: z, reason: client namespace disconnect
2026/05/28 00:27:07.026028 /Users/noelorin/GOSpeak/packages/server/internal/signal/hub.go:65: [Signal] client connected: 10
2026/05/28 00:27:07.027785 /Users/noelorin/GOSpeak/packages/server/internal/signal/hub.go:65: [Signal] client connected: 10
2026/05/28 00:27:07.028268 /Users/noelorin/GOSpeak/packages/server/internal/signal/hub.go:85: [Signal] client disconnected: 10, reason: client namespace disconnect
2026/05/28 00:27:09.026846 /Users/noelorin/GOSpeak/packages/server/internal/signal/hub.go:65: [Signal] client connected: 11
2026/05/28 00:27:09.028412 /Users/noelorin/GOSpeak/packages/server/internal/signal/hub.go:65: [Signal] client connected: 11
2026/05/28 00:27:09.029037 /Users/noelorin/GOSpeak/packages/server/internal/signal/hub.go:85: [Signal] client disconnected: 11, reason: client namespace disconnect
2026/05/28 00:27:10.030450 /Users/noelorin/GOSpeak/packages/server/internal/signal/hub.go:65: [Signal] client connected: 12
2026/05/28 00:27:10.032410 /Users/noelorin/GOSpeak/packages/server/internal/signal/hub.go:65: [Signal] client connected: 12
2026/05/28 00:27:10.032944 /Users/noelorin/GOSpeak/packages/server/internal/signal/hub.go:85: [Signal] client disconnected: 12, reason: client namespace disconnect
2026/05/28 00:27:12.026010 /Users/noelorin/GOSpeak/packages/server/internal/signal/hub.go:65: [Signal] client connected: 13
2026/05/28 00:27:12.028633 /Users/noelorin/GOSpeak/packages/server/internal/signal/hub.go:65: [Signal] client connected: 13
2026/05/28 00:27:12.029549 /Users/noelorin/GOSpeak/packages/server/internal/signal/hub.go:85: [Signal] client disconnected: 13, reason: client namespace disconnect
2026/05/28 00:27:14.026193 /Users/noelorin/GOSpeak/packages/server/internal/signal/hub.go:65: [Signal] client connected: 14
2026/05/28 00:27:14.027761 /Users/noelorin/GOSpeak/packages/server/internal/signal/hub.go:65: [Signal] client connected: 14
2026/05/28 00:27:14.028519 /Users/noelorin/GOSpeak/packages/server/internal/signal/hub.go:85: [Signal] client disconnected: 14, reason: client namespace disconnect
2026/05/28 00:27:16.028134 /Users/noelorin/GOSpeak/packages/server/internal/signal/hub.go:65: [Signal] client connected: 15
2026/05/28 00:27:16.032281 /Users/noelorin/GOSpeak/packages/server/internal/signal/hub.go:65: [Signal] client connected: 15
2026/05/28 00:27:16.036873 /Users/noelorin/GOSpeak/packages/server/internal/signal/hub.go:85: [Signal] client disconnected: 15, reason: client namespace disconnect
2026/05/28 00:27:17.026336 /Users/noelorin/GOSpeak/packages/server/internal/signal/hub.go:65: [Signal] client connected: 16
2026/05/28 00:27:17.029148 /Users/noelorin/GOSpeak/packages/server/internal/signal/hub.go:65: [Signal] client connected: 16
2026/05/28 00:27:17.029990 /Users/noelorin/GOSpeak/packages/server/internal/signal/hub.go:85: [Signal] client disconnected: 16, reason: client namespace disconnect
2026/05/28 00:27:18.037920 /Users/noelorin/GOSpeak/packages/server/internal/signal/hub.go:65: [Signal] client connected: 17
2026/05/28 00:27:18.046045 /Users/noelorin/GOSpeak/packages/server/internal/signal/hub.go:65: [Signal] client connected: 17
2026/05/28 00:27:18.047699 /Users/noelorin/GOSpeak/packages/server/internal/signal/hub.go:85: [Signal] client disconnected: 17, reason: client namespace disconnect
2026/05/28 00:27:20.025334 /Users/noelorin/GOSpeak/packages/server/internal/signal/hub.go:65: [Signal] client connected: 18
2026/05/28 00:27:20.027607 /Users/noelorin/GOSpeak/packages/server/internal/signal/hub.go:65: [Signal] client connected: 18
2026/05/28 00:27:20.028594 /Users/noelorin/GOSpeak/packages/server/internal/signal/hub.go:85: [Signal] client disconnected: 18, reason: client namespace disconnect
2026/05/28 00:27:21.026245 /Users/noelorin/GOSpeak/packages/server/internal/signal/hub.go:65: [Signal] client connected: 19
2026/05/28 00:27:21.027688 /Users/noelorin/GOSpeak/packages/server/internal/signal/hub.go:65: [Signal] client connected: 19
2026/05/28 00:27:21.028189 /Users/noelorin/GOSpeak/packages/server/internal/signal/hub.go:85: [Signal] client disconnected: 19, reason: client namespace disconnect
2026/05/28 00:27:23.025526 /Users/noelorin/GOSpeak/packages/server/internal/signal/hub.go:65: [Signal] client connected: 1a
2026/05/28 00:27:23.027424 /Users/noelorin/GOSpeak/packages/server/internal/signal/hub.go:65: [Signal] client connected: 1a
2026/05/28 00:27:23.028423 /Users/noelorin/GOSpeak/packages/server/internal/signal/hub.go:85: [Signal] client disconnected: 1a, reason: client namespace disconnect
2026/05/28 00:27:24.027326 /Users/noelorin/GOSpeak/packages/server/internal/signal/hub.go:65: [Signal] client connected: 1b
2026/05/28 00:27:24.029670 /Users/noelorin/GOSpeak/packages/server/internal/signal/hub.go:65: [Signal] client connected: 1b
2026/05/28 00:27:24.030365 /Users/noelorin/GOSpeak/packages/server/internal/signal/hub.go:85: [Signal] client disconnected: 1b, reason: client namespace disconnect
2026/05/28 00:27:25.026313 /Users/noelorin/GOSpeak/packages/server/internal/signal/hub.go:65: [Signal] client connected: 1c
2026/05/28 00:27:25.029192 /Users/noelorin/GOSpeak/packages/server/internal/signal/hub.go:65: [Signal] client connected: 1c
2026/05/28 00:27:25.029746 /Users/noelorin/GOSpeak/packages/server/internal/signal/hub.go:85: [Signal] client disconnected: 1c, reason: client namespace disconnect
2026/05/28 00:27:27.154841 /Users/noelorin/GOSpeak/packages/server/internal/signal/hub.go:65: [Signal] client connected: 1d
2026/05/28 00:27:27.167528 /Users/noelorin/GOSpeak/packages/server/internal/signal/hub.go:65: [Signal] client connected: 1d
2026/05/28 00:27:27.181726 /Users/noelorin/GOSpeak/packages/server/internal/signal/hub.go:85: [Signal] client disconnected: 1d, reason: client namespace disconnect
2026/05/28 00:27:29.026913 /Users/noelorin/GOSpeak/packages/server/internal/signal/hub.go:65: [Signal] client connected: 1e
2026/05/28 00:27:29.030802 /Users/noelorin/GOSpeak/packages/server/internal/signal/hub.go:65: [Signal] client connected: 1e
2026/05/28 00:27:29.031481 /Users/noelorin/GOSpeak/packages/server/internal/signal/hub.go:85: [Signal] client disconnected: 1e, reason: client namespace disconnect
2026/05/28 00:27:31.025025 /Users/noelorin/GOSpeak/packages/server/internal/signal/hub.go:65: [Signal] client connected: 1f
2026/05/28 00:27:31.028240 /Users/noelorin/GOSpeak/packages/server/internal/signal/hub.go:65: [Signal] client connected: 1f
2026/05/28 00:27:31.029196 /Users/noelorin/GOSpeak/packages/server/internal/signal/hub.go:85: [Signal] client disconnected: 1f, reason: client namespace disconnect
2026/05/28 00:27:33.024078 /Users/noelorin/GOSpeak/packages/server/internal/signal/hub.go:65: [Signal] client connected: 1g
2026/05/28 00:27:33.026163 /Users/noelorin/GOSpeak/packages/server/internal/signal/hub.go:65: [Signal] client connected: 1g
2026/05/28 00:27:33.026956 /Users/noelorin/GOSpeak/packages/server/internal/signal/hub.go:85: [Signal] client disconnected: 1g, reason: client namespace disconnect
2026/05/28 00:27:35.024463 /Users/noelorin/GOSpeak/packages/server/internal/signal/hub.go:65: [Signal] client connected: 1h
2026/05/28 00:27:35.026252 /Users/noelorin/GOSpeak/packages/server/internal/signal/hub.go:65: [Signal] client connected: 1h
2026/05/28 00:27:35.026978 /Users/noelorin/GOSpeak/packages/server/internal/signal/hub.go:85: [Signal] client disconnected: 1h, reason: client namespace disconnect
2026/05/28 00:27:36.029660 /Users/noelorin/GOSpeak/packages/server/internal/signal/hub.go:65: [Signal] client connected: 1i
2026/05/28 00:27:36.032433 /Users/noelorin/GOSpeak/packages/server/internal/signal/hub.go:65: [Signal] client connected: 1i
2026/05/28 00:27:36.033615 /Users/noelorin/GOSpeak/packages/server/internal/signal/hub.go:85: [Signal] client disconnected: 1i, reason: client namespace disconnect
2026/05/28 00:27:38.025682 /Users/noelorin/GOSpeak/packages/server/internal/signal/hub.go:65: [Signal] client connected: 1j
2026/05/28 00:27:38.027759 /Users/noelorin/GOSpeak/packages/server/internal/signal/hub.go:65: [Signal] client connected: 1j
2026/05/28 00:27:38.029262 /Users/noelorin/GOSpeak/packages/server/internal/signal/hub.go:85: [Signal] client disconnected: 1j, reason: client namespace disconnect
2026/05/28 00:27:40.022993 /Users/noelorin/GOSpeak/packages/server/internal/signal/hub.go:65: [Signal] client connected: 1k
2026/05/28 00:27:40.023970 /Users/noelorin/GOSpeak/packages/server/internal/signal/hub.go:65: [Signal] client connected: 1k
2026/05/28 00:27:40.024755 /Users/noelorin/GOSpeak/packages/server/internal/signal/hub.go:85: [Signal] client disconnected: 1k, reason: client namespace disconnect
2026/05/28 00:27:42.023986 /Users/noelorin/GOSpeak/packages/server/internal/signal/hub.go:65: [Signal] client connected: 1l
2026/05/28 00:27:42.026358 /Users/noelorin/GOSpeak/packages/server/internal/signal/hub.go:65: [Signal] client connected: 1l
2026/05/28 00:27:42.027509 /Users/noelorin/GOSpeak/packages/server/internal/signal/hub.go:85: [Signal] client disconnected: 1l, reason: client namespace disconnect
2026/05/28 00:27:43.024096 /Users/noelorin/GOSpeak/packages/server/internal/signal/hub.go:65: [Signal] client connected: 1m
2026/05/28 00:27:43.027563 /Users/noelorin/GOSpeak/packages/server/internal/signal/hub.go:65: [Signal] client connected: 1m
2026/05/28 00:27:43.028319 /Users/noelorin/GOSpeak/packages/server/internal/signal/hub.go:85: [Signal] client disconnected: 1m, reason: client namespace disconnect
2026/05/28 00:27:44.029759 /Users/noelorin/GOSpeak/packages/server/internal/signal/hub.go:65: [Signal] client connected: 1n
2026/05/28 00:27:44.031949 /Users/noelorin/GOSpeak/packages/server/internal/signal/hub.go:65: [Signal] client connected: 1n
2026/05/28 00:27:44.033331 /Users/noelorin/GOSpeak/packages/server/internal/signal/hub.go:85: [Signal] client disconnected: 1n, reason: client namespace disconnect
2026/05/28 00:27:45.025900 /Users/noelorin/GOSpeak/packages/server/internal/signal/hub.go:65: [Signal] client connected: 1o
2026/05/28 00:27:45.028147 /Users/noelorin/GOSpeak/packages/server/internal/signal/hub.go:65: [Signal] client connected: 1o
2026/05/28 00:27:45.028895 /Users/noelorin/GOSpeak/packages/server/internal/signal/hub.go:85: [Signal] client disconnected: 1o, reason: client namespace disconnect
2026/05/28 00:27:47.031797 /Users/noelorin/GOSpeak/packages/server/internal/signal/hub.go:65: [Signal] client connected: 1p
2026/05/28 00:27:47.038370 /Users/noelorin/GOSpeak/packages/server/internal/signal/hub.go:65: [Signal] client connected: 1p
2026/05/28 00:27:47.039169 /Users/noelorin/GOSpeak/packages/server/internal/signal/hub.go:85: [Signal] client disconnected: 1p, reason: client namespace disconnect
2026/05/28 00:27:49.023756 /Users/noelorin/GOSpeak/packages/server/internal/signal/hub.go:65: [Signal] client connected: 1q
2026/05/28 00:27:49.026483 /Users/noelorin/GOSpeak/packages/server/internal/signal/hub.go:65: [Signal] client connected: 1q
2026/05/28 00:27:49.028495 /Users/noelorin/GOSpeak/packages/server/internal/signal/hub.go:85: [Signal] client disconnected: 1q, reason: client namespace disconnect
2026/05/28 00:27:51.026915 /Users/noelorin/GOSpeak/packages/server/internal/signal/hub.go:65: [Signal] client connected: 1r
2026/05/28 00:27:51.030795 /Users/noelorin/GOSpeak/packages/server/internal/signal/hub.go:65: [Signal] client connected: 1r
2026/05/28 00:27:51.031646 /Users/noelorin/GOSpeak/packages/server/internal/signal/hub.go:85: [Signal] client disconnected: 1r, reason: client namespace disconnect
2026/05/28 00:27:53.023938 /Users/noelorin/GOSpeak/packages/server/internal/signal/hub.go:65: [Signal] client connected: 1s
2026/05/28 00:27:53.026529 /Users/noelorin/GOSpeak/packages/server/internal/signal/hub.go:65: [Signal] client connected: 1s
2026/05/28 00:27:53.027325 /Users/noelorin/GOSpeak/packages/server/internal/signal/hub.go:85: [Signal] client disconnected: 1s, reason: client namespace disconnect
2026/05/28 00:27:54.021829 /Users/noelorin/GOSpeak/packages/server/internal/signal/hub.go:65: [Signal] client connected: 1t
2026/05/28 00:27:54.022981 /Users/noelorin/GOSpeak/packages/server/internal/signal/hub.go:65: [Signal] client connected: 1t
2026/05/28 00:27:54.023329 /Users/noelorin/GOSpeak/packages/server/internal/signal/hub.go:85: [Signal] client disconnected: 1t, reason: client namespace disconnect
2026/05/28 00:27:55.025295 /Users/noelorin/GOSpeak/packages/server/internal/signal/hub.go:65: [Signal] client connected: 1u
2026/05/28 00:27:55.027172 /Users/noelorin/GOSpeak/packages/server/internal/signal/hub.go:65: [Signal] client connected: 1u
2026/05/28 00:27:55.027602 /Users/noelorin/GOSpeak/packages/server/internal/signal/hub.go:85: [Signal] client disconnected: 1u, reason: client namespace disconnect
2026/05/28 00:27:57.021898 /Users/noelorin/GOSpeak/packages/server/internal/signal/hub.go:65: [Signal] client connected: 1v
2026/05/28 00:27:57.023011 /Users/noelorin/GOSpeak/packages/server/internal/signal/hub.go:65: [Signal] client connected: 1v
2026/05/28 00:27:57.023674 /Users/noelorin/GOSpeak/packages/server/internal/signal/hub.go:85: [Signal] client disconnected: 1v, reason: client namespace disconnect
2026/05/28 00:27:59.021156 /Users/noelorin/GOSpeak/packages/server/internal/signal/hub.go:65: [Signal] client connected: 1w
2026/05/28 00:27:59.022190 /Users/noelorin/GOSpeak/packages/server/internal/signal/hub.go:65: [Signal] client connected: 1w
2026/05/28 00:27:59.022607 /Users/noelorin/GOSpeak/packages/server/internal/signal/hub.go:85: [Signal] client disconnected: 1w, reason: client namespace disconnect
2026/05/28 00:28:00.024889 /Users/noelorin/GOSpeak/packages/server/internal/signal/hub.go:65: [Signal] client connected: 1x
2026/05/28 00:28:00.026919 /Users/noelorin/GOSpeak/packages/server/internal/signal/hub.go:65: [Signal] client connected: 1x
2026/05/28 00:28:00.027477 /Users/noelorin/GOSpeak/packages/server/internal/signal/hub.go:85: [Signal] client disconnected: 1x, reason: client namespace disconnect
2026/05/28 00:28:02.024107 /Users/noelorin/GOSpeak/packages/server/internal/signal/hub.go:65: [Signal] client connected: 1y
2026/05/28 00:28:02.026564 /Users/noelorin/GOSpeak/packages/server/internal/signal/hub.go:65: [Signal] client connected: 1y
2026/05/28 00:28:02.027105 /Users/noelorin/GOSpeak/packages/server/internal/signal/hub.go:85: [Signal] client disconnected: 1y, reason: client namespace disconnect
2026/05/28 00:28:04.023507 /Users/noelorin/GOSpeak/packages/server/internal/signal/hub.go:65: [Signal] client connected: 1z
2026/05/28 00:28:04.026758 /Users/noelorin/GOSpeak/packages/server/internal/signal/hub.go:65: [Signal] client connected: 1z
2026/05/28 00:28:04.027366 /Users/noelorin/GOSpeak/packages/server/internal/signal/hub.go:85: [Signal] client disconnected: 1z, reason: client namespace disconnect
2026/05/28 00:28:06.022317 /Users/noelorin/GOSpeak/packages/server/internal/signal/hub.go:65: [Signal] client connected: 20
2026/05/28 00:28:06.023934 /Users/noelorin/GOSpeak/packages/server/internal/signal/hub.go:65: [Signal] client connected: 20
2026/05/28 00:28:06.024985 /Users/noelorin/GOSpeak/packages/server/internal/signal/hub.go:85: [Signal] client disconnected: 20, reason: client namespace disconnect
2026/05/28 00:28:07.023506 /Users/noelorin/GOSpeak/packages/server/internal/signal/hub.go:65: [Signal] client connected: 21
2026/05/28 00:28:07.029496 /Users/noelorin/GOSpeak/packages/server/internal/signal/hub.go:65: [Signal] client connected: 21
2026/05/28 00:28:07.030990 /Users/noelorin/GOSpeak/packages/server/internal/signal/hub.go:85: [Signal] client disconnected: 21, reason: client namespace disconnect
2026/05/28 00:28:09.023711 /Users/noelorin/GOSpeak/packages/server/internal/signal/hub.go:65: [Signal] client connected: 22
2026/05/28 00:28:09.026866 /Users/noelorin/GOSpeak/packages/server/internal/signal/hub.go:65: [Signal] client connected: 22
2026/05/28 00:28:09.027981 /Users/noelorin/GOSpeak/packages/server/internal/signal/hub.go:85: [Signal] client disconnected: 22, reason: client namespace disconnect
2026/05/28 00:28:10.023487 /Users/noelorin/GOSpeak/packages/server/internal/signal/hub.go:65: [Signal] client connected: 23
2026/05/28 00:28:10.028031 /Users/noelorin/GOSpeak/packages/server/internal/signal/hub.go:65: [Signal] client connected: 23
2026/05/28 00:28:10.028726 /Users/noelorin/GOSpeak/packages/server/internal/signal/hub.go:85: [Signal] client disconnected: 23, reason: client namespace disconnect
2026/05/28 00:28:11.022047 /Users/noelorin/GOSpeak/packages/server/internal/signal/hub.go:65: [Signal] client connected: 24
2026/05/28 00:28:11.023281 /Users/noelorin/GOSpeak/packages/server/internal/signal/hub.go:65: [Signal] client connected: 24
2026/05/28 00:28:11.023781 /Users/noelorin/GOSpeak/packages/server/internal/signal/hub.go:85: [Signal] client disconnected: 24, reason: client namespace disconnect
2026/05/28 00:28:13.025199 /Users/noelorin/GOSpeak/packages/server/internal/signal/hub.go:65: [Signal] client connected: 25
2026/05/28 00:28:13.032795 /Users/noelorin/GOSpeak/packages/server/internal/signal/hub.go:65: [Signal] client connected: 25
2026/05/28 00:28:13.038423 /Users/noelorin/GOSpeak/packages/server/internal/signal/hub.go:85: [Signal] client disconnected: 25, reason: client namespace disconnect
2026/05/28 00:28:14.027558 /Users/noelorin/GOSpeak/packages/server/internal/signal/hub.go:65: [Signal] client connected: 26
2026/05/28 00:28:14.028997 /Users/noelorin/GOSpeak/packages/server/internal/signal/hub.go:65: [Signal] client connected: 26
2026/05/28 00:28:14.029875 /Users/noelorin/GOSpeak/packages/server/internal/signal/hub.go:85: [Signal] client disconnected: 26, reason: client namespace disconnect
2026/05/28 00:28:16.023994 /Users/noelorin/GOSpeak/packages/server/internal/signal/hub.go:65: [Signal] client connected: 27
2026/05/28 00:28:16.026194 /Users/noelorin/GOSpeak/packages/server/internal/signal/hub.go:65: [Signal] client connected: 27
2026/05/28 00:28:16.027035 /Users/noelorin/GOSpeak/packages/server/internal/signal/hub.go:85: [Signal] client disconnected: 27, reason: client namespace disconnect
2026/05/28 00:28:18.021927 /Users/noelorin/GOSpeak/packages/server/internal/signal/hub.go:65: [Signal] client connected: 28
2026/05/28 00:28:18.023889 /Users/noelorin/GOSpeak/packages/server/internal/signal/hub.go:65: [Signal] client connected: 28
2026/05/28 00:28:18.025337 /Users/noelorin/GOSpeak/packages/server/internal/signal/hub.go:85: [Signal] client disconnected: 28, reason: client namespace disconnect
2026/05/28 00:28:19.024261 /Users/noelorin/GOSpeak/packages/server/internal/signal/hub.go:65: [Signal] client connected: 29
2026/05/28 00:28:19.029782 /Users/noelorin/GOSpeak/packages/server/internal/signal/hub.go:65: [Signal] client connected: 29
2026/05/28 00:28:19.031943 /Users/noelorin/GOSpeak/packages/server/internal/signal/hub.go:85: [Signal] client disconnected: 29, reason: client namespace disconnect
2026/05/28 00:28:20.038305 /Users/noelorin/GOSpeak/packages/server/internal/signal/hub.go:65: [Signal] client connected: 2a
2026/05/28 00:28:20.055422 /Users/noelorin/GOSpeak/packages/server/internal/signal/hub.go:65: [Signal] client connected: 2a
2026/05/28 00:28:20.056544 /Users/noelorin/GOSpeak/packages/server/internal/signal/hub.go:85: [Signal] client disconnected: 2a, reason: client namespace disconnect
2026/05/28 00:28:22.020979 /Users/noelorin/GOSpeak/packages/server/internal/signal/hub.go:65: [Signal] client connected: 2b
2026/05/28 00:28:22.022081 /Users/noelorin/GOSpeak/packages/server/internal/signal/hub.go:65: [Signal] client connected: 2b
2026/05/28 00:28:22.022607 /Users/noelorin/GOSpeak/packages/server/internal/signal/hub.go:85: [Signal] client disconnected: 2b, reason: client namespace disconnect
2026/05/28 00:28:22.894635 /Users/noelorin/GOSpeak/packages/server/internal/signal/hub.go:65: [Signal] client connected: 2c
2026/05/28 00:28:22.895767 /Users/noelorin/GOSpeak/packages/server/internal/signal/hub.go:65: [Signal] client connected: 2c
2026/05/28 00:28:22.896337 /Users/noelorin/GOSpeak/packages/server/internal/signal/hub.go:85: [Signal] client disconnected: 2c, reason: client namespace disconnect
2026/05/28 00:28:25.007383 /Users/noelorin/GOSpeak/packages/server/internal/signal/hub.go:65: [Signal] client connected: 2e
2026/05/28 00:28:25.015486 /Users/noelorin/GOSpeak/packages/server/internal/signal/hub.go:65: [Signal] client connected: 2e
2026/05/28 00:28:25.021206 /Users/noelorin/GOSpeak/packages/server/internal/signal/hub.go:85: [Signal] client disconnected: 2e, reason: client namespace disconnect
2026/05/28 00:28:25.006363 /Users/noelorin/go/pkg/mod/github.com/googollee/go-socket.io@v1.7.0/engineio/server.go:160: init new session: write tcp [::1]:8998->[::1]:54729: write: broken pipe
2026/05/28 00:28:26.261697 /Users/noelorin/GOSpeak/packages/server/internal/signal/hub.go:65: [Signal] client connected: 2f
2026/05/28 00:28:26.264955 /Users/noelorin/GOSpeak/packages/server/internal/signal/hub.go:65: [Signal] client connected: 2f
2026/05/28 00:28:26.269713 /Users/noelorin/GOSpeak/packages/server/internal/signal/hub.go:85: [Signal] client disconnected: 2f, reason: client namespace disconnect
2026/05/28 00:28:26.963406 /Users/noelorin/GOSpeak/packages/server/internal/signal/hub.go:65: [Signal] client connected: 2g
2026/05/28 00:28:26.974622 /Users/noelorin/GOSpeak/packages/server/internal/signal/hub.go:65: [Signal] client connected: 2g
2026/05/28 00:28:26.978486 /Users/noelorin/GOSpeak/packages/server/internal/signal/hub.go:85: [Signal] client disconnected: 2g, reason: client namespace disconnect
2026/05/28 00:28:28.980582 /Users/noelorin/GOSpeak/packages/server/internal/signal/hub.go:65: [Signal] client connected: 2h
2026/05/28 00:28:29.230560 /Users/noelorin/GOSpeak/packages/server/internal/signal/hub.go:65: [Signal] client connected: 2h
2026/05/28 00:28:29.239219 /Users/noelorin/GOSpeak/packages/server/internal/signal/hub.go:85: [Signal] client disconnected: 2h, reason: client namespace disconnect
2026/05/28 00:28:32.649730 /Users/noelorin/GOSpeak/packages/server/internal/signal/hub.go:65: [Signal] client connected: 2j
2026/05/28 00:28:32.691407 /Users/noelorin/GOSpeak/packages/server/internal/signal/hub.go:65: [Signal] client connected: 2j
2026/05/28 00:28:32.700482 /Users/noelorin/GOSpeak/packages/server/internal/signal/hub.go:85: [Signal] client disconnected: 2j, reason: client namespace disconnect
2026/05/28 00:28:32.706107 /Users/noelorin/go/pkg/mod/github.com/googollee/go-socket.io@v1.7.0/engineio/server.go:160: init new session: write tcp [::1]:8998->[::1]:54797: write: broken pipe
2026/05/28 00:28:34.181695 /Users/noelorin/GOSpeak/packages/server/internal/signal/hub.go:65: [Signal] client connected: 2k
2026/05/28 00:28:34.184550 /Users/noelorin/GOSpeak/packages/server/internal/signal/hub.go:65: [Signal] client connected: 2k
2026/05/28 00:28:34.185681 /Users/noelorin/GOSpeak/packages/server/internal/signal/hub.go:85: [Signal] client disconnected: 2k, reason: client namespace disconnect
2026/05/28 00:28:35.464174 /Users/noelorin/GOSpeak/packages/server/internal/signal/hub.go:65: [Signal] client connected: 2l
2026/05/28 00:28:35.469479 /Users/noelorin/GOSpeak/packages/server/internal/signal/hub.go:65: [Signal] client connected: 2l
2026/05/28 00:28:35.471607 /Users/noelorin/GOSpeak/packages/server/internal/signal/hub.go:85: [Signal] client disconnected: 2l, reason: client namespace disconnect
2026/05/28 00:28:36.442878 /Users/noelorin/GOSpeak/packages/server/internal/signal/hub.go:65: [Signal] client connected: 2m
2026/05/28 00:28:36.445011 /Users/noelorin/GOSpeak/packages/server/internal/signal/hub.go:65: [Signal] client connected: 2m
2026/05/28 00:28:36.445753 /Users/noelorin/GOSpeak/packages/server/internal/signal/hub.go:85: [Signal] client disconnected: 2m, reason: client namespace disconnect
2026/05/28 00:28:37.611826 /Users/noelorin/GOSpeak/packages/server/internal/signal/hub.go:65: [Signal] client connected: 2n
2026/05/28 00:28:37.613865 /Users/noelorin/GOSpeak/packages/server/internal/signal/hub.go:65: [Signal] client connected: 2n
2026/05/28 00:28:37.614548 /Users/noelorin/GOSpeak/packages/server/internal/signal/hub.go:85: [Signal] client disconnected: 2n, reason: client namespace disconnect
2026/05/28 00:28:38.495908 /Users/noelorin/GOSpeak/packages/server/internal/signal/hub.go:65: [Signal] client connected: 2o
2026/05/28 00:28:38.497794 /Users/noelorin/GOSpeak/packages/server/internal/signal/hub.go:65: [Signal] client connected: 2o
2026/05/28 00:28:38.499430 /Users/noelorin/GOSpeak/packages/server/internal/signal/hub.go:85: [Signal] client disconnected: 2o, reason: client namespace disconnect
2026/05/28 00:28:39.479001 /Users/noelorin/GOSpeak/packages/server/internal/signal/hub.go:65: [Signal] client connected: 2p
2026/05/28 00:28:39.480680 /Users/noelorin/GOSpeak/packages/server/internal/signal/hub.go:65: [Signal] client connected: 2p
2026/05/28 00:28:39.481752 /Users/noelorin/GOSpeak/packages/server/internal/signal/hub.go:85: [Signal] client disconnected: 2p, reason: client namespace disconnect
2026/05/28 00:28:40.145493 /Users/noelorin/GOSpeak/packages/server/internal/signal/hub.go:65: [Signal] client connected: 2q
2026/05/28 00:28:40.147285 /Users/noelorin/GOSpeak/packages/server/internal/signal/hub.go:65: [Signal] client connected: 2q
2026/05/28 00:28:40.148347 /Users/noelorin/GOSpeak/packages/server/internal/signal/hub.go:85: [Signal] client disconnected: 2q, reason: client namespace disconnect
2026/05/28 00:28:41.236036 /Users/noelorin/GOSpeak/packages/server/internal/signal/hub.go:65: [Signal] client connected: 2r
2026/05/28 00:28:41.238409 /Users/noelorin/GOSpeak/packages/server/internal/signal/hub.go:65: [Signal] client connected: 2r
2026/05/28 00:28:41.238992 /Users/noelorin/GOSpeak/packages/server/internal/signal/hub.go:85: [Signal] client disconnected: 2r, reason: client namespace disconnect
2026/05/28 00:28:42.306601 /Users/noelorin/GOSpeak/packages/server/internal/signal/hub.go:65: [Signal] client connected: 2s
2026/05/28 00:28:42.309387 /Users/noelorin/GOSpeak/packages/server/internal/signal/hub.go:65: [Signal] client connected: 2s
2026/05/28 00:28:42.309931 /Users/noelorin/GOSpeak/packages/server/internal/signal/hub.go:85: [Signal] client disconnected: 2s, reason: client namespace disconnect
2026/05/28 00:28:43.506485 /Users/noelorin/GOSpeak/packages/server/internal/signal/hub.go:65: [Signal] client connected: 2t
2026/05/28 00:28:43.507916 /Users/noelorin/GOSpeak/packages/server/internal/signal/hub.go:65: [Signal] client connected: 2t
2026/05/28 00:28:43.508446 /Users/noelorin/GOSpeak/packages/server/internal/signal/hub.go:85: [Signal] client disconnected: 2t, reason: client namespace disconnect
2026/05/28 00:28:44.375507 /Users/noelorin/GOSpeak/packages/server/internal/signal/hub.go:65: [Signal] client connected: 2u
2026/05/28 00:28:44.377274 /Users/noelorin/GOSpeak/packages/server/internal/signal/hub.go:65: [Signal] client connected: 2u
2026/05/28 00:28:44.378040 /Users/noelorin/GOSpeak/packages/server/internal/signal/hub.go:85: [Signal] client disconnected: 2u, reason: client namespace disconnect
2026/05/28 00:28:45.777018 /Users/noelorin/GOSpeak/packages/server/internal/signal/hub.go:65: [Signal] client connected: 2v
2026/05/28 00:28:45.778413 /Users/noelorin/GOSpeak/packages/server/internal/signal/hub.go:65: [Signal] client connected: 2v
2026/05/28 00:28:45.778921 /Users/noelorin/GOSpeak/packages/server/internal/signal/hub.go:85: [Signal] client disconnected: 2v, reason: client namespace disconnect
2026/05/28 00:28:47.259371 /Users/noelorin/GOSpeak/packages/server/internal/signal/hub.go:65: [Signal] client connected: 2w
2026/05/28 00:28:47.261386 /Users/noelorin/GOSpeak/packages/server/internal/signal/hub.go:65: [Signal] client connected: 2w
2026/05/28 00:28:47.262259 /Users/noelorin/GOSpeak/packages/server/internal/signal/hub.go:85: [Signal] client disconnected: 2w, reason: client namespace disconnect
2026/05/28 00:28:48.556561 /Users/noelorin/GOSpeak/packages/server/internal/signal/hub.go:65: [Signal] client connected: 2x
2026/05/28 00:28:48.559294 /Users/noelorin/GOSpeak/packages/server/internal/signal/hub.go:65: [Signal] client connected: 2x
2026/05/28 00:28:48.559949 /Users/noelorin/GOSpeak/packages/server/internal/signal/hub.go:85: [Signal] client disconnected: 2x, reason: client namespace disconnect
2026/05/28 00:28:49.854723 /Users/noelorin/GOSpeak/packages/server/internal/signal/hub.go:65: [Signal] client connected: 2y
2026/05/28 00:28:49.858536 /Users/noelorin/GOSpeak/packages/server/internal/signal/hub.go:65: [Signal] client connected: 2y
2026/05/28 00:28:49.859249 /Users/noelorin/GOSpeak/packages/server/internal/signal/hub.go:85: [Signal] client disconnected: 2y, reason: client namespace disconnect
2026/05/28 00:28:50.645398 /Users/noelorin/GOSpeak/packages/server/internal/signal/hub.go:65: [Signal] client connected: 2z
2026/05/28 00:28:50.646704 /Users/noelorin/GOSpeak/packages/server/internal/signal/hub.go:65: [Signal] client connected: 2z
2026/05/28 00:28:50.647219 /Users/noelorin/GOSpeak/packages/server/internal/signal/hub.go:85: [Signal] client disconnected: 2z, reason: client namespace disconnect
2026/05/28 00:28:51.245636 /Users/noelorin/GOSpeak/packages/server/internal/signal/hub.go:65: [Signal] client connected: 30
2026/05/28 00:28:51.247258 /Users/noelorin/GOSpeak/packages/server/internal/signal/hub.go:65: [Signal] client connected: 30
2026/05/28 00:28:51.248045 /Users/noelorin/GOSpeak/packages/server/internal/signal/hub.go:85: [Signal] client disconnected: 30, reason: client namespace disconnect
2026/05/28 00:28:52.026597 /Users/noelorin/GOSpeak/packages/server/internal/signal/hub.go:65: [Signal] client connected: 31
2026/05/28 00:28:52.027889 /Users/noelorin/GOSpeak/packages/server/internal/signal/hub.go:65: [Signal] client connected: 31
2026/05/28 00:28:52.028462 /Users/noelorin/GOSpeak/packages/server/internal/signal/hub.go:85: [Signal] client disconnected: 31, reason: client namespace disconnect
2026/05/28 00:28:52.699193 /Users/noelorin/GOSpeak/packages/server/internal/signal/hub.go:65: [Signal] client connected: 32
2026/05/28 00:28:52.701204 /Users/noelorin/GOSpeak/packages/server/internal/signal/hub.go:65: [Signal] client connected: 32
2026/05/28 00:28:52.701726 /Users/noelorin/GOSpeak/packages/server/internal/signal/hub.go:85: [Signal] client disconnected: 32, reason: client namespace disconnect
2026/05/28 00:28:53.960799 /Users/noelorin/GOSpeak/packages/server/internal/signal/hub.go:65: [Signal] client connected: 33
2026/05/28 00:28:53.962476 /Users/noelorin/GOSpeak/packages/server/internal/signal/hub.go:65: [Signal] client connected: 33
2026/05/28 00:28:53.963551 /Users/noelorin/GOSpeak/packages/server/internal/signal/hub.go:85: [Signal] client disconnected: 33, reason: client namespace disconnect
2026/05/28 00:28:54.768860 /Users/noelorin/GOSpeak/packages/server/internal/signal/hub.go:65: [Signal] client connected: 34
2026/05/28 00:28:54.770827 /Users/noelorin/GOSpeak/packages/server/internal/signal/hub.go:65: [Signal] client connected: 34
2026/05/28 00:28:54.771821 /Users/noelorin/GOSpeak/packages/server/internal/signal/hub.go:85: [Signal] client disconnected: 34, reason: client namespace disconnect
2026/05/28 00:28:55.339036 /Users/noelorin/GOSpeak/packages/server/internal/signal/hub.go:65: [Signal] client connected: 35
2026/05/28 00:28:55.341448 /Users/noelorin/GOSpeak/packages/server/internal/signal/hub.go:65: [Signal] client connected: 35
2026/05/28 00:28:55.342095 /Users/noelorin/GOSpeak/packages/server/internal/signal/hub.go:85: [Signal] client disconnected: 35, reason: client namespace disconnect
2026/05/28 00:28:56.418475 /Users/noelorin/GOSpeak/packages/server/internal/signal/hub.go:65: [Signal] client connected: 36
2026/05/28 00:28:56.420653 /Users/noelorin/GOSpeak/packages/server/internal/signal/hub.go:65: [Signal] client connected: 36
2026/05/28 00:28:56.421455 /Users/noelorin/GOSpeak/packages/server/internal/signal/hub.go:85: [Signal] client disconnected: 36, reason: client namespace disconnect
2026/05/28 00:28:57.393771 /Users/noelorin/GOSpeak/packages/server/internal/signal/hub.go:65: [Signal] client connected: 37
2026/05/28 00:28:57.395923 /Users/noelorin/GOSpeak/packages/server/internal/signal/hub.go:65: [Signal] client connected: 37
2026/05/28 00:28:57.396861 /Users/noelorin/GOSpeak/packages/server/internal/signal/hub.go:85: [Signal] client disconnected: 37, reason: client namespace disconnect
2026/05/28 00:28:58.577019 /Users/noelorin/GOSpeak/packages/server/internal/signal/hub.go:65: [Signal] client connected: 38
2026/05/28 00:28:58.578023 /Users/noelorin/GOSpeak/packages/server/internal/signal/hub.go:65: [Signal] client connected: 38
2026/05/28 00:28:58.578397 /Users/noelorin/GOSpeak/packages/server/internal/signal/hub.go:85: [Signal] client disconnected: 38, reason: client namespace disconnect
2026/05/28 00:28:59.754334 /Users/noelorin/GOSpeak/packages/server/internal/signal/hub.go:65: [Signal] client connected: 39
2026/05/28 00:28:59.755967 /Users/noelorin/GOSpeak/packages/server/internal/signal/hub.go:65: [Signal] client connected: 39
2026/05/28 00:28:59.758167 /Users/noelorin/GOSpeak/packages/server/internal/signal/hub.go:85: [Signal] client disconnected: 39, reason: client namespace disconnect
2026/05/28 00:29:00.453633 /Users/noelorin/GOSpeak/packages/server/internal/signal/hub.go:65: [Signal] client connected: 3a
2026/05/28 00:29:00.455257 /Users/noelorin/GOSpeak/packages/server/internal/signal/hub.go:65: [Signal] client connected: 3a
2026/05/28 00:29:00.455722 /Users/noelorin/GOSpeak/packages/server/internal/signal/hub.go:85: [Signal] client disconnected: 3a, reason: client namespace disconnect
2026/05/28 00:29:01.251223 /Users/noelorin/GOSpeak/packages/server/internal/signal/hub.go:65: [Signal] client connected: 3b
2026/05/28 00:29:01.253212 /Users/noelorin/GOSpeak/packages/server/internal/signal/hub.go:65: [Signal] client connected: 3b
2026/05/28 00:29:01.254515 /Users/noelorin/GOSpeak/packages/server/internal/signal/hub.go:85: [Signal] client disconnected: 3b, reason: client namespace disconnect
2026/05/28 00:29:01.950298 /Users/noelorin/GOSpeak/packages/server/internal/signal/hub.go:65: [Signal] client connected: 3c
2026/05/28 00:29:01.952842 /Users/noelorin/GOSpeak/packages/server/internal/signal/hub.go:65: [Signal] client connected: 3c
2026/05/28 00:29:01.953881 /Users/noelorin/GOSpeak/packages/server/internal/signal/hub.go:85: [Signal] client disconnected: 3c, reason: client namespace disconnect
2026/05/28 00:29:02.723367 /Users/noelorin/GOSpeak/packages/server/internal/signal/hub.go:65: [Signal] client connected: 3d
2026/05/28 00:29:02.725029 /Users/noelorin/GOSpeak/packages/server/internal/signal/hub.go:65: [Signal] client connected: 3d
2026/05/28 00:29:02.725634 /Users/noelorin/GOSpeak/packages/server/internal/signal/hub.go:85: [Signal] client disconnected: 3d, reason: client namespace disconnect
2026/05/28 00:29:03.426187 /Users/noelorin/GOSpeak/packages/server/internal/signal/hub.go:65: [Signal] client connected: 3e
2026/05/28 00:29:03.427633 /Users/noelorin/GOSpeak/packages/server/internal/signal/hub.go:65: [Signal] client connected: 3e
2026/05/28 00:29:03.428063 /Users/noelorin/GOSpeak/packages/server/internal/signal/hub.go:85: [Signal] client disconnected: 3e, reason: client namespace disconnect
2026/05/28 00:29:04.511140 /Users/noelorin/GOSpeak/packages/server/internal/signal/hub.go:65: [Signal] client connected: 3f
2026/05/28 00:29:04.512658 /Users/noelorin/GOSpeak/packages/server/internal/signal/hub.go:65: [Signal] client connected: 3f
2026/05/28 00:29:04.513151 /Users/noelorin/GOSpeak/packages/server/internal/signal/hub.go:85: [Signal] client disconnected: 3f, reason: client namespace disconnect
2026/05/28 00:29:05.801010 /Users/noelorin/GOSpeak/packages/server/internal/signal/hub.go:65: [Signal] client connected: 3g
2026/05/28 00:29:05.802918 /Users/noelorin/GOSpeak/packages/server/internal/signal/hub.go:65: [Signal] client connected: 3g
2026/05/28 00:29:05.803815 /Users/noelorin/GOSpeak/packages/server/internal/signal/hub.go:85: [Signal] client disconnected: 3g, reason: client namespace disconnect
2026/05/28 00:29:06.560975 /Users/noelorin/GOSpeak/packages/server/internal/signal/hub.go:65: [Signal] client connected: 3h
2026/05/28 00:29:06.562584 /Users/noelorin/GOSpeak/packages/server/internal/signal/hub.go:65: [Signal] client connected: 3h
2026/05/28 00:29:06.563027 /Users/noelorin/GOSpeak/packages/server/internal/signal/hub.go:85: [Signal] client disconnected: 3h, reason: client namespace disconnect
2026/05/28 00:29:07.650826 /Users/noelorin/GOSpeak/packages/server/internal/signal/hub.go:65: [Signal] client connected: 3i
2026/05/28 00:29:07.653276 /Users/noelorin/GOSpeak/packages/server/internal/signal/hub.go:65: [Signal] client connected: 3i
2026/05/28 00:29:07.654510 /Users/noelorin/GOSpeak/packages/server/internal/signal/hub.go:85: [Signal] client disconnected: 3i, reason: client namespace disconnect
2026/05/28 00:29:08.827843 /Users/noelorin/GOSpeak/packages/server/internal/signal/hub.go:65: [Signal] client connected: 3j
2026/05/28 00:29:08.829318 /Users/noelorin/GOSpeak/packages/server/internal/signal/hub.go:65: [Signal] client connected: 3j
2026/05/28 00:29:08.830164 /Users/noelorin/GOSpeak/packages/server/internal/signal/hub.go:85: [Signal] client disconnected: 3j, reason: client namespace disconnect
2026/05/28 00:29:09.888223 /Users/noelorin/GOSpeak/packages/server/internal/signal/hub.go:65: [Signal] client connected: 3k
2026/05/28 00:29:09.891594 /Users/noelorin/GOSpeak/packages/server/internal/signal/hub.go:65: [Signal] client connected: 3k
2026/05/28 00:29:09.892661 /Users/noelorin/GOSpeak/packages/server/internal/signal/hub.go:85: [Signal] client disconnected: 3k, reason: client namespace disconnect
2026/05/28 00:29:10.993904 /Users/noelorin/GOSpeak/packages/server/internal/signal/hub.go:65: [Signal] client connected: 3l
2026/05/28 00:29:10.995682 /Users/noelorin/GOSpeak/packages/server/internal/signal/hub.go:65: [Signal] client connected: 3l
2026/05/28 00:29:10.996264 /Users/noelorin/GOSpeak/packages/server/internal/signal/hub.go:85: [Signal] client disconnected: 3l, reason: client namespace disconnect
2026/05/28 00:29:11.870601 /Users/noelorin/GOSpeak/packages/server/internal/signal/hub.go:65: [Signal] client connected: 3m
2026/05/28 00:29:11.873984 /Users/noelorin/GOSpeak/packages/server/internal/signal/hub.go:65: [Signal] client connected: 3m
2026/05/28 00:29:11.874908 /Users/noelorin/GOSpeak/packages/server/internal/signal/hub.go:85: [Signal] client disconnected: 3m, reason: client namespace disconnect
2026/05/28 00:29:13.032923 /Users/noelorin/GOSpeak/packages/server/internal/signal/hub.go:65: [Signal] client connected: 3n
2026/05/28 00:29:13.034465 /Users/noelorin/GOSpeak/packages/server/internal/signal/hub.go:65: [Signal] client connected: 3n
2026/05/28 00:29:13.035030 /Users/noelorin/GOSpeak/packages/server/internal/signal/hub.go:85: [Signal] client disconnected: 3n, reason: client namespace disconnect
2026/05/28 00:29:13.721661 /Users/noelorin/GOSpeak/packages/server/internal/signal/hub.go:65: [Signal] client connected: 3o
2026/05/28 00:29:13.723958 /Users/noelorin/GOSpeak/packages/server/internal/signal/hub.go:65: [Signal] client connected: 3o
2026/05/28 00:29:13.725123 /Users/noelorin/GOSpeak/packages/server/internal/signal/hub.go:85: [Signal] client disconnected: 3o, reason: client namespace disconnect
2026/05/28 00:29:14.327394 /Users/noelorin/GOSpeak/packages/server/internal/signal/hub.go:65: [Signal] client connected: 3p
2026/05/28 00:29:14.329414 /Users/noelorin/GOSpeak/packages/server/internal/signal/hub.go:65: [Signal] client connected: 3p
2026/05/28 00:29:14.331025 /Users/noelorin/GOSpeak/packages/server/internal/signal/hub.go:85: [Signal] client disconnected: 3p, reason: client namespace disconnect
2026/05/28 00:29:15.112515 /Users/noelorin/GOSpeak/packages/server/internal/signal/hub.go:65: [Signal] client connected: 3q
2026/05/28 00:29:15.114366 /Users/noelorin/GOSpeak/packages/server/internal/signal/hub.go:65: [Signal] client connected: 3q
2026/05/28 00:29:15.115067 /Users/noelorin/GOSpeak/packages/server/internal/signal/hub.go:85: [Signal] client disconnected: 3q, reason: client namespace disconnect
2026/05/28 00:29:16.200377 /Users/noelorin/GOSpeak/packages/server/internal/signal/hub.go:65: [Signal] client connected: 3r
2026/05/28 00:29:16.202186 /Users/noelorin/GOSpeak/packages/server/internal/signal/hub.go:65: [Signal] client connected: 3r
2026/05/28 00:29:16.203213 /Users/noelorin/GOSpeak/packages/server/internal/signal/hub.go:85: [Signal] client disconnected: 3r, reason: client namespace disconnect
2026/05/28 00:29:17.001473 /Users/noelorin/GOSpeak/packages/server/internal/signal/hub.go:65: [Signal] client connected: 3s
2026/05/28 00:29:17.002923 /Users/noelorin/GOSpeak/packages/server/internal/signal/hub.go:65: [Signal] client connected: 3s
2026/05/28 00:29:17.003466 /Users/noelorin/GOSpeak/packages/server/internal/signal/hub.go:85: [Signal] client disconnected: 3s, reason: client namespace disconnect
2026/05/28 00:29:18.494891 /Users/noelorin/GOSpeak/packages/server/internal/signal/hub.go:65: [Signal] client connected: 3t
2026/05/28 00:29:18.496593 /Users/noelorin/GOSpeak/packages/server/internal/signal/hub.go:65: [Signal] client connected: 3t
2026/05/28 00:29:18.497126 /Users/noelorin/GOSpeak/packages/server/internal/signal/hub.go:85: [Signal] client disconnected: 3t, reason: client namespace disconnect
2026/05/28 00:29:19.171079 /Users/noelorin/GOSpeak/packages/server/internal/signal/hub.go:65: [Signal] client connected: 3u
2026/05/28 00:29:19.174896 /Users/noelorin/GOSpeak/packages/server/internal/signal/hub.go:65: [Signal] client connected: 3u
2026/05/28 00:29:19.175568 /Users/noelorin/GOSpeak/packages/server/internal/signal/hub.go:85: [Signal] client disconnected: 3u, reason: client namespace disconnect
2026/05/28 00:29:20.347319 /Users/noelorin/GOSpeak/packages/server/internal/signal/hub.go:65: [Signal] client connected: 3v
2026/05/28 00:29:20.349648 /Users/noelorin/GOSpeak/packages/server/internal/signal/hub.go:65: [Signal] client connected: 3v
2026/05/28 00:29:20.351177 /Users/noelorin/GOSpeak/packages/server/internal/signal/hub.go:85: [Signal] client disconnected: 3v, reason: client namespace disconnect
2026/05/28 00:29:21.709493 /Users/noelorin/GOSpeak/packages/server/internal/signal/hub.go:65: [Signal] client connected: 3w
2026/05/28 00:29:21.711489 /Users/noelorin/GOSpeak/packages/server/internal/signal/hub.go:65: [Signal] client connected: 3w
2026/05/28 00:29:21.712340 /Users/noelorin/GOSpeak/packages/server/internal/signal/hub.go:85: [Signal] client disconnected: 3w, reason: client namespace disconnect
2026/05/28 00:29:22.482998 /Users/noelorin/GOSpeak/packages/server/internal/signal/hub.go:65: [Signal] client connected: 3x
2026/05/28 00:29:22.485711 /Users/noelorin/GOSpeak/packages/server/internal/signal/hub.go:65: [Signal] client connected: 3x
2026/05/28 00:29:22.486864 /Users/noelorin/GOSpeak/packages/server/internal/signal/hub.go:85: [Signal] client disconnected: 3x, reason: client namespace disconnect
2026/05/28 00:29:23.991597 /Users/noelorin/GOSpeak/packages/server/internal/signal/hub.go:65: [Signal] client connected: 3y
2026/05/28 00:29:23.993737 /Users/noelorin/GOSpeak/packages/server/internal/signal/hub.go:65: [Signal] client connected: 3y
2026/05/28 00:29:23.994354 /Users/noelorin/GOSpeak/packages/server/internal/signal/hub.go:85: [Signal] client disconnected: 3y, reason: client namespace disconnect
2026/05/28 00:29:25.260241 /Users/noelorin/GOSpeak/packages/server/internal/signal/hub.go:65: [Signal] client connected: 3z
2026/05/28 00:29:25.262411 /Users/noelorin/GOSpeak/packages/server/internal/signal/hub.go:65: [Signal] client connected: 3z
2026/05/28 00:29:25.262878 /Users/noelorin/GOSpeak/packages/server/internal/signal/hub.go:85: [Signal] client disconnected: 3z, reason: client namespace disconnect
